uuid,ext,gender,category_group,category,style,color,season,material,description
24a30b5e-134e-5f3c-9018-56ff6754f501,jpg,male,outerwear,jacket,classic,darkslategray with red accents and black details,all-seasons,leather,"this darkslategray leather jacket features a bold red accent on its front and contrasting black turtle neck collars. the sleek and modern design offers both style and functionality. its classy appearance makes it versatile enough for various occasions, from casual evenings to more formal settings. the deep gray base provides a sophisticated backdrop while the bright red detailing adds a touch of energy and excitement. paired with dark pants or jeans, this jacket can create a chic and polished look. it also works well when paired with a solid-colored shirt underneath, showcasing the vibrant red accent in full effect."
67cf2a2c-c10b-50a0-8d5a-f8f2cbacf4b0,jpg,male,top,sweater,classic,black with navy and white accents,all-seasons,wool blend,"this classic black sweater features elegant navy and white accents, showcasing both sophistication and understated elegance. the white collar and trim provide a touch of refinement, while the dark base adds a timeless appeal. it has a cozy, relaxed fit that allows for ease of movement while maintaining a polished appearance. this versatile piece can be worn casually during the day with jeans and chinos, or paired with dress pants for a more formal setting. its all-seasons versatility makes it ideal for transitioning between autumn and winter months, providing warmth and style regardless of the weather."
0611c699-d5f6-5bed-bbc0-8381a5d9b1f8,jpg,male,outerwear,suit,classic,darkslategray with blue and red plaid,all-seasons,wool,"this darkslategray suit features a bold blue and red plaid pattern that adds sophistication and flair to any ensemble. the classic style and traditional cut provide a timeless appeal suitable for both formal and semi-formal occasions. the fabric is made from high-quality wool, ensuring comfort and durability throughout various seasons. this suit pairs effortlessly with a crisp blue button-down shirt, creating a sharp and elegant look. it can also be worn with a cream-colored oxford shirt for a more understated yet sophisticated appearance. the plaid design allows for versatility in matching accessories such as ties, scarves, and belts, offering endless possibilities for personalization. whether attending a business meeting, wedding, or special event, this suit will create a confident and polished impression."
2aeeaa0a-f366-5c09-bd52-4add6b5d33ad,jpg,male,outerwear,jacket,classic,dimgray,winter,fabric,"this dimgray men's winter jacket features a cozy and classic design with a hood that adds warmth and comfort during cold weather. made from durable fabric, it provides excellent insulation against chilly temperatures while maintaining breathability. the sleek silhouette showcases clean lines and minimal detailing, making it versatile enough for both casual and semi-formal occasions. its zipper closure ensures ease of use, while the hood keeps the head warm and protected from wind and rain. this jacket pairs well with jeans, pants, or trousers for a polished look, as well as layering under heavier outerwear when needed. it can also be worn on its own over a simple tee or sweater for a casual vibe."
1d4c1eb4-a598-5fb3-b3e0-08e859e69c55,jpg,male,outerwear,jacket,casual,gray,all-seasons,fabric,"this gray jacket with a hood and hoodie style offers a cozy and casual vibe. it features a soft fabric construction that provides comfort while maintaining warmth. the hood adds versatility, allowing you to wear it both as a standalone piece or paired with a shirt underneath. its relaxed fit ensures ease of movement and accommodates layering options. this jacket pairs well with jeans, sweaters, and tees, making it ideal for everyday wear during autumn and winter months. it creates a laid-back yet stylish impression, perfect for casual outings, chilling at home, or even light outdoor activities."
65f494aa-a7c3-53de-8686-1268eb8b8d5b,jpg,male,outerwear,jacket,outdoor,dimgray,winter,fabric with synthetic insulation,"this dimgray the north face down jacket is an excellent choice for outdoor activities during winter. its sleek and modern design offers comfort and functionality in cold weather conditions. made from durable fabric with synthetic insulation, it provides warmth while maintaining breathability. the jacket features adjustable cuffs and hems, ensuring a secure fit and preventing cold air from entering. it also includes zippered pockets for storing essentials like gloves or phones. this jacket pairs well with casual outfits such as jeans and boots, making it versatile enough for everyday wear or weekend adventures. for a more polished look, pair it with chinos and loafers for a smart-casual ensemble."
d77c78b5-a6cd-557c-b6f2-221673c7c08e,jpg,male,outerwear,jacket,casual,darkslategray with black accents,winter,down,"this darkslategray men's down jacket with a hood offers a casual yet stylish look during cold winter days. the jacket features a cozy hood and hoodie design that provides warmth and comfort while maintaining a modern aesthetic. its down insulation ensures exceptional thermal performance, keeping you warm even in chilly conditions. the darkslategray exterior with subtle black accents adds a touch of sophistication and contrast, making it versatile enough for both casual outings and everyday wear. this jacket can be paired with jeans, sweatpants, or trousers for a relaxed street style outfit. it can also be worn under a heavier coat for added protection against extreme weather. its lightweight construction allows for easy layering, allowing versatility in various settings."
67b040d3-2d7e-557f-bd32-bf482f62694c,jpg,male,bottom,pants,casual,dark gray,all-seasons,cotton,"these dark gray sweat pants feature a classic design with a drawstring waist and cuffs. the lightweight fabric provides comfort while allowing freedom of movement. they have a relaxed fit that hugs the body gently but doesn't restrict mobility. these pants are perfect for everyday casual wear such as running errands, lounging at home, or hanging out with friends. they pair well with a variety of tops like t-shirts, hoodies, or button-down shirts. their neutral shade makes them versatile enough to complement almost any outfit in your wardrobe."
04b15570-7a03-53c4-a2f8-0e0a7a8b98bf,jpg,male,footwear,sneaker,casual,gray with white sheet,all-seasons,sued,"these sleek gray sued slip-on shoes feature a minimalist design with a subtle white sheet detail running along the upper, creating a sophisticated yet understated look. the sued material offers a luxurious feel and a soft touch that enhances comfort during wear. ideal for casual everyday use, these shoes pair effortlessly with jeans, chinos, or even smart-casual ensembles. they provide excellent breathability and durability, making them suitable for various occasions throughout the year."
d4f29580-b36f-552a-90b1-c0a87a72d798,jpg,male,top,sweatshirt,casual,white with silver accents,all-seasons,fabric,"this silver-white sweatshirt features a long-sleeve design with a round neck, offering comfort and style. the white base provides a clean canvas for subtle silver detailing that adds sophistication and modern flair. it has a relaxed fit with a slightly cropped length, making it versatile for layering under jackets or wearing alone. ideal for casual weekends or everyday wear, it pairs well with skinny jeans, chinos, or cargo pants. its lightweight fabric ensures breathability and ease during active days while maintaining warmth in cooler weather."
7d4ff9a1-e9fb-5cdf-b48a-fcc9ffdb1c29,jpg,male,footwear,boots,classic,darkslategray with black accents,all-seasons,leather,"these darkslategray timber black boots for men are crafted from high-quality leather, offering durability and comfort. the classic style features a sophisticated dark gray base with subtle black accents, making them versatile enough for both formal and casual occasions. with a smooth texture and clean lines, these boots boast a timeless appeal that pairs well with various outfits. they are suitable for all seasons, providing excellent traction and warmth during autumn and winter months while remaining stylish in spring and summer as well. these boots are perfect for creating polished looks when paired with chinos, trousers, or jeans, showcasing their ability to elevate any outfit."
aa217a2a-b237-52f9-8a20-f621cc2559c0,jpg,male,bottom,shorts,casual,purple and yellow,summer,cotton,"these sienna the lakers shorts feature a bold combination of purple and yellow hues, creating a vibrant and eye-catching appearance. made from soft and breathable cotton fabric, these shorts offer comfort and durability during active days. with a classic fit and lightweight construction, they are perfect for casual outings, beach trips, or weekend relaxation. these shorts can easily be paired with a variety of tops such as t-shirts, polo shirts, or tank tops. they also complement a wide range of accessories like sandals, flip-flops, or canvas shoes. their versatile design allows them to blend seamlessly into both sporty and laid-back ensembles."
78b62585-fe75-5e60-b811-c21d7308f3bc,jpg,male,top,shirt,casual,darkslategray with contrasting stripes,all-seasons,cotton,"this darkslategray shirt features a subtle yet elegant contrasting stripe design that adds sophistication and depth to its appearance. the fabric is made from high-quality cotton, ensuring comfort and durability throughout various occasions. its casual style makes it versatile enough to pair with both formal and informal outfits. the shirt's classic fit provides a comfortable and relaxed look while maintaining elegance. it can be worn alone as a statement piece or paired with jeans, chinos, or trousers for a smart-casual ensemble. additionally, it pairs well with khakis or dark slacks for more formal settings. the contrasting stripe detail enhances the visual appeal and creates a stylish finish."
317c78f9-2fb0-5ff0-a3f2-ac3c18e0c424,jpg,male,top,shirt,classic,dark gray with denim details,all-seasons,denim,"this dark gray denim shirt features a classic button-down front design, offering a timeless and versatile style. the lightweight yet durable denim fabric provides comfort while maintaining a polished appearance. its dark gray shade pairs well with both casual and formal attire, making it suitable for various occasions. the crisp button-down collar and chest pocket detail add sophistication and structure to the overall look. this shirt can be worn alone under a suit jacket for a smart-casual ensemble or paired with jeans and a blazer for a more relaxed yet refined outfit. it also works perfectly as part of a weekend getaway or travel outfit due to its practicality and durability."
917a1662-f375-5512-8c57-994ae14adb13,jpg,male,footwear,sneaker,casual,beige with rosybrown accents,all-seasons,suédine,"these elegant rosybrown and beige suédine casual sneakers feature a sophisticated and understated design that pairs well with both formal and informal outfits. the soft suédine upper offers comfort and durability while maintaining a chic appearance. the clean lines and minimalist detailing create a timeless look that compliments a variety of styles. these shoes can easily transition from everyday wear to weekend activities. they pair effortlessly with jeans, shorts, trousers, and even smart-casual ensembles. their lightweight construction makes them ideal for daily commutes or leisurely walks."
921d2936-a933-5ee6-91f9-90b8a1538490,jpg,male,bottom,pants,classic,dimgray with green checks,all-seasons,cotton,"these elegant gray-green checked trousers feature a sophisticated classic style that compliments both formal and casual settings. the subtle drab-gray base with vibrant emerald green checks create a visually appealing contrast. this piece has a slim fit through the leg, ensuring a tailored look while maintaining comfort. it features flat front styling and a regular rise, making it versatile enough for various occasions. pair these pants with a crisp button-down shirt and loafers for a business setting, or combine them with a casual polo and slip-on shoes for a more relaxed vibe. they also work well as part of a weekend ensemble paired with a lightweight sweater and chukka boots."
422a741e-83cc-586d-9fbf-9f1777e393ad,jpg,male,footwear,boot,classic,dimgray with tau sued accents,all-seasons,leather,"these dimgray chelsea boots feature a classic design with subtle tau sued accents that add texture and sophistication. the boot has a mid-height shaft, offering both comfort and style. its elegant shape and refined silhouette make it versatile enough for everyday wear while still being suitable for more formal occasions. the leather material provides durability and a luxurious feel, making these boots perfect for various weather conditions. pair them with skinny jeans and a casual shirt for a chic look during autumn or winter, or opt for dress pants and a smart jacket for a business-casual vibe."
973e31d1-47f7-5f01-97ff-f893cfce5c59,jpg,male,outerwear,jacket,classic,dark olive green with black and brown accents,all-seasons,leather with sheepskin and shearl,"this dark olive green leather jacket features a distinctive design with both a sheepskin collar and a brown shearl collar, showcasing a classic and understated elegance. the leather provides durability and a premium feel, while the contrasting sheepskin and shearl accents add warmth and texture. its classic style makes it versatile enough for various occasions, from casual weekend outings to more formal events. it pairs well with jeans and a tee for a relaxed look, or can be dressed up with a button-down shirt and dress pants for a business-casual vibe. this jacket also complements a variety of accessories such as belts, scarves, and boots."
42a83c4f-db46-52c7-8cdf-8b08a4475bec,jpg,male,footwear,sneakers,casual,dark olive green with black and white accents,all-seasons,synthetic leather and fabric,"these nike air force low shoes feature a dark olive green upper with striking black and white accents. the shoe has a modern, minimalist design with clean lines and smooth surfaces. the upper is constructed from synthetic leather and breathable fabric, providing comfort and durability. the iconic nike swoosh logo is placed prominently on both sides of the shoe. these shoes are versatile and can be paired with various outfits. for casual looks, they pair well with skinny jeans, chinos, or cargo pants. they also work great with tracksuits, hoodies, and sweatshirts for a sporty vibe. additionally, these shoes can be styled with dressier ensembles by pairing them with tailored trousers or slim-fit suits for a more formal look."
7f12c88b-1b73-54d4-8ac6-301ccd15a8cb,jpg,male,footwear,sneaker,athletic,darkslategray,all-seasons,leather,"these darkslate gray new balance 576 shoes embody timeless athletic style and functionality. crafted from high-quality leather, these kicks feature durable and water-resistant uppers that provide both comfort and protection. the iconic new balance logo is prominently displayed on the side, while the sleek design ensures a modern and versatile look suitable for various occasions. these shoes offer exceptional support and cushioning, making them ideal for daily wear, casual outings, or light workouts. their clean lines and understated appearance make them perfect for pairing with jeans, chinos, or even shorts during warmer months. for those seeking a stylish yet practical pair of sneakers, the darkslate gray new balance 576 delivers."
8cca148d-e254-5ed8-bd1c-419a16813a9c,jpg,male,top,polo shirt,classic,darkslategray with white accents,all-seasons,cotton,"this darkslategray polo shirt features a classic style with a smartly tailored fit and a button-down collar that adds elegance. the subtle contrast of white on the collar gives it a sophisticated touch. made from high-quality cotton, it offers comfort and breathability suitable for both casual and semi-formal occasions. it pairs well with khakis, chinos, or even dress pants for a business-casual look. for layering options, consider pairing it under a lightweight cardigan or blazer during autumn or winter. its timeless design makes it versatile enough to transition effortlessly between seasons."
85321334-b48c-5993-b11c-fcaeb319c7bc,jpg,male,suit,suit,classic,darkslategray with black and red,all-seasons,wool blend,"this darkslategray suit exudes sophistication and elegance. the fabric is made from a high-quality wool blend that provides both comfort and durability. the classic two-button design showcases a modern yet timeless style, perfect for both formal occasions and business meetings. paired with a sharp red tie, this ensemble delivers a striking contrast between the deep gray tone and vibrant crimson. the tailored fit ensures a clean-cut appearance, accentuating the wearer's physique while maintaining a polished demeanor. this suit can be effortlessly paired with a crisp white button-down shirt and black shoes for a polished look suitable for both daytime and evening events."
aacaa939-6e83-5379-b7e2-9ba21e05995e,jpg,male,bottom,trousers,classic,gray,all-seasons,wool,"these classic gray wool trousers offer a sophisticated and refined look that compliments both formal and casual occasions. crafted from high-quality wool fabric, these trousers feature a straight leg design with slight tapering at the bottom, providing a flattering fit. the trousers have a mid-rise waistband and a modern silhouette that accentuates the wearer's figure while maintaining a timeless appeal. with its subtle texture and natural warmth, this wool fabric provides excellent insulation during colder months, making them suitable for autumn and winter seasons. these trousers can be paired with a button-down shirt and blazer for a smart business attire ensemble, or worn casually with a plain t-shirt and a blazer for a more relaxed yet elegant appearance."
93046355-e9d2-5695-b094-41deaefead9c,jpg,male,footwear,sneakers,casual,dimgray with black and white accents,all-seasons,leather,"these dimgray sneakers feature elegant black and white accents that add sophistication and contrast. the sleek, smooth leather upper provides comfort and durability while maintaining a classic look. the design showcases a clean-cut silhouette with minimalistic detailing, perfect for everyday wear. these shoes can effortlessly transition from casual weekend outings to more formal occasions when paired with smart-casual attire. match them with jeans, chinos, or even tailored trousers for a polished yet relaxed vibe. their understated style makes them versatile enough to complement both simple and complex outfits."
2498a8fe-3f42-50dd-92e7-6289b2955a17,jpg,male,bottom,swimwear,casual,darkslategray navy blue,summer,polyester,"these darkslategray navy blue swim shorts feature a sleek and modern design, offering comfort and style while swimming or lounging by the pool or beach. made from high-quality polyester fabric, these shorts provide durability and quick-drying properties. the shorts have a classic cut, ensuring they fit snugly yet comfortably around the waist and legs. they boast a simple but elegant appearance, allowing them to blend seamlessly into various casual summer outfits. these shorts can be paired with a variety of tops such as tank tops, t-shirts, or even hoodies for a laid-back vibe. their vibrant darkslategray navy blue color adds a pop of style to any outfit, making them perfect for both everyday wear and special occasions at the waterfront."
86c617fb-f34f-5aee-875c-dc063476f4af,jpg,male,outerwear,cardigan,classic,darkslategray with white accents,all-seasons,wool,"this darkslategray cardigan sweater features a classic style with a subtle navy tone that enhances its sophistication. it has a white collar which adds a smart touch, making it versatile for both formal and casual occasions. the fabric is made from high-quality wool, ensuring comfort and warmth throughout various seasons. its elegant cut and silhouette create a refined appearance suitable for office settings or more informal gatherings. this cardigan can easily be paired with chinos, trousers, or jeans for a polished look. for layering options, it pairs well with a crisp button-down shirt underneath, showcasing the white collar as an accent. alternatively, it could also be worn over a plain tee and jeans for a relaxed yet sophisticated vibe."
0d811377-97d5-5de3-b515-e3aec4a61b19,jpg,male,outerwear,jacket,classic,darkslategray with black and white plaid,all-seasons,wool blend,"this darkslategray wool blend jacket features a striking black and white herringbone plaid pattern that evokes both sophistication and understated elegance. the jacket has a classic fit with a slightly structured shoulder and tailored lines, offering a contemporary yet timeless appeal. its turtle neck interior adds warmth and style, making it versatile enough for layering during colder months. this piece is perfect for creating sophisticated outfits, pairing well with dark pants, skinny jeans, or even dress trousers. it also works seamlessly in formal settings such as business meetings or social gatherings, providing a polished appearance."
514a67a5-18e3-5fff-b97b-cec7b2e7c684,jpg,male,footwear,sneakers,casual,dark gray with white and brown,all-seasons,leather,"these dark gray sneakers feature a clean, understated aesthetic with a classic design that emphasizes simplicity and elegance. the main body is made from high-quality leather in a deep shade of gray, providing a sophisticated appearance. the contrasting white upper accents add a touch of brightness and freshness, making them versatile enough for both casual and semi-formal occasions. the brown soles provide durability and traction while also blending seamlessly with various outfits. these shoes are perfect for pairing with jeans, chinos, or even dress pants for a polished look. they offer comfort and style, making them ideal for everyday wear."
cc28c56b-aa2d-5007-bb09-8ce119d598d0,jpg,male,outerwear,jacket,classic,darkslategray with brown and green accents,all-seasons,leather,"this elegant darkslategray jacket features subtle brown and green accents that add depth and sophistication. crafted from premium leather, it offers both durability and style. the classic design includes a structured silhouette with shoulder pads, creating a tailored appearance. it has a mid-length cut, which makes it versatile for various occasions. this jacket pairs well with casual pants or trousers for a smart-casual look, while also being suitable for formal events when paired with dress slacks or chinos. its understated yet sophisticated detailing allows it to blend effortlessly into any outfit, making it an essential piece in your wardrobe."
2fcef71e-0c88-5472-81a7-9e81f36cef4d,jpg,male,bottom,trousers,casual,gray,all-seasons,stretch,"these gray cropped trousers are crafted from a high-quality stretch fabric that offers exceptional comfort and flexibility. the cropped design accentuates the legs while providing a modern and trendy look. with its relaxed fit and elastic waistband, these trousers ensure a perfect balance between style and functionality. they are ideal for casual occasions such as weekend outings, brunch dates, or even informal office settings. pair them with a button-down shirt for a polished yet casual ensemble, or opt for a simple t-shirt and a blazer for a more sophisticated vibe. the cropped length adds a contemporary touch, making them versatile enough to pair with a variety of shoes, from loafers to chukka boots."
cb5d3ceb-39ca-52e3-89fb-87b2d527cc13,jpg,male,bottom,shorts,casual,dark gray with blue accents,summer,cotton,"these dark gray shorts feature subtle blue accents that add a touch of sophistication to their casual aesthetic. the fabric is made from high-quality cotton, ensuring comfort and breathability during warm weather. with its relaxed fit and slightly tapered leg, these shorts create a modern and stylish look. they are perfect for everyday wear, especially when paired with a simple t-shirt or button-down shirt. these shorts also go well with sandals or slip-on shoes, making them versatile for both formal and informal occasions."
385534c0-51b8-509a-859f-6bff6cdeb3cc,jpg,male,top,t-shirt,casual,dimgray with white logo,all-seasons,cotton,"this dimgray t-shirt features a simple yet elegant design with a white logo prominently displayed on the front. the fabric is made from high-quality cotton, ensuring comfort and breathability throughout the day. its casual style makes it perfect for everyday wear, whether paired with jeans and chinos for a relaxed look, or under a suit jacket for a smart-casual ensemble. the drab gray hue offers versatility in matching with various bottoms and accessories, allowing for easy styling options. this t-shirt exudes effortless sophistication while remaining approachable and versatile."
152f95f5-d51b-5d0a-9b9f-fb97847498aa,jpg,male,top,shirt,classic,rosybrown with white accents,all-seasons,cotton,"this rosybrown shirt features a classic design with a white collar, providing a subtle yet sophisticated touch. the blend of rosybrown and white creates a harmonious and elegant appearance. made from high-quality cotton, it offers comfort and breathability suitable for both casual and formal occasions. its versatile nature allows it to be paired with various bottoms such as chinos, jeans, or trousers. for business settings, it pairs well with slacks and a tie, while in more relaxed environments, it complements casual pants or khakis. this shirt's understated elegance makes it an ideal addition to any man's wardrobe."
91e4e343-a4a7-5257-8c15-37cd442782d6,jpg,male,top,sweater,classic,darkslategray with navy accents,all-seasons,wool,"this darkslategray and navy turtle neck sweater showcases a classic design with a timeless appeal. the turtle neck adds sophistication and elegance, providing both comfort and style. made from high-quality wool, this piece offers warmth and durability suitable for various occasions throughout the year. it pairs well with chinos or slacks for a smart casual look during autumn and winter months. additionally, its versatile nature allows it to transition effortlessly into spring by layering under jackets or cardigans. pair it with dark jeans and loafers for a polished yet relaxed ensemble."
c78344a7-4e02-5369-bc70-6c42fa2d543b,jpg,male,bottom,trousers,classic,indianred,all-seasons,woven fabric,"these indian red trousers are classic and elegant. made from durable woven fabric, they offer comfort while maintaining a sophisticated appearance. the deep shade of red adds vibrancy and warmth to any outfit. the straight-cut silhouette provides a clean and refined look that works well with both formal and casual attire. these trousers feature a zip fly with button closure and are designed with a slight taper at the bottom, enhancing their modern appeal. they pair effortlessly with a crisp white shirt for a smart-casual ensemble or complement a tailored suit for a more formal setting. this versatile piece can also be worn with a dark sweater and boots during autumn or winter months."
ec40a13d-5483-56d9-a224-f5d84beca448,jpg,male,top,sweater,casual,gray with green and white stripes,all-seasons,wool blend,"this gray sweater features bold green and white horizontal stripes running throughout its body. the texture is soft and cozy, making it ideal for both casual wear and layering under outerwear during colder months. its slightly oversized fit provides comfort while maintaining a relaxed yet stylish appearance. this piece pairs well with jeans, chinos, or khakis for a versatile outfit that can transition seamlessly from everyday activities to weekend gatherings. the subtle combination of colors allows for easy matching with various bottoms and accessories, enhancing versatility in creating multiple looks."
6ae01081-d23b-53a9-96bf-0398dbcd8dc2,jpg,male,footwear,sneakers,casual,"dark gray with white, green, and yellow",all-seasons,synthetic,"these dark gray sneakers feature a modern design with a clean yet bold combination of white, green, and yellow accents on the upper. the primary material is synthetic, providing durability and comfort while maintaining a sleek appearance. the yellow sole adds a playful touch, making these shoes versatile enough for both casual everyday wear and more stylish outfits. they pair well with jeans, shorts, or even smart-casual attire such as chinos and a button-down shirt. their understated elegance allows them to complement various styles effortlessly."
05e00ba8-34dd-5679-a2c3-26a9bb23f90a,jpg,male,footwear,boot,classic,dark gray with subtle sueding texture,all-seasons,sueded leather,"the dimgray timber boot in grey suede exudes understated elegance and sophistication. crafted from premium suded leather, these boots feature a classic style that effortlessly transitions between casual and formal settings. the dark gray hue with its subtle sueding texture adds depth and character to any outfit. with their medium height and sturdy construction, they provide both comfort and support while maintaining a clean and polished appearance. these boots pair excellently with chinos, jeans, trousers, or dress pants, creating versatile looks suitable for both everyday wear and special occasions. whether worn with smart casual attire or dressed up with tailored suits, the timber boot in grey suede will enhance your ensemble by adding a touch of refinement."
c55778db-98b4-5c4c-ae7f-5b63de74dc83,jpg,male,top,sweater,casual,darkslategray with white and black accents,all-seasons,wool blend,"this darkslategray sweater features a timeless casual style that effortlessly transitions between seasons. it showcases a sophisticated blend of colors, combining deep gray with crisp white and bold black accents. the sweater's pattern includes intricate tree designs, adding a touch of nature-inspired elegance. its cozy wool blend fabric ensures comfort while maintaining warmth during cooler months. this versatile piece pairs well with jeans for a laid-back look or smart trousers for a more polished appearance. its understated design makes it suitable for both everyday wear and special occasions."
ed4c9092-a77c-5319-bdcc-695b5ae0807e,jpg,male,bottom,shorts,casual,dark gray,all-seasons,cotton,"these dark gray casual shorts feature a classic design with a drawstring waist and adjustable drawstrings, allowing for a custom fit. the short length provides a relaxed yet modern look suitable for everyday wear. made from high-quality cotton fabric, these shorts offer comfort and breathability throughout the day. they pair well with t-shirts, polo shirts, or button-down shirts for a laid-back ensemble. additionally, they can be paired with sandals or lightweight shoes for a summery vibe or worn under light jackets during cooler weather."
da598877-575a-5855-99b2-4ef1062265da,jpg,male,bottom,jeans,casual,slategray with white background,all-seasons,denim,"these slategray jeans feature a unique design with a white background, creating a striking contrast that adds visual interest. the cut is slim-fit, offering a modern look while maintaining comfort. the fabric is made from high-quality denim, ensuring durability and softness against the skin. these jeans have a classic straight leg style, which pairs well with both casual and semi-formal outfits. they can be worn with a variety of tops, such as t-shirts, button-down shirts, or sweaters, depending on the occasion. for a more polished appearance, they can be paired with a crisp white shirt and loafers for a smart-casual vibe. alternatively, they can be styled with a graphic tee and sneakers for a relaxed weekend outfit."
65ac2a80-cde3-52ba-a72e-588af1e3716c,jpg,male,top,sweatshirt,casual,dark olive green with white accents,all-seasons,fabric,"this dark olive green sweatshirt features a distinctive white collar and cuffs, adding a subtle touch of contrast. the soft fabric offers comfort and breathability, making it ideal for everyday wear. its casual style makes it suitable for both informal and relaxed settings. it can be paired with jeans, chinos, or khakis for a cozy yet stylish look. the lightweight construction allows for year-round versatility, whether worn in autumn or spring. this sweatshirt's simple design and clean lines make it easy to match with various bottoms and accessories."
da4a35d5-8cb0-5bbe-a1bb-7854ec1ac6d7,jpg,male,footwear,sneakers,casual,dark gray,all-seasons,canvas and rubber,"these vans old skool kids' shoes in dark gray canvas feature classic low-top design with padded collars for comfort. the suede toe and heel patches add texture and style while the vulcanized sole provides durability and grip. these casual kicks are perfect for everyday wear, whether you're cruising around town or heading to school. they pair well with jeans, chinos, shorts, and cargo pants. their versatile nature makes them ideal for both formal and informal settings."
cccaae72-dea3-5bd7-a58f-a6be764078e3,jpg,male,footwear,boots,classic,dark olive green,fall,leather,"these dark olive green boots are perfect for autumn's chilly weather. crafted from high-quality leather, they feature a classic design that adds sophistication and elegance to any outfit. the boots have a medium height and slightly pointed toe, offering a refined silhouette. they boast a sturdy sole for added comfort and support during outdoor activities. with their understated yet striking color, these boots pair effortlessly with casual trousers, jeans, khakis, or even smart-casual suits. whether worn on a cozy autumn evening or a business meeting, these boots will create a polished impression while maintaining a relaxed vibe."
e4b10184-cc96-5933-9a75-3776e4011393,jpg,male,top,shirt,classic,dark gray with stripes,all-seasons,cotton,"this dark gray shirt features a classic button-down collar and long sleeves, providing a timeless and versatile look. the subtle stripes add a touch of sophistication while maintaining a casual vibe. it is made from high-quality cotton fabric, ensuring comfort and durability throughout various occasions. this shirt can be worn casually during weekends paired with jeans and chinos, or dressed up for business meetings or formal events by adding a tie and suit pants. its lightweight yet structured design allows for ease of movement and flexibility in different settings."
cbd70e5d-ff6a-5532-ae99-b4991562d46f,jpg,male,footwear,sneakers,casual,gray with black and white accents,all-seasons,canvas and rubber,"these vans slip-on shoes feature a classic casual style with a timeless design. the gray canvas upper provides a neutral base that pairs effortlessly with various outfits. accented by contrasting black and white panels, these shoes add a playful touch while maintaining sophistication. the soft canvas fabric ensures comfort throughout the day, making them suitable for both formal and informal occasions. the durable rubber sole offers excellent grip and protection against wet surfaces. these shoes are versatile enough to complement both smart-casual ensembles and relaxed looks, creating a balance between style and functionality."
befd12ba-ab94-5316-9c61-3cab2c8d909d,jpg,male,bottom,shorts,casual,tan with beige accents,summer,cotton,"these tan pleated shorts feature a comfortable casual style with beige accents that enhance their aesthetic appeal. made from high-quality cotton fabric, they offer excellent breathability and durability, perfect for warm summer days. the pleats add volume and flair to the design, creating a playful yet sophisticated look. these shorts are versatile and can be paired with various tops such as polo shirts, t-shirts, or button-down shirts. they work well for both everyday wear and casual weekend outings. their relaxed fit ensures comfort throughout the day while showcasing your personal style."
f46eafde-0e86-5b90-a026-c9fa7953ae20,jpg,male,outerwear,jacket,classic,darkslateblue with white accents,all-seasons,knitwear,"this darkslateblue knit jacket features a classic style with a crisp white collar and elegant white trim detailing around the cuffs and hem. the soft, stretchy fabric offers excellent comfort while maintaining its smart appearance. its versatile design makes it suitable for both formal and casual occasions. it pairs well with chinos, slacks, or jeans for a polished look. additionally, it complements neutral tones like navy, gray, or tan, creating a sophisticated ensemble. this jacket exudes elegance and sophistication, perfect for business meetings, dinner dates, or even special events."
43e7e8e4-e1a6-5a9b-a72c-e497bae58a8f,jpg,male,top,sweater,classic,darkslategray,all-seasons,knitwear,"this darkslategray elder rib knit half zip sweater exudes understated sophistication and comfort. crafted from high-quality knitwear, it boasts a soft and supple texture that provides exceptional warmth and flexibility. the classic half-zip design allows for easy adjustment of warmth while maintaining a clean, minimalistic appearance. its elegant rib detailing at the cuffs and hem adds an element of refinement. this versatile piece pairs effortlessly with dress pants for a smart-casual ensemble or casual jeans for weekend wear. it creates a sophisticated yet approachable impression, making it suitable for both office environments and social gatherings."
14bc8967-c32b-59c5-90c7-9fd80875b44e,jpg,male,footwear,shoes,classic,gray with brown sued accents,all-seasons,sued,"these classic gray shoes feature elegant brown sued accents that add depth and sophistication. the soft sued texture provides comfort and durability while maintaining a refined appearance. ideal for both casual and formal occasions, these shoes can effortlessly transition from everyday wear to special events. they pair well with tailored trousers, chinos, or dress pants for a polished look. for maximum style impact, consider pairing them with dark jeans or khakis for a smart-casual vibe."
c009ed85-946f-51ea-8cfe-b19ef1a3bb7b,jpg,male,top,shirt,casual,pink with white accents,all-seasons,cotton,"this pink shirt features a distinctive design with a white button-down front, offering a charming yet sophisticated look. the soft cotton fabric provides comfort while maintaining a crisp appearance. the combination of pink and white creates a visually appealing contrast that enhances both casual and semi-formal settings. it can be paired with jeans for a relaxed weekend outfit or worn under a blazer for a more formal occasion. the buttoned placket adds versatility in terms of closure options, allowing you to either keep it fully closed or partially open to reveal the white underneath. this versatile piece can easily transition from daytime activities to evening events."
a95cd22b-1991-5547-9a40-18d0d361f474,jpg,male,outerwear,jacket,classic,beige with silver detailing,all-seasons,leather,"this beige leather jacket features a subtle silver tone throughout its design, adding a modern touch while maintaining classic elegance. the front boasts a clean and functional button closure, providing both style and practicality. its slightly tailored fit accentuates the wearer's physique, creating a sharp appearance that complements both casual and formal occasions. it pairs well with dress pants or jeans, offering versatility in various settings. the jacket’s understated yet sophisticated demeanor makes it ideal for business meetings, dinner dates, or even special events."
3630a9ef-f798-5d52-b9db-f1702a03a4f3,jpg,male,top,shirt,casual,dimgray,all-seasons,cotton,"this dingy gray shirt features an oversized fit and casual style. the shirt's unique design incorporates multiple overlapping layers, creating a playful and quirky look. with its relaxed vibe, it can effortlessly transition from day-to-night wear. the oversized silhouette offers comfort and versatility, making it ideal for layering under jackets or over slim-fit pants. this piece works well in both formal and informal settings, providing endless styling options. pair it with dark jeans and a blazer for a smart-casual ensemble, or combine it with light-colored trousers and a simple necktie for a more polished look."
0186d767-8108-59e7-a6dc-9e005fb08d2e,jpg,male,outerwear,jacket,classic,darkslategray with brown accents,all-seasons,sued,"this darkslategray sued jacket features a timeless classic style with a smartly designed zip closure. the deep grey tone lends itself well to both formal and casual settings, while the subtle brown accents add warmth and sophistication. the sued texture provides a luxurious feel and enhances the overall appearance. this jacket can be worn in various contexts: paired with dress shirts and slacks for a business meeting, layered over a tee and jeans for weekend activities, or even as part of a smarter-casual outfit for dinner dates or social gatherings. its versatile nature makes it a perfect addition to any man's wardrobe, offering elegance and functionality."
6ceebfb6-f270-5424-990e-657f09f7c3ef,jpg,male,bottom,trousers,classic,darkslategray with navy accents,winter,wool blend,"these darkslategray navy wool trousers are crafted from a luxurious blend of wool, offering exceptional warmth and durability in cold weather. the classic style features a slim fit with straight legs, showcasing sharp lines that flatter any masculine figure. with their understated elegance, these trousers exude sophistication and versatility. they pair effortlessly with tailored shirts, sweaters, and jackets, creating a polished look suitable for both formal occasions and business settings. their subtle navy accents add depth and character, making them a versatile addition to any winter wardrobe."
48afd539-7e63-5f48-ac6a-7757df1e32fa,jpg,male,top,sweater,classic,dimgray with black and white pattern,all-seasons,wool blend,"this dimgray men's sweater features a sophisticated classic style with a subtle black and white geometric pattern that adds a modern touch. the fabric is made from a high-quality wool blend, ensuring comfort and warmth throughout various seasons. its elegant cut and clean lines make it versatile enough for both formal and casual occasions. this sweater pairs well with chinos or dress pants for a business setting, while its understated design also works perfectly in more relaxed environments such as coffee shops or leisurely weekends. for optimal versatility, consider pairing it with dark jeans and a crisp button-down shirt for a smart-casual look."
12ef419b-b23d-5da3-aed5-55623e45e36d,jpg,male,top,sweater,casual,darkslategray with white and black,all-seasons,wool blend,"this darkslategray sweater features a stylish combination of white and black patterns on its front, creating a modern and sophisticated look. the fabric is made from a wool blend, ensuring comfort and warmth throughout various seasons. the casual style makes it versatile enough for everyday wear, whether you're heading to work, running errands, or relaxing at home. it has a relaxed fit that hugs the body comfortably while allowing freedom of movement. this sweater can easily be paired with jeans, chinos, or trousers for a smart-casual ensemble. its understated yet elegant design also pairs well with slacks and button-down shirts for a more formal occasion."
43f6ec6f-8fda-5189-bac2-444a3f5974fb,jpg,male,footwear,sneakers,sport,gray with white and black accents,all-seasons,synthetic,"these adidas sneakers feature a sleek and modern design with a predominant gray base. they boast clean lines and minimalist aesthetics, making them versatile enough for both casual and sporty occasions. the shoe's upper consists primarily of synthetic materials, providing comfort and durability while maintaining a lightweight feel. white and black accents add a touch of sophistication and contrast, enhancing the overall aesthetic appeal. these shoes are ideal for everyday wear, running errands, workouts, or even light sports activities. pair them with jeans, tracksuits, or athletic apparel for a chic and functional look."
6b983bd1-d355-5ce0-b97e-7733a4df6f71,jpg,male,footwear,sneakers,casual,gray with brown accents,all-seasons,synthetic leather and rubber,"these gray adidas sneakers feature a clean and understated design that pairs well with both casual and semi-formal ensembles. the upper is made from high-quality synthetic leather, providing durability and comfort while maintaining a sleek appearance. the brown accents on the side panels add a touch of sophistication and contrast against the predominantly gray tone. these shoes have a sporty yet classic style, making them versatile enough for everyday wear, weekend outings, or even light exercise. they pair excellently with jeans, chinos, or trousers, creating a modern and polished look. for maximum versatility, they can also be combined with casual shorts during warmer months, showcasing their adaptability across seasons."
e6c07c15-6d1a-54f8-95e4-9856ab138d44,jpg,male,top,shirt,classic,dark gray with white stripes,all-seasons,cotton,"this dark gray shirt features a classic style with a subtle yet sophisticated white striped pattern running horizontally across its length. the fabric is made from high-quality cotton, ensuring comfort and durability throughout various occasions. its understated design makes it versatile enough to pair with both casual and formal attire. for everyday wear, it can be paired with jeans and chinos for a smart-casual look. alternatively, it can be dressed up by combining it with slacks and a blazer for a more formal setting. the striped pattern adds a touch of elegance while maintaining a conservative appearance."
203b89bb-4a63-558e-b435-321b5a4b5b62,jpg,male,footwear,sneakers,casual,lightslategray,all-seasons,synthetic,"these lightslategray adidas originals sneakers embody casual sophistication with their timeless design and classic adi graphics. the upper features a soft synthetic material that provides comfort and durability while maintaining a sleek appearance. the iconic three-stripe detail runs along the sides, adding to its recognizable style. the cushioned sole offers excellent support and shock absorption, making these shoes suitable for both everyday wear and light physical activities. they pair effortlessly with jeans, chinos, or even shorts during warmer months, creating a versatile outfit option. whether worn on weekends exploring cities or during weekdays at work, these shoes ensure a balanced blend of functionality and fashion."
1781c5ff-8623-50fb-9f2c-c01d92b095fc,jpg,male,top,tank top,casual,dark gray with white accents,all-seasons,cotton,"this dark gray tank top features a subtle white accent along the sides, adding a touch of contrast that enhances its casual style. the unique design includes a side slit which adds a playful element while maintaining comfort. made from high-quality cotton, it provides breathability and softness against the skin. this versatile piece can be worn under a blazer for a more formal look or paired with jeans and shorts for a relaxed weekend outfit. its simple yet stylish appearance makes it suitable for both daytime and evening activities."
c96ae29b-7fe6-59f2-805b-18d759def41c,jpg,male,footwear,shoes,classic,gray,all-seasons,leather,"these classic gray leather shoes exude understated sophistication and elegance. the smooth texture and supple leather provide comfort while enhancing your outfit's style. ideal for both formal and casual occasions, these shoes can effortlessly transition from work attire to weekend wear. match them with a dark suit for a polished business look, or pair them with chinos and a crisp button-down shirt for a smart-casual vibe. their timeless design ensures they will complement various ensembles, making them a versatile addition to any man's wardrobe."
cf325f30-2ede-5f64-a581-2ef120ac120a,jpg,male,bottom,jeans,workwear,darkslategray,all-seasons,denim,"these carhartt workwear jeans feature a dark slate gray color with subtle distressing and wear marks that give them a lived-in appearance. the jean has a classic straight leg fit with medium rise and true-to-size sizing. the fabric is made from durable denim which offers comfort and strength while maintaining flexibility. these jeans are perfect for everyday wear, especially in construction sites or industrial environments where durability and functionality are essential. they can also be paired with casual shirts, tees, or layered under jackets for a versatile look suitable for both work and leisure activities."
2b8d6fda-2141-59b7-b444-1de830f739cd,jpg,male,outerwear,jacket,classic,dark olive green with mustard plaid,autumn,wool,"this dark olive green wool jacket features a bold mustard plaid pattern that adds sophistication and depth to its design. the jacket has a classic fit with tailored shoulders and structured lines, offering a refined appearance suitable for both formal and semi-formal occasions. its medium weight wool fabric ensures warmth during cooler autumn days while maintaining breathability. the plaid pattern provides a subtle yet striking accent, making it versatile enough to pair with various bottoms such as chinos, trousers, or jeans. this jacket would work well layered under a blazer or worn alone over a button-down shirt and dress pants. it exudes elegance and versatility, creating a polished look that transitions seamlessly from daytime meetings to evening events."
eef32e43-63f5-5157-bfec-1ba8f0a0f157,jpg,male,bottom,swimshorts,casual,lightslategray with palm print,summer,polyester,"these lightslategray swim shorts feature a bold palm print design that adds a tropical touch to any summer outfit. made from lightweight and durable polyester fabric, they provide excellent comfort and flexibility in water activities. the cut and silhouette are modern and streamlined, ensuring a flattering fit on men of all body types. with their chic and casual style, these shorts pair well with tank tops, t-shirts, or even rash guards for a complete beach look. they also work great as a transition piece when moving from poolside to social gatherings. for optimal performance and durability, they come with quick-drying technology and anti-chafe leg openings."
89b4defe-5dca-5d5a-8912-8fe1ff95dab3,jpg,male,top,shirt,classic,dark gray with white and grey plaid,all-seasons,cotton,"this dark gray shirt features a classic plaid pattern composed of white and various shades of grey. it has long sleeves that offer comfort and versatility in different weather conditions. the cut is modern yet understated, creating a clean and polished look. this shirt can be worn both casually with jeans or trousers for everyday wear, or dressed up with a suit jacket and tie for business occasions. its subtle patterns make it easy to pair with many different bottoms, from chinos to slacks, ensuring versatility across various settings."
9b71c860-53a0-54c4-81f4-73f8b4c3c5d8,jpg,male,top,shirt,classic,rosybrown with brown and white accents,all-seasons,cotton,"this rosybrown shirt features a subtle blend of warm brown and crisp white hues, creating a sophisticated yet understated appearance. the shirt has a classic button-down style with a brown collar that adds a touch of sophistication. it offers a medium fit with slightly tapered sleeves and a straight hemline, ensuring a contemporary and tailored look. the soft cotton fabric provides comfort while maintaining a polished feel. this versatile piece can be worn alone as part of a smart casual ensemble or paired with suit trousers for a business setting. it pairs well with chinos, slacks, or jeans, allowing versatility in both formal and informal settings."
ec9f3a70-ed9b-50cd-986e-4e5e97ef721f,jpg,male,bottom,trousers,classic,dimgray with brown accents on a white background,all-seasons,cotton blend,"these elegant classic-style trousers feature a sophisticated dimgray base with subtle brown accents against a crisp white background. the fabric is made from a comfortable cotton blend that offers excellent breathability and durability, making them suitable for both formal and casual occasions. with their tailored fit and smooth finish, these trousers create a smart and polished appearance when paired with a button-down shirt and a suit jacket for business meetings or events. alternatively, they can be dressed down with a casual polo shirt and loafers for a more relaxed look during weekends or everyday wear."
e19ecd0b-2c97-50ee-a13f-9052387b98e5,jpg,male,top,sweater,classic,darkslategray with hints of blue,all-seasons,wool blend,"this darkslategray wool blend sweater features a classic collar and a neat collared neck design. the subtle shade of dark blue lends a sophisticated touch to any outfit. its understated elegance makes it suitable for both formal and casual settings. this piece can effortlessly transition from daytime activities to evening events. pair it with a button-down shirt and chinos for a polished look, or layer it over a t-shirt and jeans for a more relaxed vibe. the cozy warmth and smooth texture of the fabric ensure comfort throughout the day."
46517c12-082d-57c5-9f70-23297bc19f09,jpg,male,outerwear,puffer vest,sport,dark gray,winter,fabric with synthetic insulation,"this dark gray the north face puffer vest is an excellent choice for outdoor adventures during winter. crafted from durable fabric with synthetic insulation, it provides warmth and comfort while remaining lightweight and breathable. its sleek design features a modern cut and silhouette that enhances its sporty aesthetic. accented with reflective details for enhanced visibility in low-light conditions, this vest offers both style and functionality. it pairs well with casual bottoms like jeans or track pants, creating a versatile outfit suitable for various occasions. this piece also complements athletic wear, making it ideal for running, hiking, or any outdoor activity."
97db2c72-9b8a-5b2d-9a5e-9f09c2197a82,jpg,male,outerwear,jacket,classic,darkslategray with black accents,winter,down,"this darkslategray men's down jacket features a sleek, modern design with a luxurious fur collar that adds warmth and style. the outer shell is made from high-quality down insulation, ensuring exceptional comfort and protection against cold weather. with its classic yet understated appearance, this jacket pairs well with both casual and semi-formal outfits. its hooded design provides added versatility and functionality, allowing wearers to stay cozy during windy days. this jacket can easily be paired with jeans, chinos, or trousers for a stylish look while remaining practical enough for everyday use."
f1ae988b-c48d-5726-8f8d-7f1542b4f9cc,jpg,male,outerwear,trench coat,classic,dimgray,autumn,wool blend,"the kensington trench coat in dimgray is a timeless classic piece that exudes sophistication and elegance. made from a high-quality wool blend fabric, this coat features a refined design with its buttoned cuffs, collar, and storm flap. the deep gray hue provides a versatile neutral option that complements various outfits effortlessly. its straight-cut silhouette enhances the wearer's figure while offering ample room for layering underneath. this trench coat is perfect for autumn evenings when you need to stay warm yet maintain a polished appearance. it pairs well with formal trousers and dress shirts for business occasions or can be dressed down with casual jeans and tees for a more relaxed vibe. with its chic and understated style, this coat adds an elegant touch to any outfit."
795a03ba-30a1-5221-8bd4-6e7f35b73ecf,jpg,male,outerwear,jacket,sport,dark gray,all-seasons,polyester,"the dimgray new tek xr2 is a contemporary reimagining of the classic outerwear piece. crafted from durable polyester fabric, this jacket exudes a sporty yet stylish vibe that effortlessly transitions between casual and athletic settings. its sleek design features clean lines and a modern silhouette, showcasing a subtle monochrome aesthetic with dark gray as its dominant hue. the jacket boasts functional details such as reflective stripes for enhanced visibility in low-light conditions, adding safety and practicality to everyday use. with its versatile nature, the dimgray new tek xr2 pairs well with both casual ensembles like jeans and t-shirts, as well as more formal looks such as dress pants and button-down shirts. this jacket is ideal for urban environments where style meets functionality, making it perfect for commuting, running errands, or even light outdoor activities."
88435715-5556-5c7f-9298-0f433c2c2d80,jpg,male,top,polo-shirt,casual,dark olive green with orange accents,all-seasons,cotton,"this dark olive green polo-shirt features subtle orange accents that add a pop of vibrant color. made from high-quality cotton fabric, it offers both comfort and durability. the cut and silhouette are tailored to fit closely but not overly tight, providing a modern and stylish look. the polo's button-down collar adds elegance while the ribbed cuffs and hem offer a refined touch. this versatile piece can be worn casually with jeans or khakis for a relaxed weekend outfit, or paired with chinos and loafers for a more formal occasion. its classic design makes it suitable for various occasions, making it a must-have addition to any man's wardrobe."
4a995b5f-915e-5c08-987a-6bbdca9ea313,jpg,male,footwear,sneakers,casual,gray with red and blue laces,all-seasons,leather,"these gray sneakers feature distinctive red and blue laces, creating a vibrant contrast against their monochrome base. the shoes have a classic low-top design, showcasing a sleek and modern silhouette. the laces add a playful touch, enhancing both style and functionality. these versatile footwear pieces can be paired effortlessly with casual trousers, chinos, or even jeans for a laid-back look. they also work well with casual shorts during warmer months, making them suitable for year-round wear. this combination of neutral tones and bold accents allows these sneakers to complement various outfits, from formal to informal settings."
13d712ae-73bd-5f73-bc57-3510ee4c2c33,jpg,male,footwear,shoe,classic,gray with beige accents,all-seasons,leather,"these elegant oxford shoes feature a timeless gray base with subtle beige accents that enhance their sophistication. the smooth leather upper provides comfort and durability while maintaining a polished appearance. with its traditional lace-up design and clean lines, these shoes are perfect for both formal and semi-formal occasions. they pair well with suits, dress pants, chinos, and even casual trousers for a versatile look. these shoes create an impression of class and refinement, making them ideal for business meetings, weddings, or special events."
2a21f34b-304c-5fb4-a5a0-5e224e54254e,jpg,male,top,polo shirt,casual,black with red and white stripes,all-seasons,cotton,"a classic black polo shirt featuring subtle red and white horizontal stripes that create a stylish and contemporary look. the shirt has a comfortable fit with a slightly longer tail designed to hang over pants or shorts. it features a traditional collar and button-down placket with functional buttons. this versatile piece can be worn casually during spring and summer for outdoor activities such as hiking or cycling, or dressed up for a more formal setting like lunch meetings or casual dinners by pairing it with chinos or trousers. its striped design adds a bit of sophistication while remaining approachable."
f6c8a878-7be7-50d4-aa82-25bd382be4aa,jpg,male,footwear,loafer,classic,darkslategray with black accents,all-seasons,leather,"the darkslategray the black loafer is a timeless classic that brings together the elegance of traditional footwear with contemporary styling. crafted from premium leather, this shoe features a sleek and modern design with understated detailing that makes it versatile enough for both formal and casual occasions. the dark slate gray hue provides a sophisticated touch while still maintaining a sense of modernity. its smooth texture enhances comfort and durability, making it perfect for everyday wear. this shoe pairs effortlessly with dress pants, chinos, jeans, or even smarter looks like suits and blazers. its subtle yet striking appearance allows it to blend seamlessly into various outfits, creating a polished and refined impression."
e55f77b2-2616-5449-ac55-513efc362f87,jpg,male,footwear,shoes,classic,brown,all-seasons,sued,"these sienna brown suéd shoes feature a classic style that exudes understated elegance. crafted from premium suéd material, these shoes offer both comfort and durability. the smooth yet slightly textured surface gives them a sophisticated appearance while maintaining a cozy feel. with their timeless design, they effortlessly complement various outfits ranging from smart casual to formal attire. whether paired with tailored suits, chinos, or even jeans, these shoes provide versatility in both urban and office settings."
762f5dc7-8f80-5f38-b883-ab58f2904af6,jpg,male,outerwear,jacket,classic,dimgray with brown stripe pattern,all-seasons,leather,"this dimgray jacket features a subtle yet elegant brown stripe pattern running along its length, adding a sophisticated touch to its design. the classic style of this piece ensures versatility in various occasions, making it suitable for both formal and casual settings. the leather material provides durability and comfort while maintaining a refined appearance. it has a streamlined silhouette that follows the natural lines of the body, creating a slimming effect. this jacket pairs well with dress pants or chinos for a smart-casual look, or it can also be worn over a shirt and jeans for a more relaxed vibe. its understated sophistication makes it ideal for creating polished ensembles."
11a0c531-6405-56b5-b5fc-1eb8c8f07d49,jpg,male,outerwear,suit,classic,gray,all-seasons,wool,"the gray suit features a classic and timeless design with a slim fit that enhances the wearer's figure. it is constructed from high-quality wool fabric, offering both comfort and durability. the slim fit ensures a modern and streamlined appearance, making it suitable for formal occasions such as business meetings, weddings, or special events. its understated elegance allows it to blend effortlessly into various settings while creating a sophisticated impression. this suit can be paired with a crisp button-down shirt, a sharp tie, and polished shoes for a polished look. alternatively, it can also be worn with a casual white tee and loafers for a more relaxed yet refined ensemble."
94e6e365-33f0-57c6-a8ef-01e456ef5d05,jpg,male,top,t-shirt,casual,white with silver accents,all-seasons,cotton,"this silver-tinted white t-shirt features a classic round neckline and short sleeves, making it versatile for everyday wear. the subtle silver detailing adds a modern touch while maintaining a casual aesthetic. it has a relaxed fit, ensuring comfort throughout the day. ideal for layering under jackets during cooler months or pairing with shorts and jeans in warmer weather. this piece can easily be dressed up or down depending on the occasion. for example, it can be worn with chinos and loafers for a smart-casual look or combined with joggers and trainers for a laid-back vibe."
cc4a7058-5a9b-56ca-9718-1df19c0b1ac3,jpg,male,footwear,sneakers,casual,gray,all-seasons,leather,"these gray men's sneakers feature a classic casual style that exudes effortless sophistication. the shoes have a smooth leather upper with minimalistic design, showcasing clean lines and understated elegance. they offer comfort and durability while providing support for everyday wear. these sneakers go well with both casual and smart-casual outfits, making them versatile enough for various occasions. pair them with jeans and a t-shirt for a relaxed look, or combine them with chinos and a button-down shirt for a more polished appearance. their timeless appeal makes them suitable for all seasons, ensuring they remain relevant year-round."
7f641dde-9c95-5eca-bed5-8a189ba02b7b,jpg,male,outerwear,puffer jacket,casual,darkslategray with black accents,winter,fabric,"this darkslategray puffer jacket features a distinctive blend of dark gray and subtle black accents. it boasts a cozy hoodie design that adds comfort and style, making it perfect for chilly autumn evenings or winter days. the jacket's zipper runs down the front, providing ease of use and versatility in adjusting warmth levels. its casual yet stylish appearance makes it suitable for everyday wear, blending effortlessly into both casual and semi-formal outfits. pair it with jeans, chinos, or cargo pants for a relaxed look, or combine it with sweaters or t-shirts for a more laid-back vibe. this piece is ideal for creating a layered look during cooler months, enhancing your overall outfit with its versatile and functional design."
c3a3c911-050f-5a05-877f-ec9f02afc45c,jpg,male,footwear,sneakers,sport,gray,all-seasons,"synthetic leather, rubber sole","these gray adidas originals sneakers feature a timeless sport style that exudes effortless coolness. made from synthetic leather, these shoes offer durability and comfort while maintaining a sleek and modern appearance. the classic three-stripe design along the sides adds a touch of iconic branding. with their rubber sole, they provide excellent grip and support on various surfaces. these shoes are perfect for both casual and athletic settings, making them versatile enough to pair with jeans, shorts, tracksuits, or even formal wear like chinos and button-down shirts. their neutral gray color makes them easy to match with almost any outfit, creating a sophisticated yet understated look."
5201f693-d84b-50a7-8a79-e9c8a20f02e5,jpg,male,footwear,sneakers,sport,gray,all-seasons,synthetic,"these gray adidas sneakers feature a bold monochrome design with six overlapping logos across the upper. the classic three stripes on each side add a touch of iconic branding. crafted from synthetic materials, these shoes offer comfort and durability suitable for both casual and athletic wear. their versatile nature makes them ideal for everyday use, whether paired with jeans and a tee for a laid-back look or incorporated into more formal outfits such as chinos and a polo shirt. these shoes create a sporty yet modern impression, perfect for urban settings."
a85f41ab-7fe6-5fc8-977a-0fbeca425865,jpg,male,top,t-shirt,casual,brown with white logo,all-seasons,cotton,"this sienna brown t-shirt features a stylish white logo prominently displayed on the front. the fabric is made from high-quality cotton, ensuring comfort and breathability throughout the day. its casual style makes it perfect for everyday wear, whether you're heading to work, running errands, or relaxing at home. the subtle yet distinctive design allows it to blend effortlessly into various outfits, pairing well with jeans, khakis, chinos, or even shorts during warmer months. for a more polished look, consider wearing it under a blazer or cardigan. this versatile piece adds a touch of sophistication while maintaining a relaxed vibe."
0b2f5a6a-fd38-5e8e-ae30-f76024228e54,jpg,male,outerwear,coat,classic,gray with camel accents,autumn,wool blend,"this gray-a-camel coat features a single button closure and a classic style that effortlessly transitions from casual to business attire. the subtle grey base color with warm camel accents creates a sophisticated yet understated appearance. its well-cut silhouette hugs the body while maintaining comfort and ease of movement. this piece offers versatility in its ability to pair well with various outfits. it can be worn over a dress shirt and slacks for a formal setting or paired with jeans and a tee for a more relaxed vibe. the wool blend fabric ensures warmth and durability, making it ideal for autumn weather conditions."
f5fb6865-54d6-5ed6-86a9-b92dbe2d49a3,jpg,male,top,shirt,classic,darkolivegreen,all-seasons,cotton,"a classic dark olive green shirt made from high-quality cotton fabric. this versatile piece features a subtle texture that adds depth to its appearance. the shirt has a trim fit, offering a modern yet understated look. its button-down collar and sleek cuffs provide a polished finish suitable for both formal and casual occasions. perfect for pairing with chinos, slacks, or jeans, this shirt showcases elegance while maintaining comfort. it pairs well with lighter colors like cream or pastel hues, creating a sophisticated ensemble. additionally, it can also be worn as part of a monochrome outfit by combining it with dark olive green trousers or accessories."
33d202ca-3e35-5a21-b397-cdd0e66ae990,jpg,male,outerwear,suit,classic,darkslategray the blue and brown plaid,all-seasons,wool,"this darkslategray suit features a striking blue and brown plaid pattern that adds sophistication and depth to its appearance. the classic style of the suit includes a well-tailored fit, ensuring a streamlined and polished look. the plaid design offers a contemporary twist while maintaining a timeless elegance. it is perfect for formal occasions such as weddings, business meetings, or special events. this suit can be paired with a crisp button-down shirt in neutral tones like cream or off-white, complemented by a classy tie or bowtie in a complementary shade. accessories such as a matching pocket square or a brown leather belt can enhance the overall ensemble. for a more casual yet refined vibe, team it up with a plain tee and leather loafers."
49b80136-481e-5cd5-a85d-9f347feaa01b,jpg,male,outerwear,jacket,classic,dimgray with green accents and brown leather,autumn,cotton with leather,"this dimgray jacket features a striking green accent along its collar and front edges, providing a modern twist on traditional styles. the jacket has a classic fit with slightly padded shoulders and a slightly longer length, offering both comfort and style. its brown leather collar adds sophistication and durability, making it suitable for autumn evenings when paired with tailored trousers or casual jeans. it pairs well with neutral tones like cream or navy blue, as well as brighter hues such as orange or mustard yellow. this jacket is perfect for layering under a sweater during cooler days or worn alone for a polished look."
660f2d0c-d1c5-5967-9aa9-b78bed1dc39f,jpg,male,top,sweater,casual,dark olive green,all-seasons,knitwear,"this dark olive green sweater features a zippered neckline which adds a modern touch while maintaining a casual vibe. the pockets on the front provide practicality and functionality, making it versatile for everyday wear. its knitwear material offers comfort and warmth, suitable for various weather conditions throughout the year. this piece can easily be paired with jeans, chinos, or even dress pants for a relaxed yet polished look. it pairs well with loafers or sneakers depending on the occasion, creating a balanced and trendy outfit."
5983b708-c42c-5123-bb7a-173bc12b457f,jpg,male,bottom,swimshorts,casual,"blue, white, silver, green",summer,polyester,"these silver men's swim shorts feature a stylish blue and white striped design with a subtle green logo emblazoned across the front. the shorts boast a comfortable and lightweight construction made from high-quality polyester fabric, ensuring both durability and ease of movement in water activities. the unique stripes create a modern yet understated look that pairs well with a variety of tops and accessories. these shorts are perfect for casual beach outings, pool parties, or everyday wear during warm weather. they can be easily combined with tank tops, tees, or even stylish hoodies for a laid-back yet chic ensemble."
f6f1fd95-f6e8-5745-b2a4-0504dcec824a,jpg,male,top,jumper,casual,dimgray with white and green stripes,all-seasons,knitwear,"this dimgray knit jumper features subtle white and green stripes running horizontally across its surface, creating a modern and sophisticated look. the soft texture of the knit fabric ensures comfort while providing a cozy feel during cooler months. it has a relaxed fit with slightly oversized shoulders and a boxy silhouette that enhances a casual yet stylish appearance. this piece can be worn alone as a layering piece under a blazer or paired with skinny jeans and loafers for a smart-casual ensemble. its versatile design allows it to blend effortlessly into various outfits, making it ideal for both daytime activities and evening events."
e4d335c7-d251-5e40-8652-d0778a470ded,jpg,male,footwear,sneakers,athletic,gray,all-seasons,leather and mesh,"these new balance sneakers feature a classic athletic style with a modern twist. the shoes are made from durable leather and mesh materials, providing comfort and breathability. the gray color offers versatility, making them suitable for both casual and sporty outfits. they have a sturdy construction with supportive cushioning, ensuring comfort during extended wear. these shoes pair well with jeans, shorts, tracksuits, and even dress pants for a more formal look. their clean lines and minimalist design make them easy to match with various outfits, creating a polished yet relaxed appearance."
e5ca6640-ac10-5a4a-a6cd-89cd8d9d0786,jpg,male,top,shirt,classic,darkslategray with black accents,all-seasons,cotton,"this darkslategray shirt features a subtle yet elegant black pattern on its front, adding depth and sophistication to any outfit. the classic style and timeless design make it versatile enough for both casual and business settings. its smooth cotton fabric provides comfort while maintaining a refined appearance. this shirt can be paired with khakis or slacks for a smart-casual look, or dressed up with a suit for a formal event. it also works well under a blazer for added structure and formality. the patterned detail adds interest without being overly loud, making it suitable for everyday wear as well as special occasions."
d1b10a9c-ba5e-5b0d-b08f-c9d430982c90,jpg,male,outerwear,jacket,casual,dark olive green with orange lining,autumn,leather,"this dark olive green bomber jacket features an attractive orange lining inside, adding a vibrant touch to its casual appeal. the jacket has a classic fit with slightly padded shoulders and a relaxed silhouette that provides comfort while maintaining a stylish appearance. it showcases minimalistic details such as metal zippers and simple buttons, making it versatile enough for both everyday wear and informal events. the material used is high-quality leather, ensuring durability and a premium feel. this piece pairs well with jeans, chinos, or even khakis for a smart-casual look. additionally, it can also be paired with casual trousers or shorts during warmer autumn days. its olive-green hue works perfectly in autumn collections, creating a sophisticated yet understated vibe."
10bced0d-fdfa-5641-b99c-4991ea2ec64f,jpg,male,footwear,boot,classic,dark olive green with tan sueded texture,all-seasons,tan suede,"these dark olive green chelsea boots feature a classic design with a sophisticated tan suede finish. the sleek, mid-calf height offers comfort while maintaining a polished look. crafted from high-quality tan suede, these boots boast soft texture and durability. they pair effortlessly with both casual and formal ensembles, making them versatile for everyday wear. their slender silhouette and smooth lines create a timeless impression, perfect for pairing with skinny jeans, chinos, or tailored trousers. these boots add elegance and style to any outfit, blending seamlessly into your existing wardrobe."
6b9232c0-87bd-5cac-bdf2-0c585cf979a6,jpg,male,bottom,jeans,casual,darkslateblue with white background,all-seasons,denim,"these darkslateblue jeans feature a striking contrast between their primary deep blue hue and a subtle white background pattern. the fabric is made from high-quality denim, ensuring durability and comfort throughout various occasions. the casual style makes them suitable for everyday wear, pairing well with a variety of tops such as tees, button-down shirts, or even hoodies. they offer a relaxed fit, providing ample room in the thighs and hips while maintaining a flattering shape around the legs. these jeans can easily be dressed up or down depending on the occasion, making them versatile for both causal weekends and weekdays. for example, they could be paired with a crisp white shirt for a laid-back business look or combined with a graphic tee and sneakers for a more casual vibe."
931ed019-d6f7-5a6d-aad6-2935212dbbd3,jpg,male,bottom,shorts,athletic,darkslategray,all-seasons,polyester,"these nike men's darkslategray shorts feature a sporty athletic style that exudes comfort and performance. made from lightweight polyester fabric, they offer breathability and durability suitable for various activities. the shorts have a modern fit with a slight tapered leg design, creating a streamlined look while ensuring mobility during movement. key details include a drawstring waistband for adjustable fit and a reflective trim along the seams enhancing visibility in low-light conditions. these shorts are ideal for casual workouts, running, cycling, or everyday wear. they pair well with t-shirts, tank tops, or graphic tees for a relaxed yet stylish ensemble."
e83dadcf-39d7-5a7b-8632-2aaad24837ba,jpg,male,outerwear,jacket,casual,dark olive green,autumn,leather,"this dark olive green bomber jacket features a classic design with a modern twist. made from durable leather, it offers excellent weather protection and durability. the jacket has a straight-cut silhouette that provides a clean and streamlined appearance. it comes with a functional zipper closure for easy on-and-off convenience and a secure fit. accented by its smooth leather finish and subtle texture, this jacket is versatile enough to pair with both casual and formal outfits. it can be worn as part of a casual ensemble with jeans and a tee, or paired with dress pants and a button-down shirt for a more polished look."
c992b04c-22ca-5ed7-a860-816437d18077,jpg,male,outerwear,jacket,outdoor,gray,autumn,nylon,"this gray north face x timberland jacket features a modern outdoor design with distinctive graphics inspired by the collaboration between two iconic brands. the cut and silhouette are streamlined yet practical, offering a versatile fit that transitions seamlessly from casual outings to urban adventures. it boasts a durable nylon exterior, providing excellent water resistance and windproof protection against autumn weather conditions. the jacket includes multiple functional pockets, reflective detailing for enhanced visibility during low-light situations, and a cozy interior lining for added warmth. perfect for layering under heavier outerwear in colder months or as standalone wear when paired with lightweight layers on milder days. this piece evokes an adventurous spirit while maintaining comfort and style."
406a3717-ebc8-5511-8066-f49d2ceb335d,jpg,male,bottom,sweatpants,casual,darkslategray with white logo,all-seasons,cotton,"these darkslategray men's sweatpants feature a classic casual style, offering comfort and versatility for everyday wear. the primary color is a deep shade of gray with subtle tones of blue, giving them a sophisticated yet understated appearance. a small white logo embroidered on one side adds a touch of personality and brand recognition. the fabric is made from high-quality cotton, ensuring softness and breathability while maintaining durability. these sweatpants are ideal for relaxing at home, lounging around, or running errands. they can also be paired with a plain t-shirt or layered underneath a sweater for a more formal look. their relaxed fit provides ample room for movement and maximum comfort."
3311aee2-c568-5a3e-ac60-bef6457c2bc7,jpg,male,footwear,sneakers,casual,slategray with teal accents,all-seasons,canvas and rubber,"these vans old skool sneakers feature a classic slategray canvas upper with teal accents on the side panels and laces. the sleek design offers a timeless appeal, combining casual style with understated sophistication. the durable canvas material ensures comfort and versatility while the rubber sole provides grip and durability. these shoes are perfect for everyday wear, pairing well with jeans, chinos, shorts, or even dress pants. they create a laid-back yet polished impression, making them ideal for both urban exploration and casual outings."
58d1e23b-4157-56fe-92cf-c8ca7abdd3de,jpg,male,bottom,swimwear,casual,black with red logo,summer,polyester,"these black swim shorts feature a bold red logo embossed on one side, adding a pop of color while maintaining a classic look. the polyester fabric ensures comfort and durability in water activities. ideal for swimming pools, beaches, or casual summer outings, these shorts pair well with a simple tank top or t-shirt for a relaxed vibe. they also work great as part of a surfing ensemble when combined with a rash guard. their streamlined design enhances mobility and provides a sleek silhouette that highlights the wearer's physique."
b73199c6-fb85-5cfe-b0df-fa5b2c071774,jpg,male,bottom,pants,classic,gray with brown waistband,all-seasons,cotton,"these gray pants for men feature a classic design with a subtle touch of style through their brown waistband. made from high-quality cotton fabric, they offer comfort and durability. the straight leg cut enhances the wearer's figure while providing ample room for movement. they have a clean, understated appearance that works well in both casual and semi-formal settings. these pants can easily be paired with a button-down shirt for a smart-casual look or combined with a simple tee and cardigan for a more relaxed vibe. their timeless appeal makes them suitable for everyday wear throughout the year."
1324208d-ee7c-5bc4-8aa3-fed904a5a1c0,jpg,male,top,t-shirt,casual,forestgreen with white logo,all-seasons,cotton,"this forestgreen t-shirt features a bold white logo emblazoned on the front, adding a contemporary touch to its classic design. made from high-quality cotton, it boasts a comfortable fit that ensures maximum comfort during wear. the casual style makes it perfect for everyday wear, whether paired with jeans for a laid-back look or as part of a more formal ensemble when teamed with tailored trousers. its versatile nature allows for easy matching with various bottoms such as chinos, shorts, or even dress pants. this t-shirt is ideal for creating both relaxed and smart-casual looks."
01eea79e-47de-50e5-8a23-3db301a7eb3f,jpg,male,top,t-shirt,casual,dark navy blue,all-seasons,cotton,"this peru men dry-washed crew neck short-sleeve t-shirt features a relaxed fit and a modern style that is perfect for everyday wear. the dark navy blue color offers a versatile option that can easily blend into various outfits. made from high-quality cotton fabric, this t-shirt provides comfort and durability while maintaining its shape over time. the short-sleeve design allows for breathability and flexibility in warmer weather conditions. with its clean-cut crew neckline, this top is ideal for layering under jackets or as a standalone piece during casual events. it pairs well with jeans, chinos, shorts, or even trousers for a laid-back yet polished look."
9b74d85b-eefb-5804-bce6-dc8b683c9659,jpg,male,bottom,jeans,casual,silver with white background,all-seasons,denim,"these silver jeans feature a unique design with a striking white background that adds a modern twist to traditional denim. the lightweight fabric provides comfort while maintaining durability. the jeans have a classic straight leg cut, offering a timeless silhouette that pairs well with various tops and shoes. the silver hue complements both casual and formal looks, making them versatile enough for everyday wear. they can be paired with a simple t-shirt and sneakers for a relaxed vibe or dressed up with a button-down shirt and loafers for a more polished appearance."
b4a1ce90-4909-548d-ae32-d51b90d469a4,jpg,male,top,sweater,classic,rosybrown with brown and white,all-seasons,wool,"this rosybrown sweater features a subtle diamond pattern woven throughout its surface, combining delicate brown and white hues. the classic style lends itself well to both casual and formal settings, making it versatile enough for various occasions. its cozy wool fabric provides warmth and comfort while maintaining a sophisticated appearance. this sweater can be paired with chinos or jeans for a smart-casual look, adding depth and texture to your outfit. for a more formal ensemble, consider pairing it with tailored trousers and a dress shirt underneath."
62467e5a-c79c-58c0-bb26-13119f658bb6,jpg,male,footwear,boot,classic,brown sueded leather,all-seasons,sued leather,"sienna the timber boot is a classic, all-seasons footwear option crafted from luxurious sued leather. its sophisticated design features an understated yet elegant style that appeals to both casual and business attire. with its unique combination of texture and color, these boots add depth and sophistication to any outfit. they boast a well-crafted toe cap and an upper made entirely from high-quality sued leather, offering exceptional comfort and durability. these boots pair effortlessly with various ensembles such as chinos, trousers, jeans, and even smart suits. their versatile nature makes them suitable for everyday wear while also being appropriate for special occasions."
64c8316e-3d3c-5690-a447-3b95b93f524f,jpg,male,footwear,boot,classic,dark slategray with dark brown sueding,all-seasons,leather sueding,"these sleek chelsea boots feature a classic design that exudes understated sophistication. made from durable dark brown suede, they provide comfort and style for everyday wear. the dark slategray base provides a subtle contrast against the deep brown sueding, creating a unique and modern look. with their smooth texture and clean lines, these boots pair effortlessly with casual outfits like jeans and chinos, as well as dressier ensembles such as trousers and suit jackets. their versatile nature makes them ideal for both office settings and weekend excursions."
c9176170-28cb-585e-b0a4-ccfcbb37080b,jpg,male,top,shirt,classic,dimgray with pattern,all-seasons,cotton,"a drably elegant shirt in a deep shade of dimgray, featuring a subtle floral print that adds sophistication without being overly decorative. the cut is tailored, with a modern fit that enhances the wearer's physique while maintaining comfort. it has a button-down collar and cuffs with functional buttons, providing both versatility and style. this shirt is ideal for business meetings, casual evenings, or formal events where understated elegance is desired. it pairs well with dark slacks or chinos for a smart-casual look, or can be dressed up further with a suit jacket for more formal occasions. its classic design allows it to blend effortlessly into various settings, making it a versatile addition to any man's wardrobe."
ab176593-a745-53cf-a0a7-4d54ecd2a286,jpg,male,outerwear,jacket,classic,brown,autumn,suédine,"this sienna-colored suédine jacket features a classic style with a subtle texture that adds depth and sophistication. the zipper closure ensures ease of wear while maintaining a clean and contemporary look. its medium weight makes it perfect for autumn days when the temperature drops slightly but doesn't require heavy layers. this jacket pairs well with casual pants or trousers, creating a smart-casual ensemble suitable for both work environments and weekend outings. it also works perfectly as a layering piece under heavier coats during colder weather. with its soft, supple feel and smooth finish, this jacket will provide comfort and style throughout the season."
f21c9b6c-4c8b-5ef0-82fd-3bfe75b4a870,jpg,male,top,sweater,classic,dark olive green with brown accents,fall,wool blend,"the dark olive green the elder sweater in brown offers a sophisticated classic style with its well-cut fit and subtle detailing. crafted from a high-quality wool blend, this piece exudes elegance and warmth perfect for autumn evenings. its deep olive shade pairs effortlessly with earthy tones such as browns, greys, and navy blues, making it versatile enough to wear both casually and formally. with its trim lines and smooth texture, this sweater complements smarter trousers or chinos while maintaining a cozy, casual vibe when paired with jeans. this garment also looks fantastic layered under a suit jacket or over a button-down shirt, showcasing the timeless appeal of classic menswear."
b965fe7c-0dae-59f1-9966-348587196c83,jpg,male,top,polo shirt,classic,darkslategray with navy and white,all-seasons,cotton,"this darkslategray polo shirt features a classic design with a navy and white pattern on the body, while maintaining a white collar for added elegance. the fabric is made from high-quality cotton, ensuring comfort and durability throughout various occasions. it has a trim fit that enhances the wearer's physique, creating a smart and sophisticated appearance suitable for both formal and casual settings. this versatile piece can be paired with khakis or chinos for a business-casual look, or dressed down with jeans for a more relaxed vibe. additionally, its timeless style makes it perfect for office wear, dinner dates, or even weekend outings."
a3b3d4ea-6f4e-5e5b-b8db-dfdfa2f97e89,jpg,male,top,shirt,classic,darkslategray with navy accents,all-seasons,cotton,"this darkslategray navy shirt features a classic buttoned collar and short sleeves, offering a versatile and sophisticated look. the subtle navy accents add depth and interest to the dark gray base color. it has a well-fitted cut that enhances the wearer's figure while maintaining comfort. its traditional style makes it suitable for both formal and casual occasions. this shirt pairs effortlessly with chinos, slacks, or jeans for a polished yet relaxed ensemble. it can also be layered under a blazer for a smart office setting or worn alone for a laid-back weekend vibe."
7c9ef2ae-f983-5462-b8f0-16b97610f030,jpg,male,top,vest,casual,darkslategray,all-seasons,"soft, stretchy fabric","this men's vest is crafted from a comfortable, stretchable fabric that offers both versatility and ease of wear. the darkslategray hue provides a sophisticated yet understated look, making it suitable for both casual and semi-formal occasions. its lightweight construction allows for year-round usage, whether worn in warmer climates as part of a layering system or during colder months paired with a sweater or button-up shirt underneath. the vest's streamlined design showcases clean lines and minimal detailing, enhancing its ability to blend effortlessly into various outfits. it can be styled with jeans and a tee for a laid-back weekend vibe or dressed up with slacks and a collared shirt for more formal settings."
2c82c741-d073-529a-aca5-b12af0306f6b,jpg,male,suit,suit,classic,darkslategray with white and black accents,all-seasons,wool,"this darkslategray blue plaid suit features a classic and sophisticated style suitable for both formal and semi-formal occasions. the suit's fabric is made from high-quality wool, ensuring comfort and durability throughout various seasons. the plaid pattern adds a touch of elegance while maintaining a subtle yet distinct appearance. paired with a crisp white button-down shirt and polished black shoes, this ensemble exudes confidence and sophistication. it can be worn for business meetings, weddings, or even special events where a timeless look is desired. for maximum impact, consider pairing it with a bold tie in complementary hues such as navy or burgundy."
c7bda6d1-8f1e-56ce-a4f2-f9bef7e2cfcd,jpg,male,bottom,jeans,casual,darkslategray with black denim,all-seasons,denim,"these darkslategray jeans feature a classic straight leg fit with subtle black denim accents that add depth and sophistication. the jean fabric is durable yet comfortable, providing excellent stretch and support while maintaining its shape over time. this versatile piece can be worn in various settings, from casual weekend outings to more formal occasions when paired with a button-down shirt or blazer. its neutral tone makes it easy to match with numerous other items in your wardrobe, creating both bold and understated looks."
1475dbe0-734f-5b7f-b5a2-6a9a099371a3,jpg,male,top,t-shirt,casual,slategray with blue accents,all-seasons,cotton,"this slategray-blue t-shirt features a classic round neckline and short sleeves, offering a versatile option for everyday wear. the subtle blend of slategray and light blue accents provides a modern and sophisticated look that pairs well with both casual and smart-casual ensembles. its lightweight cotton fabric ensures comfort throughout the day while maintaining breathability in warm weather. this top can be worn under jackets during colder months or paired with pants or shorts for summer outings. it also works great as part of a minimalist outfit, allowing you to add layers or accessories to enhance its style."
1e38f241-7077-5e80-9acb-e80e295ff0d8,jpg,male,top,jumper,classic,dark olive green with stripes,all-seasons,cotton,"this dark olive green striped rugby jumper is crafted from high-quality cotton, offering both comfort and durability. the classic style features a relaxed fit, with a slightly oversized shape that enhances a casual vibe while maintaining sophistication. the subtle stripes add a touch of elegance and contrast, making it versatile enough for various occasions. it pairs well with jeans for a laid-back weekend look or smart trousers for a more formal setting. its all-seasons appeal makes it suitable for autumn and winter, providing warmth and style during cooler months."
81116d2c-6edd-5485-84d4-0377bdda214f,jpg,male,outerwear,jacket,classic,black with navy and white accents,all-seasons,leather,"this black bomber jacket features a stylish navy blue collar lined with soft white fur, offering both warmth and elegance. the classic bomber style includes two front pockets and a sleek zipper closure, providing a contemporary look that compliments both casual and formal occasions. its versatile design allows it to be paired effortlessly with jeans and tees for a laid-back vibe, while also fitting seamlessly into more formal ensembles such as dress pants and button-down shirts. the fur-lined collar adds a luxurious touch, making it perfect for chilly autumn evenings or winter days."
59775f35-ffd3-5b3b-a677-65dbd7db8461,jpg,male,outerwear,vest,outdoor,darkslategray with the north face logo,winter,fabric with down padding,"this darkslategray the north face logo padded down vest is designed for outdoor activities in cold weather. it features durable fabric construction with added down insulation for warmth and comfort. the vest has a cozy and casual style that can be worn as both a layering piece under heavier jackets or standalone during milder winter days. its lightweight yet warm design makes it versatile enough for everyday wear while still offering protection from chilly winds. with its subtle logos and functional pockets, this vest pairs well with jeans, pants, or leggings for an urban-chic look. additionally, it complements other layers like hoodies, sweaters, or tees for complete ensembles."
caeaedce-a45f-505e-8faf-f93005703cfc,jpg,male,bottom,jeans,casual,light blue with silver patches,all-seasons,denim,"these silver-themed ragged patch jeans feature a light blue base with strategically placed silver patches that add a unique and edgy touch. the jeans have a relaxed fit with a slight tapered leg, offering comfort while maintaining a modern aesthetic. the raw hems and uneven edges create a casual, carefree vibe. they pair well with a variety of tops, such as a simple t-shirt or a vintage-inspired tee, and can also complement more formal shirts for a stylish contrast. for an outfit idea, consider pairing these jeans with a button-down shirt and a leather jacket for a laid-back yet sophisticated look."
64b4bc39-aec6-591c-b801-265a356c76e7,jpg,male,outerwear,coat,classic,darkslategray with black accents,all-seasons,wool blend,"this darkslategray coat features a sleek design with long sleeves and a classic collar, providing a timeless and sophisticated look. the fabric is made from a wool blend, ensuring warmth and durability throughout various seasons. its understated yet elegant appearance makes it versatile enough to complement both formal and casual outfits. pair it with dark pants and a button-down shirt for a business setting, or wear it over a casual sweater and jeans for a weekend look. the deep gray shade adds a touch of sophistication while maintaining versatility in various environments."
3addb038-becb-56b7-805f-202646689601,jpg,male,top,pullover,classic,darkslategray,winter,wool,"this darkslategray men's sweater is a cozy winter pullover designed for warmth and comfort. made from high-quality wool, it provides excellent insulation against cold weather. the classic style features a straight cut and a loose fit, offering a relaxed look while maintaining a formal appeal. the sleek darkslategray hue pairs well with both casual and business attire, making it versatile enough for various occasions. its simple design allows easy pairing with jeans, trousers, or slacks, creating layered looks that enhance any outfit. this piece will elevate your winter wardrobe by adding sophistication and elegance."
564f9f88-ba66-56f5-9f25-c6c896c631c3,jpg,male,top,shirt,classic,darkslategray,all-seasons,cotton,"a sophisticated classic shirt in darkslategray, featuring a timeless design that exudes understated elegance. the fabric is made from high-quality cotton, ensuring comfort and durability throughout various seasons. its clean lines and muted shade create a versatile piece suitable for both formal and casual occasions. this shirt pairs well with chinos, trousers, or jeans, offering endless possibilities for everyday wear. it can also be worn as part of a business ensemble by pairing it with slacks and a blazer for a polished look."
006be457-c1ad-5bfc-a639-56470d4cab8b,jpg,male,outerwear,jacket,classic,dimgray with black accents,fall,wool blend,"this dimgray grey and black plaid jacket features a classic style, offering a sophisticated yet understated appearance. the wool blend fabric provides warmth and durability, making it suitable for autumn evenings. it has a medium length that falls just below the hips, creating a balanced silhouette. the black shirt underneath highlights the subtlety of the plaid pattern, adding depth and contrast. this jacket pairs well with tailored trousers or chinos for a smart-casual look, while also being versatile enough for more formal occasions when paired with slacks and a tie."
ddfce4ac-4105-5600-b5e0-3ca2b5ef7817,jpg,male,bottom,jeans,casual,darkslategray with white background,all-seasons,denim,"these darkslategray jeans feature a striking contrast with a solid white background, creating a unique and eye-catching design. the jeans have a classic fit with a straight leg style that flatters most body types. they boast a slightly distressed look, adding character and wearability. the fabric is made from high-quality denim, ensuring durability and comfort throughout various seasons. these jeans can be worn casually with a simple tee and sneakers for a laid-back weekend outfit, or paired with a button-down shirt and blazer for a more polished look during the week. their versatile nature makes them suitable for both daytime and evening events."
ca881a9b-99c4-50f9-80f1-c32d5ea618f4,jpg,male,footwear,sneakers,sport,dark gray,all-seasons,synthetic,"these nike dun dun low shoes feature a sleek dark gray upper with a matte finish that gives them a sophisticated yet understated look. the sneaker's classic design includes a sturdy rubber sole providing excellent grip and durability, making them suitable for both indoor and outdoor activities. the smooth texture enhances comfort while maintaining a clean aesthetic. these shoes pair effortlessly with casual outfits such as jeans and a tee, creating a sporty-chic vibe. they also complement business-casual ensembles when teamed with slacks or chinos for a modern take on smart-casual style."
edb20085-0c11-586d-a805-4f30825dd813,jpg,male,bottom,jeans,casual,light blue with silver and white accents,all-seasons,denim,"these light blue jeans feature a soft denim texture with subtle silver accents that add a modern touch. the base color is a vibrant shade of light blue with a white background, creating a fresh and contemporary look. the cut is relaxed yet flattering, offering comfort and versatility in various casual settings. these jeans are perfect for everyday wear, from weekend activities to casual gatherings. they can be paired with a variety of tops such as t-shirts, button-down shirts, or sweaters for a polished vibe. for a complete outfit, consider pairing them with a simple white tee and a brown belt for a clean and classic style."
e82baef9-5b8b-5cb3-bec6-bb0957abd831,jpg,male,top,shirt,classic,lightsteelblue,all-seasons,cotton,"a classically styled shirt in a gentle shade of light steel blue. the fabric is lightweight and breathable, making it suitable for both warm and cool weather. the shirt features a traditional button-front design, allowing for easy dressing and versatility in layering. it has a trim fit that enhances the wearer's figure while maintaining comfort. this shirt can be worn alone as a casual top or paired with trousers for a more formal look. its muted blue hue pairs well with various neutrals such as khaki, gray, or navy pants. it also works excellently under a suit jacket for a polished business attire ensemble."
c7c34fe4-2bda-50a9-9627-5787bcf4e789,jpg,male,top,t-shirt,casual,rosybrown with hints of purple,all-seasons,cotton,"this rosybrown t-shirt features a soft, lightweight cotton fabric that offers comfort and breathability. the casual style allows for a relaxed fit with a subtle hint of purple throughout the design. it has a regular-cut design, which makes it versatile enough to pair with various bottoms such as jeans, chinos, shorts, or trousers. its casual nature lends itself well to everyday wear, making it perfect for weekends or informal gatherings. this piece can also be dressed up by pairing it with smarter bottoms like tailored pants or dressy slacks. the combination of rosybrown and subtle purple tones creates a unique look that stands out while remaining understated."
70360be6-16b3-59d7-87dd-677f36c88704,jpg,male,footwear,sneakers,casual,darkslategray,all-seasons,leather,"these darkslategray dr martens shoes feature classic, durable leather construction that offers both comfort and style. the casual style lends itself well to everyday wear, making them versatile enough for various occasions. with their distinctive stitching and heavy rubber soles, these shoes provide excellent grip and protection against slippery surfaces. their unique design includes multiple layers of protective padding, ensuring maximum cushioning and support. these shoes can easily be paired with jeans, chinos, or trousers for a relaxed yet polished look. they also work perfectly with shorts during warmer months, creating a comfortable and stylish summer outfit."
b813c02d-7a00-58b6-a63f-3a57c7426a29,jpg,male,footwear,sneakers,sport,dimgray,all-seasons,"synthetic leather, fabric","these nike dun dun low sneakers feature a sleek dimgray colorway that exudes sophistication and understated elegance. the shoe's upper is constructed from durable synthetic leather and cozy fabric materials, providing both comfort and style. the dun dun design adds a playful touch, making these shoes versatile enough for everyday wear while still maintaining a sporty vibe. they pair effortlessly with casual outfits such as jeans and hoodies, creating a chic yet relaxed look. additionally, they can also complement more formal ensembles like chinos and button-down shirts, showcasing versatility in various contexts."
8b7be5dd-bfa6-59e4-89e9-dba7617ab899,jpg,male,outerwear,sweatshirt,casual,gray,all-seasons,fleece,"this gray sweatshirt features a cozy fleece material that provides warmth and comfort. the casual style allows for effortless pairing with various bottoms such as jeans, chinos, or track pants. its relaxed fit and oversized design create a laid-back vibe perfect for everyday wear. the sweatshirt can be worn alone during milder weather or layered under jackets or hoodies for colder days. it has a clean aesthetic with no embellishments or logos, making it versatile enough to match with formal or informal attire. for optimal comfort, it comes with a soft interior lining and wide cuffs at the sleeves."
2d3587a8-ea2a-53bc-93ee-26f21a1d3e9a,jpg,male,top,shirt,classic,silver white,all-seasons,cotton,"a sophisticated silver-white shirt featuring long sleeves that add elegance and refinement. the shirt has a clean-cut design with a collar and button placket, creating a timeless and versatile appearance. it is made from high-quality cotton fabric, ensuring comfort and durability throughout various occasions. this shirt can be paired with slacks or chinos for a smart-casual look, or combined with trousers and a tie for a formal setting. its neutral color palette allows for easy matching with a wide range of accessories and bottoms, making it an essential piece in any man's wardrobe."
3678d279-0a78-5e21-80f3-ccbf9c82c2a2,jpg,male,outerwear,vest,classic,darkslategray,autumn,wool,"this darkslategray ralph lauren vest features a classic design with a tailored fit and sleek lines. the vest has a sophisticated silhouette that showcases the wearer's elegance and refinement. it boasts a traditional two-button closure and single breast pocket, offering both functionality and style. its understated yet elegant appearance makes it suitable for various occasions, from business meetings to casual evenings. pair it with slacks or chinos for a polished look, or layer it over a button-down shirt for added warmth and sophistication."
90efe711-d452-5ae9-bff9-86e0f4bf8b02,jpg,male,suit,formal,classic,black,all-seasons,wool,"this classic black suit consists of a tailored jacket paired with matching trousers and a coordinating shirt, all in a deep, luxurious shade of black. the fabric is made from high-quality wool, ensuring both comfort and durability throughout various occasions. the suit's timeless design makes it versatile enough for formal events such as weddings, funerals, job interviews, or business meetings. it pairs effortlessly with a crisp white button-down shirt and polished shoes, creating a sharp and elegant appearance. this outfit conveys sophistication, professionalism, and understated elegance."
20ad7fbc-f500-5bd2-9781-d08706c9e98b,jpg,male,top,shirt,casual,lightslategray with blue and white plaid,all-seasons,cotton,"this lightslategray shirt features a charming blue and white plaid pattern that adds a touch of sophistication to any outfit. the shirt has a relaxed fit with a classic button-down collar and slightly longer length, making it suitable for both casual weekend wear and more formal occasions. its lightweight cotton fabric ensures comfort throughout the day while maintaining its crisp appearance. pair this versatile piece with chinos or jeans for a smart-casual look, or dress it up with slacks and a blazer for a polished office ensemble."
5b986f48-1a37-52e0-9ebf-bd6b598e256b,jpg,male,footwear,sneakers,casual,gray with navy and white accents,all-seasons,canvas and rubber,"these vans old skool shoes feature a classic canvas upper in a matte gray tone, adorned with contrasting navy and white stripes on the sides. the distinctive waffle sole provides comfort and grip, making them suitable for everyday wear. with their casual yet versatile design, these shoes pair well with jeans, chinos, or even shorts during warmer months. they create a laid-back, sporty-chic impression while offering practicality and durability."
e5cac185-ae7a-54f4-82d4-5f07697eb9c1,jpg,male,top,hoodie,casual,dimgray with black hood,all-seasons,fabric,"this dimgray hoodie features a subtle matte finish and is characterized by its simple yet elegant design. the hood is made in black, adding a striking contrast against the gray base. it has a cozy fit, providing comfort while maintaining a clean aesthetic. the hoodie's cut is streamlined and flattering, enhancing the wearer’s physique. it pairs well with both casual and smart-casual outfits, making it versatile enough for everyday wear. its neutral color palette allows it to blend effortlessly into various ensembles, whether worn alone or layered under jackets or sweaters. this piece exudes a relaxed vibe, suitable for both urban environments and laid-back settings."
4d067f79-3705-50f1-badd-afdb47b710b1,jpg,male,outerwear,coat,classic,darkslategray with black accents,all-seasons,wool blend,"this darkslategray coat features a luxurious wool blend fabric that offers both warmth and style. the sleek design showcases a classic silhouette with clean lines and minimalistic detailing. its understated gray tone pairs effortlessly with various outfits, making it versatile enough for everyday wear as well as more formal occasions. the addition of a subtle black turtle neck adds a contemporary touch, elevating its appearance while also providing comfort. this coat can be worn over a button-down shirt and slacks for a polished business look, or paired with casual jeans and boots for a more relaxed vibe. it exudes sophistication and elegance, offering an excellent option for those seeking a timeless piece in their wardrobe."
a18ddc46-e006-5711-a434-514867d296b3,jpg,male,footwear,boot,classic,darkslategray with black sueding,all-seasons,leather and suede,"these darkslategray chelsea boots are a timeless classic that seamlessly blend functionality and style. the boots feature elegant lines and smooth leather uppers paired with subtle suede detailing, creating a sophisticated look suitable for both formal and casual occasions. the mid-height design allows for versatility, fitting well under trousers, skirts, or dresses. with their sleek appearance and durable construction, these boots offer comfort and durability throughout various seasons. these boots are ideal for pairing with smart-casual ensembles such as chinos, skinny jeans, or tailored suits, making them perfect for everyday wear."
02677c2e-d4d1-5a5d-bf90-6aca89b75af7,jpg,male,top,polo,classic,dimgray,all-seasons,cotton,"this dingy gray ralph lauren polo shirt exudes understated elegance and sophistication. made from high-quality cotton, it offers a comfortable yet refined fit that flatters various body types. the classic style features a button-down collar, short sleeves, and a subtle logo embroidery on the chest, adding a touch of brand recognition without being ostentatious. its muted tone makes it versatile enough to pair effortlessly with both casual and formal attire. this polo can be worn alone during milder weather or layered underneath jackets or sweaters in colder seasons. it pairs well with chinos, khakis, or trousers for a smart-casual look, while also complementing jeans for a more relaxed vibe. for business settings, it looks sharp when paired with a blazer and slacks."
228216f3-1ce6-558c-9156-61d5f473bec2,jpg,male,outerwear,coat,classic,dimgray with fur trim,winter,fabric with fur trim,"this dimgray coat features a luxurious fur collar that adds warmth and sophistication. the classic style and understated elegance make it suitable for both formal and casual occasions. the coat has a well-tailored fit, offering a smart and refined appearance. its durable fabric ensures comfort and durability throughout various weather conditions. the fur collar provides added insulation against cold winds while maintaining a timeless look. this coat pairs effortlessly with slacks, trousers, or jeans for a polished outfit. it also complements other winter accessories like scarves, hats, and gloves."
aaea4d58-8c4a-528d-9071-4ac1de64bb50,jpg,male,bottom,jeans,casual,dimgray with black and white print,all-seasons,denim,"these dimgray jeans feature a bold black and white print that adds a modern twist to your everyday look. the cut is classic straight leg, offering comfort and versatility while maintaining a stylish appearance. the fabric is made from high-quality denim, ensuring durability and flexibility. these jeans are perfect for casual outings, whether you're running errands, hanging out with friends, or attending informal events. they pair well with a variety of tops such as t-shirts, button-down shirts, or even graphic tees. for a complete outfit, combine them with a plain colored shirt or a colorful sweater for added flair. the black and white print gives a contemporary edge, making these jeans suitable for both daytime and evening activities."
a9ebca53-bc3b-5cb6-a890-ddc75b67af04,jpg,male,top,jersey,sport,black with white and red trims,all-seasons,polyester,"this nba jersey features a classic sport style with a sleek black base that exudes sophistication and authority. the addition of bold white and vibrant red trim accents enhances its visual appeal, making it stand out among other sportswear options. designed with comfort in mind, this top boasts a modern fit that skims the body while offering enough room for ease of movement. its lightweight polyester fabric ensures breathability and durability, perfect for both casual game days and everyday wear. pair this jersey with skinny jeans or chinos for a trendy street style look, or opt for a more formal appearance by teaming it with tailored pants and a blazer."
80a1fbe8-c51c-5a30-a2c6-f7bfbbfd349f,jpg,male,footwear,sneakers,casual,dark gray with grey accents,all-seasons,canvas and rubber,"these vans classic slip on sneakers feature a dark gray canvas upper with subtle grey accents. the shoes have a timeless classic style, making them versatile for everyday wear. with their comfy slip-on design, they offer ease of use while maintaining a stylish appearance. these casual shoes pair well with jeans, chinos, shorts, and even trousers. they create a relaxed yet polished impression, suitable for both formal and informal settings. their durable rubber sole ensures comfort and grip on various surfaces."
c157ed4e-2dd2-5ed1-9415-2211f6202f4d,jpg,male,footwear,sneakers,casual,darkslategray,all-seasons,canvas and rubber,"these darkslategray converse chuck ox shoes embody a classic yet modern look that effortlessly transitions between casual and street style settings. crafted from durable canvas fabric and reinforced with sturdy rubber soles, these shoes offer both comfort and versatility. the unique design features the iconic converse brand logo on the side panels, providing a subtle touch of branding while maintaining a low-profile appearance. with their simple yet sophisticated styling, they pair well with various outfits ranging from jeans and tees to smart-casual ensembles. these shoes exude an understated elegance, making them perfect for everyday wear and weekend adventures."
d1a7ff95-f4cd-5230-9398-5579fe89d27d,jpg,male,outerwear,vest,casual,darkslategray,autumn,fleece,"this darkslategray carhartt & co men's fleece vest features a durable and warm construction perfect for autumn transitions. the vest has a relaxed fit with functional side vents that allow for easy movement and ventilation. it boasts a casual yet rugged style, making it ideal for everyday wear. with its lightweight fleece material, this piece provides comfort while offering insulation against cooler temperatures. this versatile garment pairs well with jeans, khakis, or chinos, creating both casual and semi-formal looks. for instance, teaming it with dark jeans and a button-up shirt for a casual friday outfit or layering it over a tee and cargo pants for weekend activities."
8f62d274-0feb-5913-92ae-c605a29edb06,jpg,male,top,polo shirt,classic,dimgray with white and navy stripes,all-seasons,cotton,"this dimgray polo shirt features a smart classic style with elegant white and navy contrasting stripes running down the front. the fabric is made from high-quality cotton, offering comfort and breathability throughout the day. it has a trim fit that hugs the body gently while still maintaining a relaxed appearance. this versatile piece works well in both formal and casual settings. for a business setting, pair it with slacks and a blazer for a polished look. in more casual situations, match it with chinos and loafers for a stylish yet understated vibe. its timeless design ensures it will remain relevant season after season."
8ff91827-8e8f-5214-95d1-9337469f9e4e,jpg,male,top,shirt,classic,dimgray with red plaid pattern,all-seasons,cotton,"this dingy gray short-sleeve plaid shirt features a classic design with a subtle red plaid pattern that adds a touch of elegance while maintaining a casual vibe. the shirt has a straight-cut collar and a slightly tailored fit, offering a contemporary yet understated appearance. its lightweight cotton fabric ensures comfort throughout the day, making it suitable for both office environments and more relaxed settings. it pairs well with chinos or slacks for a smart-casual look, or jeans for a weekend style. the subdued tones allow it to blend seamlessly into various ensembles, creating a versatile piece in any man's wardrobe."
55dff9ac-571d-57e1-90a8-171380c35166,jpg,male,top,pullover,classic,darkslategray,autumn winter,wool,"this darkslategray mens sweater is a classic pullover designed for warmth during autumn and winter seasons. made from high-quality wool, it provides excellent insulation against chilly weather. the pullover features a cozy, relaxed fit that hugs the body comfortably while maintaining ease of movement. its understated gray tone makes it versatile enough to pair with various outfits, creating both casual and semi-formal looks. it has a soft texture and subtle sheen, enhancing its aesthetic appeal. this piece can be worn as a standalone layer or paired beneath jackets and coats for added warmth. it complements dark and neutral tones well, allowing for effortless style combinations."
26c0d5ad-79f4-5ff2-9713-3e3ed123d96b,jpg,male,top,pullover,classic,darkslategray,all-seasons,wool,"this darkslategray men's sweater pullover features a classic style that exudes sophistication and understated elegance. made from high-quality wool, it offers warmth and comfort throughout various seasons. the soft texture and subtle color provide a versatile option for everyday wear. its simple yet refined design makes it suitable for both casual and semi-formal occasions. this piece can easily be paired with jeans, chinos, or trousers for a smart-casual look. it also works well as part of a layering system in colder weather, adding depth and style to outerwear combinations."
0ca3b1b0-9974-5a1c-bed1-ce125fa4f6a7,jpg,male,top,sweater,classic,darkslategray,all-seasons,wool,"this classic darkslategray sweater features a cozy, traditional style that exudes sophistication and warmth. made from high-quality wool, it offers excellent insulation against chilly weather while maintaining breathability in warmer climates. the subtle texture adds depth and character to its appearance. its relaxed fit allows for easy layering under jackets or over button-down shirts, creating versatile outfit options suitable for both casual and business settings. this piece pairs effortlessly with chinos, jeans, or slacks, showcasing its timeless appeal."
cc675376-c165-5503-a22e-eb79fb87a55b,jpg,male,footwear,sneakers,casual,dark gray with green accents,all-seasons,canvas and rubber,"these vans old skool sneakers feature a dark gray canvas upper with subtle green accents. the classic style includes the iconic side stripe detail, which adds a touch of retro charm. these shoes have a comfortable cushioned sole that provides excellent support and durability. they are perfect for everyday wear, whether you're running errands, going to the gym, or simply chilling around town. match them with jeans or shorts for a casual look, or pair them with cargo pants for a more rugged aesthetic. their all-season design makes them suitable for various weather conditions."
f0463b95-6e56-5749-9530-0f251ffcc23e,jpg,male,footwear,boot,casual,wheat,all-seasons,leather,"these sienna timber 6-inch boots feature a casual style that pairs effortlessly with various outfits. crafted from durable leather, these boots offer comfort and support while maintaining a sleek appearance. the wheat-colored upper provides a versatile option that complements both formal and informal ensembles. with a classic mid-calf height, they provide ankle support and add a touch of sophistication to everyday wear. these boots can be worn with jeans, chinos, or even dress pants for a polished look. for maximum versatility, consider pairing them with a casual shirt and leather jacket during autumn or winter months."
cb113768-003d-5558-b795-7ca2fee3ace2,jpg,male,outerwear,trench coat,classic,darkslategray with gray,autumn,cotton blend,"this darkslategray trench coat features a classic design with subtle hints of gray in its fabric. it has a sophisticated and understated appearance that exudes elegance and timeless appeal. the coat's tapered silhouette provides a flattering fit while showcasing modern tailoring techniques. a sturdy belt is included, allowing users to customize their look by adjusting the waistline to achieve a tailored fit. this versatile piece can be worn over casual shirts and jeans during autumn evenings or paired with smarter attire such as button-down shirts and trousers for business occasions. its all-seasons functionality makes it suitable for both chilly days and transition periods between seasons."
a06470f3-47a1-53dc-9666-2634c3ef91db,jpg,male,bottom,shorts,casual,dark gray,summer,cotton,"these dark gray men's shorts are made from soft, breathable cotton fabric, offering comfort and durability during warm weather activities. the casual style allows them to be paired effortlessly with a variety of tops and shoes. with their straight cut and slightly cropped length, these shorts create a clean and streamlined appearance. they can be worn alone as part of a relaxed summer outfit or combined with a light button-down shirt and sandals for a polished look. these shorts also work well in layering scenarios where they can add texture and depth to more formal ensembles."
deb02152-91b2-5a72-9745-b4b609bf538b,jpg,male,outerwear,jacket,outdoor,darkslategray,autumn,nylon with durable water repellent coating,"the north face down jacket in darkslategray is a versatile piece designed for outdoor adventures and everyday wear. crafted from high-quality nylon fabric treated with durable water repellent (dwr) coating, this jacket provides excellent weather resistance and breathability. its sleek silhouette features a modern fit that transitions effortlessly between casual and active occasions. key design elements include adjustable cuffs and hem for added comfort and windproofing, as well as reflective strips for enhanced visibility during low-light conditions. the jacket boasts contrast stitching and north face branding on the chest, creating a stylish yet functional look. it pairs well with both formal and casual bottoms such as chinos, jeans, or cargo pants, allowing for easy layering options depending on the season and temperature. this jacket exudes a rugged yet sophisticated vibe, making it suitable for hiking, cycling, or city commuting."
31602703-4a2d-5217-acba-5502d8f43063,jpg,male,outerwear,jacket,casual,sienna plaid with black and white accents,autumn,cotton,"this sienna-colored plaid jacket features striking black and white wording that reads 'we are the only ones' across its chest. the fabric is made from high-quality cotton, offering both comfort and durability. its casual style makes it perfect for everyday wear, especially during autumn months when it's slightly chilly but not too cold. the jacket has a relaxed fit with a boxy silhouette that falls midway between trench coats and oversized jackets. the plaid pattern adds texture and interest while also being versatile enough to pair with various outfits. pair it with skinny jeans or chinos for a contemporary look, or layer it over a button-down shirt for a more polished vibe. this jacket's versatility allows it to be worn in different contexts—from brunch dates to casual meetings or evenings out."
ae706592-6a79-5d2a-b99c-8b762dd924d1,jpg,male,bottom,shorts,casual,"dimgray with white, blue, and black stripes",summer,cotton,"these dimgray shorts feature a unique design with white, blue, and black stripes running horizontally across the fabric. the stripes create a dynamic and eye-catching pattern that adds style and versatility to any outfit. the shorts have a relaxed fit, ensuring comfort while maintaining a modern silhouette. they are ideal for casual summer days at the beach, poolside, or even as part of a laid-back weekend look. pair them with a simple t-shirt and sandals for a chilled vibe, or combine them with a button-down shirt and loafers for a more polished appearance. their lightweight cotton material makes them perfect for warm weather, offering breathability and durability."
289f494f-b76f-54db-af24-fe2628755399,jpg,male,top,hoodie,casual,darkslategray with green accents,all-seasons,fabric,"this darkslategray hoodie features a distinct green accent that adds depth and style. the front is equipped with a functional zipper, allowing for easy adjustment based on comfort levels. its casual design makes it suitable for everyday wear, whether you're chilling at home or running errands around town. with its cozy fabric and loose fit, this hoodie provides a relaxed vibe while maintaining warmth and comfort in cooler weather. it pairs well with jeans, shorts, or even sweatpants, offering versatility in various outfits. pairing it with brighter bottoms like red or orange pants will create a bold contrast, while matching it with darker bottoms such as black jeans will achieve a more understated look."
ec4ae89b-9b75-55f6-aa6c-0e7c4ad8bddd,jpg,male,footwear,sneakers,casual,rosybrown with beige upper and white soles,all-seasons,synthetic leather and rubber,"these rosybrown sneakers feature a charming beige upper paired with bright white soles. the design showcases a clean-cut casual style that effortlessly transitions between everyday wear and weekend activities. with their sleek silhouette and lightweight construction, these shoes provide comfort throughout the day while maintaining a stylish appearance. the beige upper adds a touch of sophistication to the classic rosybrown hue, making them versatile enough to match with various outfits. these sneakers can be paired with jeans, shorts, or even formal trousers for a polished look. their durable synthetic leather upper ensures lasting durability, while the rubber soles offer excellent grip and protection against slippery surfaces."
84158cdc-4c13-5bdc-9e77-53f0d04068fe,jpg,male,top,sweater,classic,darkslategray,all-seasons,wool,"this darkslategray turtle neck sweater features a classic rib knit texture, providing a cozy and warm feel. the sleek design enhances its timeless appeal, making it suitable for both formal and casual settings. the subtle gray tone adds sophistication while maintaining a modern look. it can be paired effortlessly with dress pants or khakis for a business-casual ensemble, or layered under a blazer for a polished appearance. additionally, it pairs well with jeans and a scarf for a more relaxed vibe during autumn evenings."
2fd6bd7a-7f6e-5b8d-b7b7-7306e156a774,jpg,male,top,t-shirt,casual,darkslategray with navy accents,all-seasons,cotton,"this darkslategray t-shirt features a distinctive navy colored band around the collar and cuffs, creating a sharp contrast that adds visual interest. the soft cotton fabric ensures comfort while maintaining a modern, casual look. it has a relaxed fit with a slightly tapered bottom hem, allowing for easy layering under jackets or over jeans. this versatile piece can be worn in various contexts—from day-to-day activities to weekend outings. for matching suggestions, consider pairing it with light-wash jeans and loafers for a laid-back urban style, or combine it with chinos and a blazer for a more polished ensemble. its unique design allows it to stand out from traditional t-shirts while remaining practical and functional."
14b35a50-10ab-53ec-9184-8e41f27849ec,jpg,male,top,shirt,casual,gray with plaid pattern,all-seasons,cotton,"this gray shirt features a classic plaid pattern that adds a subtle touch of style and texture. the fabric is made from high-quality cotton, ensuring comfort and durability throughout various occasions. the shirt has a relaxed fit with slightly tapered sleeves, creating a flattering silhouette. it can be worn casually paired with jeans and chinos, or dressed up with slacks and a blazer for a more formal look. its versatile design allows for multiple outfit combinations, making it an essential piece in any man's wardrobe."
d140f4d4-8b45-525d-aa22-53b21460c6ac,jpg,male,outerwear,jacket,classic,darkslategray with blue and brown plaid,autumn,wool blend,"this darkslategray jacket features a striking blue and brown plaid pattern that adds depth and sophistication to its design. the classic style ensures versatility in various occasions, making it suitable for both formal and casual settings. with its tailored fit and elegant detailing, this jacket showcases impeccable craftsmanship. the warm wool blend material provides comfort and insulation during autumn evenings. it pairs effortlessly with trousers, jeans, or chinos, creating a polished look whether worn alone or layered under a sweater. this jacket exudes a refined yet approachable vibe, enhancing one's overall appearance."
324c2098-8228-56a7-ada6-7bf14a01ffcd,jpg,male,outerwear,cardigan,classic,slategray,all-seasons,cashmere,"this slategray classic cashmere cardigan features a zip-up closure, providing both style and functionality. the soft texture of the cashmere ensures comfort while the zipper detail adds a modern touch. it has a slightly oversized fit that drapes elegantly over the body, creating a relaxed yet sophisticated look. this piece is versatile enough to pair with casual trousers and jeans for a weekend getaway or dress it up with a button-down shirt and chinos for a more formal setting. its neutral tone makes it easy to integrate into various outfits, enhancing its versatility across different seasons."
255f86e4-6a04-5efd-b755-5f504fb19836,jpg,male,top,shirt,classic,darkslategray with black and white stripes and white collar,all-seasons,cotton,"this darkslategray shirt features a striking combination of black and white horizontal stripes on its body, while maintaining a traditional white collar that adds a touch of elegance. the classic style makes it versatile enough for both formal and casual occasions. its smooth cotton fabric ensures comfort throughout the day. this shirt pairs well with trousers or slacks for a smart look in business settings, or it can be worn casually under a blazer or cardigan for a more relaxed vibe. the subtle yet sophisticated stripes add interest to any outfit, making it an excellent addition to any man's wardrobe."
bd8d50f5-d37c-59a3-bd74-f1521947aa74,jpg,male,swimwear,bathing_suit,casual,gray with pink accents and palm tree print,summer,latex or nylon,"this gray men's swimming suit features a bold pink accent and a tropical palm tree print. the suit has a classic cut with a flatlock stitching technique that ensures comfort and durability. its sleek design provides excellent coverage while still maintaining a sporty look. the lightweight material makes it ideal for warm summer days at the beach or poolside. this suit pairs well with casual shorts or boardshorts, as well as sunhats and sunglasses for a complete laid-back ensemble. it can also be worn under trunks for added style and protection from the sun's rays."
76b08696-4702-5404-8dce-0045955ee40b,jpg,male,footwear,desert boots,classic,dark gray,all-seasons,sueding,"these dark gray desert boots are crafted from premium sueding material, offering both comfort and style. the classic desert boot silhouette features a pointed toe, rounded edges, and a slight heel that adds height while maintaining a casual vibe. sueding material provides a soft texture and unique sheen, making these shoes versatile enough for various occasions. they pair effortlessly with chinos, jeans, or khakis for a polished look during autumn or winter months. additionally, their all-seasons design allows them to transition seamlessly between spring and summer, enhancing your everyday wardrobe."
7c4a42f9-643d-599f-a55e-862088b4b9f7,jpg,male,bottom,trousers,classic,dark olive green,all-seasons,wool and cotton blend,"these dark olive green pleated trousers are crafted from a luxurious blend of wool and cotton, offering both comfort and sophistication. the classic pleats add a touch of elegance while maintaining a relaxed fit. the fabric is lightweight yet durable, making them suitable for various occasions throughout the year. they pair well with a button-down shirt for a smart-casual look or can be dressed up with a suit jacket for a more formal ensemble. the subtle texture of the wool-cotton blend adds depth and character to the garment, creating a versatile piece that can easily transition between workdays and weekends."
b3c89d3a-e230-510d-ada0-82327de0493f,jpg,male,footwear,sneakers,casual,dimgray,all-seasons,canvas,"these dimgray converse chuck all star ox shoes feature a classic canvas upper with durable rubber soles. the low-cut design offers comfort and versatility while maintaining a timeless style. the minimalist aesthetic complements both casual and business-casual outfits. these shoes pair well with jeans, chinos, shorts, and even formal trousers. they create a clean and understated look that can be easily incorporated into various outfits."
f87496bc-b7c4-505c-9910-a8f2579fe75d,jpg,male,top,polo shirt,classic,dark olive green,all-seasons,cotton,a dark olive green colored classic style polo shirt made from premium cotton fabric. the shirt features a clean-cut collar and a three-button placket design that gives it a smart and formal appearance. it has a slightly relaxed fit which provides comfort while maintaining its polished look. this versatile piece can be worn both casually on weekends or paired with trousers and a tie for a more business-like setting. its olive green hue adds sophistication and makes it stand out in a crowd. pair it with khakis or chinos for a casual yet elegant ensemble.
dcb86eac-99d0-5fb3-a70c-533a09f31f98,jpg,male,top,polo shirt,casual,white with silver zipper,all-seasons,cotton,"this elegant silver zippered white polo shirt features a clean-cut design with a modern twist. the subtle silver zipper detail adds sophistication and style to the classic polo shirt silhouette. it has a trim fit that enhances the wearer's physique while providing comfort and ease of movement. this versatile top can be worn casually during weekends or paired with smart trousers for a more formal look. its all-seasons nature makes it suitable for various occasions throughout the year. match it with khakis, chinos, or even skinny jeans for a stylish outfit. the lightweight cotton fabric ensures breathability and comfort in both warm and cool weather."
3989d4b7-7060-51db-b09c-d9d5c230e696,jpg,male,bottom,jeans,casual,darkslategray with black detailing,all-seasons,denim,"these darkslategray jeans feature a timeless classic style that pairs effortlessly with a variety of tops and shoes. the fabric is made from durable denim, offering comfort and durability. the jeans have a straight leg fit, creating a modern silhouette that flatters most body types. the dark gray color provides a versatile option that can be worn in both casual and semi-formal settings. these jeans can be paired with a simple white t-shirt and white sneakers for a clean, minimalist look, or dressed up with a button-down shirt and loafers for a more polished appearance. their understated color makes them suitable for everyday wear while still adding sophistication."
2f298516-47ff-5f20-a99e-71c7d23cff3a,jpg,male,shoe,sneaker,sport,"darkslategray, black, white",all-seasons,"leather, synthetic","the nike air jordan 1 retro in darkslategray, black, and white offers a timeless design that exudes style and sophistication. its classic high-top silhouette features premium leather upper with signature swoosh logo and 'jump man' emblem on the tongue. the smooth leather texture provides comfort and durability while the lightweight cushioning ensures maximum comfort during wear. this shoe pairs effortlessly with casual outfits such as jeans and a hoodie or dressy ensembles like chinos and a button-down shirt. it also works well with other sports-inspired looks, making it versatile enough for both everyday wear and special occasions."
ec5bf106-bf12-584e-a230-3936471dd117,jpg,male,suit,suit,classic,dimgray with white and black accents,all-seasons,wool blend,"this dimgray suit exudes sophistication and understated elegance. crafted from a high-quality wool blend, it offers exceptional comfort and durability while maintaining a refined appearance. the classic two-button design features a straight cut that emphasizes a tailored fit, creating a clean and modern silhouette. its slim profile enhances a streamlined look, making it ideal for both formal occasions and business settings. the combination of dimgray fabric with contrasting white shirt and black shoes provides a timeless yet polished ensemble. this suit pairs effortlessly with various accessories such as a navy tie, charcoal waistcoat, or even a subtle patterned cravat. it also works well with neutral tones like cream or taupe, allowing for versatile matching options throughout the year."
9ee4d83c-f860-53b3-8ad6-5a0ebeaad32c,jpg,male,outerwear,jacket,classic,dimgray with green accents and black details,all-seasons,cotton blend,"this dimgray jacket features a subtle green accent and a striking black collar, offering a classic yet sophisticated look. the zipper closure provides ease of wear while maintaining a clean aesthetic. its fabric blend ensures comfort and durability throughout various seasons. ideal for both casual and semi-formal occasions, this jacket pairs well with chinos, jeans, or slacks. it creates a polished impression when worn alone or layered under a sweater or shirt. the contrasting green detail adds a touch of sophistication, making it versatile enough for everyday wear."
26691d5b-d609-5a5b-84e2-bfc2f6f35c1e,jpg,male,outerwear,jacket,classic,darkslategray with black accents,all-seasons,leather,"this darkslategray leather jacket features a sleek classic style with minimalist detailing. made from high-quality leather, it has a zipper closure providing both functionality and elegance. the dark gray hue offers a sophisticated touch while still maintaining versatility across various occasions. its smooth texture complements formal outfits such as suits or casual ensembles like button-down shirts and jeans. pair it with tailored pants or chinos for a polished look during autumn evenings or layer it under coats in winter for added warmth."
e563c75f-a7f9-51b3-bec1-227677ae15ac,jpg,male,outerwear,jacket,classic,brown with red accents and white trims and collar,winter,knitwear,"this classic brown knit jacket features vibrant red accents on its trim and a crisp white collar, adding both style and sophistication. the jacket has a relaxed fit with a straight-cut silhouette that provides comfort while maintaining elegance. its soft texture from high-quality knit fabric makes it ideal for layering during cold weather. it pairs well with casual pants or slacks for a smart-casual look, or can be dressed up further with formal attire such as suits or tailored shirts. the white trims and collar provide contrasting highlights, making it versatile enough for various occasions."
1cfa7b66-b2ab-5b50-ad4d-2172a4dfc1dc,jpg,male,top,t-shirt,casual,black with navy accents,all-seasons,cotton,"this black t-shirt features subtle navy accents that create a modern and sophisticated look. made from high-quality cotton, it offers comfort and breathability while maintaining durability. the cut is classic and versatile, fitting snugly yet comfortably around the torso. its casual style makes it suitable for everyday wear, whether paired with jeans, chinos, or even dress pants. the navy accents add a touch of elegance, making it perfect for both formal and informal occasions. this piece can easily be mixed and matched with various bottoms and accessories, offering endless styling possibilities."
36690c9e-39cb-5ba3-a262-4f8cafbe819c,jpg,male,top,sweater,casual,rosybrown with beige base and colorful argyle pattern,all-seasons,knitwear,"this rosybrown sweater features a subtle beige base color with vibrant argyle patterns in various bright hues such as red, blue, green, and yellow. the soft and cozy knit fabric offers warmth and comfort while maintaining a casual yet stylish appearance. its relaxed fit and versatile design make it suitable for both daytime and evening wear. pair it with chinos or jeans for a casual look, or dress it up with slacks and a button-down shirt for a more formal setting. the unique combination of colors and textures adds depth and interest to any outfit, making it an ideal piece for everyday wear."
68532f52-14d0-55d8-9fe9-5a9c53df6c22,jpg,male,outerwear,jacket,classic,darkslategray with black and fur,winter,leather with fur trim,"this darkslategray leather jacket features a luxurious fur collar that adds warmth and style. the leather is smooth and supple, providing comfort and durability. the classic design offers a sophisticated look suitable for both formal and casual occasions. it can be paired with dress pants for a smart appearance or jeans for a more relaxed vibe. the fur collar not only enhances the texture but also provides insulation against cold weather. this jacket can create a sense of elegance and sophistication while maintaining versatility in various settings."
fc05a11d-00e8-56a5-a9d4-a9514a0cd1fe,jpg,male,bottom,shorts,casual,darkslategray,summer,polyester,"these darkslategray polo ralph swim shorts feature a casual yet sophisticated design that perfectly balances style and comfort. made from lightweight polyester fabric, these shorts offer excellent breathability and quick-drying properties, making them ideal for warm weather activities such as swimming, lounging by the pool, or enjoying outdoor events. the short length ensures maximum mobility while still maintaining a smart appearance. the contrasting monochrome checkered pattern adds a subtle touch of elegance, enhancing the overall look. these shorts pair well with a variety of tops, such as tank tops, t-shirts, or button-down shirts, creating a versatile outfit suitable for both formal and informal occasions."
7f1e5b29-1b87-5ce5-91ac-c9d1aa35c2e4,jpg,male,bottom,pants,classic,darkslategray with brown plaid pattern,all-seasons,wool blend,"these darkslategray classic pants feature a timeless brown plaid pattern that adds sophistication and depth to any outfit. made from a wool blend fabric, they offer comfort and durability while maintaining elegance. the classic fit ensures a flattering silhouette that hugs the body without being too tight, creating a polished appearance. these pants are versatile enough to be worn in various contexts, whether paired with a casual shirt and blazer for a smart-casual look or combined with a button-down shirt and cardigan for a more formal ensemble. they can also work well as part of a layered outfit during autumn or winter, providing warmth and style."
805937e3-dd02-5e3d-bdcf-406081112946,jpg,female,footwear,running_shoes,athletic,gray,all-seasons,synthetic_leather_and_cotton,"these new balance 996 women's running shoes feature a classic gray synthetic leather upper with mesh panels for breathability. the shoes have a durable and lightweight construction, offering exceptional comfort during long runs. the dual-density midsole provides cushioning and support while the forefoot flex grooves allow natural foot movement. they come with a flexible rubber outsole that offers grip on various terrains. these shoes are perfect for both casual runs around town and competitive races. they can be paired with athletic shorts, leggings, or even skinny jeans for a modern street style look."
81b72367-47e0-5834-9d5f-f87eae488162,jpg,male,top,t-shirt,casual,dark gray with gray,all-seasons,cotton,"this dark gray t-shirt features a simple yet elegant design with a round neck and short sleeves. made from high-quality cotton, it offers comfort and breathability while maintaining durability. the subtle shade of gray provides versatility in matching with various outfits. its classic style makes it suitable for both casual day-to-day wear and more formal occasions when paired with chinos or dress pants. it can also be layered under jackets during colder months. this t-shirt can easily complement a variety of bottoms such as jeans, trousers, shorts, or even skirts for a stylish look."
e7e207b3-7449-5a89-bbfc-e1e8d07fed88,jpg,male,outerwear,jacket,casual,dimgray with patches,all-seasons,cotton,"this dimgray jacket features patchwork detailing on both front and back panels, creating a unique and trendy look. the fabric is made from high-quality cotton, ensuring comfort and durability throughout various weather conditions. its casual style makes it versatile enough to pair with jeans, chinos, or even trousers for a laid-back yet stylish appearance. it complements various color palettes, allowing you to mix and match with different bottoms and tops effortlessly. whether you're heading to work, running errands, or hanging out with friends, this jacket adds character and individuality to your outfit."
d2db7904-a4b2-51c5-a9ed-87fefdde2620,jpg,male,footwear,sneakers,casual,dark gray with white accents,all-seasons,canvas and rubber,"these dark gray converse low top sneakers feature a classic style with white canvas panels as accents. the shoe has a clean and simple design that can effortlessly transition from casual everyday wear to more laid-back weekend outfits. the comfortable rubber sole provides excellent grip and durability, making them suitable for both indoor and outdoor activities. they can be paired with jeans, chinos, shorts, or even dress pants for a versatile look. these shoes create an impression of comfort and practicality while maintaining a stylish appearance."
f74b376c-70d0-5e4d-8f0e-52e34f455902,jpg,male,bottom,swimsuit,casual,darkslategray with contrasting stripe,summer,polyester,"this darkslategray boys' swimsuit features a bold contrasting stripe detail running along its length, creating a dynamic visual effect. the suit has a relaxed fit that hugs the body without being too tight, offering both comfort and support during swimming activities. its lightweight polyester fabric ensures excellent breathability and quick-drying properties, making it ideal for warm summer days at the pool or beach. this style can easily be paired with a matching cap or towel for a coordinated look. additionally, it can be mixed and matched with other casual wear items such as t-shirts, shorts, or sandals for versatile outfit combinations."
f18a6a53-6558-5f2d-9b2f-154c341210ab,jpg,male,footwear,shoe,classic,dark olive green with brown leather and black sole,all-seasons,leather,"these dark olive green shoes feature a luxurious brown leather upper that compliments both casual and formal attire. the classic design showcases a refined and understated elegance, making them versatile enough for various occasions. the black sole adds sophistication and balance to the overall appearance. these shoes have a sturdy construction, ensuring comfort and durability throughout wear. they pair well with chinos, slacks, or even smart-casual trousers. for a polished look, they can be paired with a suit or dress pants for business settings. alternatively, they work perfectly with jeans and sweaters for a more relaxed vibe."
2a58a9a2-0df4-5c1e-90f0-c2a51c144948,jpg,male,top,shirt,classic,dimgray with check pattern,all-seasons,cotton,"this dimgray short-sleeved shirt features a subtle check pattern that adds sophistication and elegance. the classic style makes it versatile enough for both formal and casual occasions. the lightweight cotton fabric ensures comfort throughout the day. its clean lines and simple design allow it to pair effortlessly with various bottoms such as chinos, trousers, or jeans. for a more polished look, team it with a suit jacket and tie for business meetings or special events. alternatively, wear it casually under a blazer or layered over a t-shirt for weekend outings."
fffa3563-be52-5e48-9082-e90b3f0a3305,jpg,male,outerwear,jacket,classic,dark olive green with brown and black accents,autumn,fabric with fur collar,"this dark olive green jacket features a luxurious fur collar in brown and black hues, adding a touch of sophistication and warmth. the classic style of this piece ensures versatility and timeless appeal. with its well-cut silhouette, it offers a smart yet casual look that complements both formal and informal attire. pair it with chinos or trousers for a polished ensemble, or layer it over a button-down shirt and jeans for a more relaxed vibe. its fur collar adds an elegant finishing touch, making it suitable for autumn evenings when temperatures drop."
980e4621-9caa-5094-8d7c-bb208ecc61d3,jpg,male,outerwear,jacket,casual,black,all-seasons,denim,"the levi's sherp sherp jacket is a timeless classic in black denim. its casual style makes it versatile enough for everyday wear while maintaining a rugged look. the jacket features functional details such as buttons and patches that add character and authenticity. with its cozy comfort and durable construction, it can be paired effortlessly with jeans, tees, and even dress shirts for a more polished vibe. this jacket is perfect for those who appreciate simplicity and want to create a laid-back yet stylish outfit."
429d4cf4-bd62-5e22-9d63-d8302d167258,jpg,male,top,shirt,casual,dimgray with green geometric pattern,all-seasons,cotton,"this dingy gray shirt features a vibrant green geometric pattern on its front. the fabric is made from high-quality cotton, ensuring comfort and durability. its casual style makes it suitable for everyday wear, whether paired with jeans or khakis. the unique geometric design adds an interesting touch, making it stand out in any outfit. this shirt can be easily dressed up or down depending on the occasion. it pairs well with jeans, chinos, or even shorts during warmer months. for a more formal look, consider pairing it with slacks and a blazer."
703a8693-f4d5-53e9-b0b2-9823034fb0bf,jpg,male,top,shirt,classic,dimgray with blue plaid,all-seasons,cotton,"this dingy gray button-down shirt features a striking blue plaid pattern that adds a sophisticated touch to any ensemble. the classic style makes it versatile enough for both formal and casual occasions. with its preppy plaid design, this shirt pairs well with khakis, chinos, or even jeans for a more relaxed look. it has a traditional collar and cuffs, which give it a refined appearance when paired with a tie and suit jacket. its cotton fabric ensures comfort and breathability throughout the day. this shirt can also be worn on its own under a sport jacket or blazer for a smart-casual vibe."
b02c61cb-d734-5a3f-a954-21a3b240ed9f,jpg,male,outerwear,cardigan,classic,gray with red buttons,all-seasons,wool blend,"this classic gray cardigan sweater features a subtle charcoal shade that exudes understated sophistication. it boasts a comfortable fit with a slightly relaxed silhouette, perfect for layering over casual shirts or formal button-downs. the distinguishing feature is its single row of red buttons down the front, adding a pop of vibrant color against the muted background. this versatile piece can easily transition from everyday wear to smart-casual events. pair it with chinos or jeans for a polished yet laid-back look, or combine it with tailored trousers and a dress shirt for a more refined appearance."
72728049-eaf9-5292-a8a0-1d27a137abc4,jpg,male,footwear,sneakers,casual,dark gray with black accents,all-seasons,leather,"these dark gray sneakers feature a sleek and modern design with a smooth leather upper. the matte finish adds sophistication while maintaining comfort. black laces provide a sharp contrast against the grey base, enhancing the overall aesthetic appeal. these shoes are versatile enough to complement both casual and semi-formal outfits. they work well with jeans, chinos, and even trousers for a more polished look. for a sporty vibe, they can also be paired with tracksuits or sweatpants for an athletic-chic style."
84417f52-98fb-574d-9575-6729a7319ddc,jpg,male,bottom,shorts,classic,darkslategray with black accents,all-seasons,cotton,"these darkslategray-and-black shorts feature a classic style with a timeless appeal. the primary color is a deep, rich shade of darkslategray, which provides a sophisticated touch while the black accents add a modern edge. made from high-quality cotton fabric, these shorts offer comfort and durability. they have a mid-rise waistline and a straight leg cut that falls just above the knee, creating a clean and polished look. these shorts pair well with a variety of tops such as button-down shirts, t-shirts, or even casual sweaters. for a more formal appearance, they can be paired with a crisp dress shirt and loafers. alternatively, they work perfectly with a relaxed t-shirt and trainers for a more laid-back vibe. their versatile nature makes them suitable for both business meetings and casual gatherings."
6b8ca2e9-f8a5-514a-97ac-19f042a7c93b,jpg,male,top,jersey,athletic,goldenrod with los angeles lakers team logo,all-seasons,polyester,"this goldenrod colored los angeles lakers jersey showcases the iconic team logo emblazoned on the front. it features a relaxed fit, providing comfort while maintaining style. the jersey's polyester construction ensures breathability and durability, making it suitable for both casual wear and athletic activities. this versatile top can be paired with jeans, shorts, or even track pants for a casual weekend look. additionally, it pairs well with other sports-inspired accessories such as hats, shoes, and socks to complete the ensemble. its bold color and distinctive design make it perfect for expressing fandom and creating a dynamic outfit."
fbca6bf8-d7a4-5bb9-8210-3e47acde17e0,jpg,male,top,jersey,casual,brown with red accents,all-seasons,polyester,"this brown jersey features bold red accents and the number 33 prominently displayed across its chest. made from lightweight polyester fabric, it offers comfort and breathability suitable for various occasions. the casual style makes it ideal for everyday wear, whether it's worn alone as a layering piece under a blazer or paired with jeans and sneakers for a relaxed look. it pairs well with both formal and informal bottoms like trousers, shorts, or even cargo pants. its versatile design allows for easy customization depending on the outfit's formality level."
e535d1ae-2296-5363-920c-21478579bbb5,jpg,male,outerwear,vest,casual,lightslategray,all-seasons,polyester,"the north face men's stretch vest is a versatile piece that effortlessly transitions between casual and sporty styles. crafted from lightweight yet durable polyester fabric, this vest offers both comfort and functionality. its sleek design features a smooth texture and a modern silhouette, making it ideal for layering under jackets or wearing alone on milder days. the stretchy material provides excellent mobility and fit, ensuring freedom of movement while maintaining shape throughout the day. this vest pairs well with jeans, chinos, or trousers for a smart-casual look, while its subtle gray tone adds sophistication to any outfit. it can also be worn as part of an active lifestyle, pairing perfectly with joggers or track pants for workouts or leisurely walks."
376e87d7-edb8-5160-a8da-8ccd53204a35,jpg,male,top,t-shirt,casual,"darkslategray with white, red, and black stripes",all-seasons,cotton,"this darkslategray men's t-shirt features a bold white base with striking red and black horizontal stripes running across its width. the top boasts a relaxed fit and short sleeves, creating a casual yet stylish look. its versatile design allows for numerous outfit combinations, making it suitable for both daytime activities and informal evenings. pair it with dark jeans and loafers for a smart-casual ensemble, or combine it with chinos and sneakers for a more laid-back vibe. additionally, it's perfect for layering under outerwear during colder months, adding depth and texture to your autumn or winter outfits."
29081bf2-a330-584e-ab6c-2435c6254c52,jpg,male,outerwear,cardigan,classic,black with navy and white accents,all-seasons,wool,"this classic black cardigan sweater features elegant navy blue detailing around the cuffs, collar, and buttons, complemented by subtle white trims on the cuffs and buttons. the soft wool fabric provides warmth and comfort while maintaining a sophisticated appearance. it has a relaxed fit with a boxy silhouette that flows smoothly from shoulders to hem, creating a modern yet understated look. this versatile piece can be worn as part of both formal and casual ensembles. pair it with skinny jeans and a button-down shirt for a smart-casual outfit, or layer it over a t-shirt and chinos for a more laid-back vibe. its unique design allows it to blend effortlessly into various occasions, whether you're heading to work, meeting friends, or attending social events."
2e68f1ac-d8b4-5420-a8ac-0f18f968d92c,jpg,male,top,sweater,classic,darkslategray with navy accents,all-seasons,wool blend,"this darkslategray navy sweater features a classic buttoned collar and a ribbed knit finish. it offers a refined and sophisticated look that complements both casual and formal settings. the dark gray base with subtle navy accents provides versatility in pairing options. its soft wool blend fabric ensures comfort while maintaining its smart appearance. this sweater pairs well with chinos, trousers, or jeans for a polished yet relaxed vibe. it can also be layered under jackets or coats during colder months, creating a cozy and elegant ensemble."
cb598f12-5b08-534b-908a-aee228d80b6d,jpg,male,top,shirt,classic,darkslategray with green accents,all-seasons,cotton,"this darkslategray shirt with subtle green accents features a classic collar and short sleeves, offering a sophisticated yet understated appearance. the collar adds elegance while the short sleeves provide versatility in various weather conditions. made from high-quality cotton, this shirt ensures comfort and durability. it pairs well with slacks for a smart casual look or jeans for a more relaxed vibe. the dark shade gives off a mature and polished impression, making it suitable for both formal and semi-formal occasions."
7abed1c7-8c08-5df2-950c-e2e3eaa40319,jpg,male,top,sweater,classic,darkslategray with navy accents,all-seasons,wool blend,"this darkslategray and navy turtle neck sweater features a luxurious wool blend fabric that offers both warmth and comfort. the classic style and minimalist design make it versatile enough for everyday wear while still maintaining a sophisticated look. its sleek turtle neck provides coverage and sophistication, enhancing its appeal in various settings. this sweater can easily be paired with slacks or jeans for a polished casual ensemble. it can also be layered under jackets during colder months to create a cozy yet refined appearance. its timeless elegance makes it suitable for business meetings, dinner dates, or even formal events."
316b6056-b43f-5922-ac0e-a87d4f857a77,jpg,male,top,sweatshirt,casual,dark olive green with white background and brown accents,all-seasons,fleece,"this dark olive green sweatshirt features a bold contrasting white background with subtle brown accents. the soft fleece material provides comfort and warmth, making it ideal for everyday wear during autumn and winter months. its casual style allows for versatility in matching with various bottoms such as jeans, chinos, or cargo pants. the lightweight yet cozy fabric ensures breathability while maintaining insulation against cold weather. this sweatshirt can also be paired with smart casual trousers for a more formal look when transitioning from daytime activities to evening events."
d0b6c447-ec20-5fac-9383-0969d976d182,jpg,male,outerwear,jacket,sport,dimgray with brown accents,autumn,leather,"this dimgray leather bomber jacket features stylish patches prominently displayed on its front. the dark brown accents add depth and sophistication to the overall design. made from high-quality leather, this jacket offers both style and durability. its sporty yet classic appearance makes it perfect for casual outings, outdoor activities, or even weekend excursions. pair it with jeans and a tee for a relaxed look, or layer it over a button-down shirt and slacks for a more formal ensemble."
3b3a6ff4-2beb-5cf5-b058-b4e450b47f6f,jpg,male,top,shirt,classic,"dimgray with white, black, and brown patterns",all-seasons,cotton,"this drab gray shirt features a classic button-down style with subtle white accents that add a touch of elegance. the front boasts a sophisticated black and brown floral pattern, which adds depth and interest without being overly bold. made from high-quality cotton, this shirt is both breathable and durable, making it suitable for year-round wear. its casual yet refined appearance makes it perfect for business meetings, informal gatherings, or even weekend outings. pair it with dark jeans or chinos for a smart-casual look, or dress it up with slacks and a tie for a more formal setting."
c95bdb32-6248-51f4-8e7b-1498f30db850,jpg,male,top,t-shirt,casual,darkslateblue with small logo,all-seasons,cotton,"this darkslateblue t-shirt features a subtle yet sophisticated design with a small logo prominently placed on the front. made from high-quality cotton, it offers comfort and breathability while maintaining a stylish appearance. the classic casual style makes it versatile enough to pair with jeans, chinos, or even shorts during warmer months. it can also be layered under jackets or sweaters in colder weather, creating a cozy look that suits both office environments and relaxed social settings."
31b27d59-5178-5adb-a4b4-40cf4e1296b9,jpg,male,top,t-shirt,casual,dark olive green with brown accents,all-seasons,cotton,"this dark olive green t-shirt features a classic short-sleeve design with subtle brown accents, creating a sophisticated yet understated look. the soft cotton fabric ensures comfort while maintaining durability. its casual style makes it suitable for everyday wear, perfect for both informal occasions and relaxed weekdays. pair it with jeans or chinos for a smart-casual ensemble, or layer it over a button-down shirt for a more polished appearance. this versatile piece can also be worn as part of a laid-back weekend outfit, complementing light khakis or cargo pants."
8ccf32df-5706-53c6-b56d-66fbd533b46a,jpg,male,top,t-shirt,casual,dimgray with brown accents,all-seasons,cotton,"this drab gray t-shirt features a charming touch of light brown accents that add depth and warmth to its simple design. it has a classic round neckline and short sleeves, providing comfort and ease of movement. the fabric is soft and breathable, making it suitable for both casual everyday wear and relaxed weekend outings. this versatile piece can be paired with jeans, chinos, or even shorts for a cozy yet stylish look. its understated elegance allows it to blend effortlessly into various outfits, from causal street style to laid-back weekend attire."
7938b81a-b08c-5627-be74-8a493b0de338,jpg,male,outerwear,vest,classic,saddlebrown,all-seasons,sued,"this saddlebrown sued vest features a sophisticated classic style that exudes understated elegance. crafted from premium sued material, it boasts a luxurious texture and a subtle sheen. the vest's zipper closure adds functionality and convenience, making it easy to put on and take off. its simple yet refined design allows it to complement various outfits effortlessly. pair it with tailored trousers and a button-down shirt for a smart-casual ensemble, or dress it up further by adding a bow tie and a formal jacket for a more polished look. this versatile piece can also be worn as an accent layer over casual shirts and jeans for a chic weekend outfit."
06475178-a455-5ee8-8e9d-5ba58de7afd8,jpg,male,outerwear,jacket,classic,beige with silver accents,all-seasons,leather,"this silver-themed bomber jacket features a classic style with sleek beige leather as its base, showcasing elegant silver detailing on the lapels, zippers, and cuffs. the bomber jacket's cut offers a contemporary fit, accentuating the wearer’s frame while maintaining a sporty-chic appearance. its streamlined silhouette provides comfort and versatility for both formal and casual settings. this piece pairs well with skinny jeans, chinos, or tailored trousers for a polished look, while also working perfectly with casual denims and t-shirts for a more relaxed vibe. additionally, its versatile nature allows it to transition seamlessly between autumn and winter seasons, making it an essential addition to any man's wardrobe."
433b9948-0a66-50d4-9f1b-4d306383e700,jpg,male,footwear,boots,classic,darkslategray with brown accents,all-seasons,leather,"these darkslategray chelsea boots feature a classic design with a slightly pointed toe and medium height. the upper is made from premium leather in a deep darkslategray shade, while the lining and sole are crafted from high-quality leather as well. the boots have a brown stitching detail around the edges, adding a touch of sophistication and contrast. they offer excellent comfort and support due to their well-cushioned insoles and durable construction. these boots can be worn with casual outfits such as jeans and khakis, creating a smart-casual look. they also work perfectly with trousers and suits, providing a polished and sophisticated appearance. for everyday wear, they complement formal and semi-formal ensembles alike."
4d9c7d59-b5a1-5eb2-861e-31f9f5cc4d5a,jpg,male,outerwear,coat,classic,darkslategray,winter,wool,"this darkslategray men's wool coat exudes sophistication and understated elegance. crafted from premium wool fabric, it offers exceptional warmth and durability in cold weather conditions. the classic design features a single-breasted style with notched lapels, adding a timeless touch to any outfit. its smooth texture and sleek finish make it versatile enough for both formal and casual occasions. paired with dark trousers and a button-down shirt, it effortlessly transitions from daytime meetings to evening events. additionally, its subtle gray shade complements various skin tones and works well with neutral and monochrome ensembles."
9cfe7037-4cb0-56ed-a6c5-68a79568be87,jpg,male,footwear,sneaker,athletic,dark gray with blue accents,all-seasons,leather and synthetic materials,"these dark gray air jordan 1 low sneakers feature a premium leather upper with strategic blue accents that add a touch of contrast. the classic design includes a stitched toe box, suede panels on the collar and heel, and a visible air sole unit in the heel. this shoe is known for its iconic style and versatility, making it suitable for both casual and athletic wear. it pairs well with jeans, chinos, or track pants for a sporty look. for a more formal appearance, match them with tailored trousers and a crisp button-down shirt."
c64285df-4e83-54d9-ac89-15da37b730dc,jpg,male,footwear,sneaker,athletic,darkslategray with black and white accents,all-seasons,synthetic leather and mesh,"these new balance 57s in darkslategray with black and white accents feature a sleek and modern design. the upper consists of synthetic leather and mesh materials for durability and breathability. the classic minimalist aesthetic includes clean lines and a lightweight construction that enhances comfort during prolonged wear. with its versatile neutral tones, these shoes can easily be paired with various outfits. they are ideal for everyday casual wear, athletic activities, and light workouts. their understated elegance makes them suitable for both urban environments and outdoor adventures."
73531514-d2db-51e2-a8f5-45d6142ee028,jpg,male,top,shirt,classic,dimgray with geometric pattern,all-seasons,cotton,"a drab gray shirt featuring a subtle yet sophisticated geometric pattern that adds texture and depth to its appearance. the fabric is made from high-quality cotton, ensuring comfort and durability throughout various occasions. this classic top can be worn in both formal and casual settings, making it versatile enough for workdays or weekend outings. its sleek design complements tailored trousers, smart suits, or even relaxed denims. to maximize versatility, pair it with solid-colored pants or skirts for a polished look, or experiment with bright accessories like ties or scarves to inject some personality."
aa841db8-3871-53e3-9bfc-829ba99b7f1f,jpg,male,top,sweater,classic,dimgray with stripes,all-seasons,wool blend,"this drab gray sweater features a subtle yet elegant striped pattern in a monochromatic shade palette. the fabric is made from a high-quality wool blend that provides both warmth and comfort. the classic style lends itself well to both formal and casual settings, making it versatile enough for everyday wear. its understated elegance allows it to complement various styles effortlessly. it has a relaxed fit with a slightly oversized cut, creating a cozy vibe while still maintaining a polished appearance. pair it with chinos or jeans for a sophisticated look during autumn evenings or layer it over a button-down shirt for a business-casual ensemble."
495f523a-817a-5b32-8cdd-0f9417ef2da6,jpg,male,top,polo shirt,classic,dimgray with brown and white accents,all-seasons,cotton,"this dimgray polo shirt features a distinctive contrasting stripe in brown and white hues, adding sophistication and elegance to your ensemble. the classic style and subtle stripes make it versatile enough for both casual and semi-formal occasions. its comfortable cotton fabric ensures breathability and comfort throughout the day. this shirt pairs well with chinos, khakis, or even slacks for a polished look. it can also be worn casually under a blazer or layered over a button-down shirt for a more formal appearance. the clean lines and muted tones create a smart impression suitable for various settings."
94cab216-9abc-5942-bd17-ced97ec210d4,jpg,male,top,shirt,classic,darkslategray with navy accents,all-seasons,cotton,"a classically styled darkslategray button-down shirt featuring subtle navy accents. the fabric is smooth and lightweight cotton, providing comfort and breathability throughout the day. its clean lines and traditional design make it versatile enough for both formal and casual occasions. this shirt can be worn alone under a suit jacket for a smart-casual look or paired with khakis and loafers for a more relaxed vibe. additionally, its timeless style allows it to blend effortlessly into various ensembles, making it an essential piece in any man's wardrobe."
9cb97584-a863-5466-819b-2c44fce30618,jpg,male,top,shirt,classic,slategray with greek pattern,all-seasons,cotton,"this slategray dress shirt features a subtle yet elegant greek-inspired pattern that adds sophistication and depth to its design. the fabric is made from high-quality cotton, ensuring comfort and durability throughout various occasions. its classic style makes it versatile enough to pair with either casual or formal outfits. with its button-down collar and tailored fit, this shirt will enhance your overall appearance whether you're attending a business meeting, dinner party, or simply running errands around town. the greek pattern provides a hint of cultural flair while maintaining a timeless appeal. pair it with dark trousers and a blazer for a polished look suitable for office settings, or opt for lighter bottoms like chinos or jeans for more relaxed scenarios."
8a0e6e80-1817-5c8e-9a0a-32185bb82a8c,jpg,male,top,t-shirt,casual,gray,all-seasons,organic cotton,"this gray organic cotton t-shirt features short sleeves and a relaxed fit, making it an ideal choice for everyday casual wear. the soft fabric provides comfort while the simple design allows it to easily blend into various outfits. it can be paired with jeans for a laid-back weekend look or dressed up with chinos and a blazer for a more polished appearance. its lightweight construction makes it suitable for both warm and cool weather, ensuring versatility throughout the year."
2a4341e9-ee26-523b-9fa2-7eed3cceb741,jpg,male,bottom,pants,classic,dark olive green with white background and brown details,all-seasons,cotton,"these dark olive green trousers feature a subtle white background with understated brown detailing, creating a classic and sophisticated look. the cut and silhouette offer a refined fit that hugs the legs while maintaining comfort. the texture of the cotton fabric ensures breathability and durability throughout various seasons. these pants are versatile enough to pair with casual shirts for everyday wear or more formal button-downs for business occasions. their timeless design makes them suitable for both office environments and leisurely weekend activities."
5e4c359a-5c06-51ed-984d-afee267e60a4,jpg,male,top,shirt,classic,saddlebrown with red accents,all-seasons,cotton,"this saddlebrown button-down shirt features a classic design with a subtle red accent running through its pattern. the fabric is lightweight cotton, ensuring comfort throughout the day. its tailored fit and clean lines create a sophisticated yet approachable look that can easily transition from casual weekend wear to office attire. the button-front closure allows for easy dressing and provides versatility in sizing options. this shirt pairs well with chinos or jeans for a smart-casual ensemble, while adding depth to your wardrobe with its warm earthy tones."
5cf5e33b-60c2-5ed0-be89-77863ef64be7,jpg,male,top,shirt,classic,dark gray,all-seasons,cotton,"a dark gray dress shirt featuring a classic button-down collar, slim fit cut, and subtle texture that enhances its elegance. the understated tone complements both formal and casual settings, making it versatile enough for various occasions. this shirt's simple design allows it to pair effortlessly with a variety of bottoms like trousers, chinos, or jeans. its muted shade ensures it does not dominate the ensemble but rather provides a solid foundation for accessorizing with brighter accessories or bold patterns."
56ebd04d-8793-5196-a010-206619f4a654,jpg,male,top,shirt,classic,dimgray with blue accents,all-seasons,cotton,"this drab gray shirt features a stylish blue accent on its buttons and along the front button placket. it has a traditional button-down collar and classic fit, offering a sophisticated yet understated appearance. the fabric is made from high-quality cotton, ensuring comfort and durability. this versatile piece can be worn in various settings, whether paired with dress pants for a business meeting or casual jeans for a weekend outing. its muted tones make it easy to match with a variety of bottoms and accessories, creating a polished look that compliments both formal and informal occasions."
0dee2538-a92e-5df6-ab4e-b2be59f78e6f,jpg,male,footwear,sneakers,casual,gray with white and brown,all-seasons,leather,"these gray sneakers feature a unique design combining classic simplicity with contemporary flair. the main body is predominantly gray in color, showcasing smooth leather finish that highlights its luxurious texture. a distinctive touch comes from the contrasting white upper panels, which add brightness and visual interest. the brown sole provides both style and functionality, offering comfort and durability while maintaining a sophisticated appearance. these versatile shoes can effortlessly transition between casual daytime looks and more formal evening events. they work well paired with jeans, chinos, shorts, or even smart trousers. their understated elegance makes them ideal for everyday wear while still impressing at social gatherings."
4174d0b2-c60c-5b31-8721-d53eaa685dd9,jpg,male,top,t-shirt,athletic,darkslategray with black accents,all-seasons,jersey,"this darkslategray t-shirt features bold black accents, specifically the number 23 prominently displayed across the chest in large digits. made from soft and stretchy jersey fabric, it provides comfort while maintaining durability. the athletic style lends itself well to both casual and sporty settings, making it versatile enough for everyday wear. pair it with joggers or shorts for a relaxed vibe, or layer it under a hoodie or jacket for a more dressed-up look. its lightweight construction allows for easy movement and breathability, perfect for workouts or informal events."
d430e80e-cccd-519e-bc2e-e29581c916c6,jpg,male,top,polo shirt,classic,darkslategray with white accents,all-seasons,cotton,"this darkslategray polo shirt features a classic style with a white collar and cuffs, offering a subtle yet sophisticated touch. the fabric is made from high-quality cotton, ensuring comfort and durability throughout various occasions. its timeless design allows it to blend effortlessly into both formal and casual settings. pair it with khakis or chinos for a smart-casual look, or dress it up further by adding a blazer for a business attire ensemble. the white detailing adds a contrasting element that enhances its appeal, making it versatile enough to match various wardrobe items."
8f31c7ba-8ef1-5172-88e8-483a0fb3e2f0,jpg,male,footwear,loafers,classic,darkslategray with green upper and black soles,all-seasons,leather,"these elegant darkslategray loafers feature a sophisticated design with a unique combination of dark gray upper and bright green accent on the uppers. the contrasting green adds a pop of color while maintaining a classic and understated appearance. the black soles provide a polished finish and enhance the overall style. these shoes are perfect for business attire, casual weekday wear, or even special occasions where you want to add a touch of sophistication. they can be paired with trousers, chinos, or dress pants for a formal look, or with jeans and casual slacks for a more relaxed vibe. their versatile nature makes them ideal for both workdays and weekends."
4dccbde3-25ab-5e04-be09-716119dbdab4,jpg,male,top,shirt,classic,dark gray with white stripes,all-seasons,cotton,"this dark gray shirt features a subtle yet elegant white striped pattern that adds a touch of sophistication. the classic style makes it versatile enough for both formal and casual occasions. the fabric is made from high-quality cotton, ensuring comfort and durability throughout various seasons. its clean lines and minimal design allow it to pair effortlessly with a variety of bottoms such as trousers, chinos, or jeans. it can also be paired with a blazer for a more polished look during business meetings or events. additionally, its neutral tone allows it to blend seamlessly into many existing wardrobes, creating a timeless ensemble."
4b8d98bb-d72f-5694-93e8-2871ff7373fe,jpg,male,footwear,sneakers,casual,dimgray with olive green upper and white soles,all-seasons,leather,"these dimgray olive green sneakers feature a modern design with a classic casual style. the upper is made from high-quality leather in a unique combination of dimgray and olive green hues, offering a sophisticated yet understated appearance. the white soles add a pop of contrast, enhancing the overall look. these shoes are perfect for everyday wear, whether you're heading to work, running errands, or going out on weekends. they complement both casual and smart-casual outfits, making them versatile enough to match various ensembles. pair them with jeans, chinos, or even dress pants for a polished yet relaxed vibe."
373e1903-64ed-5b38-a79f-663e06cecbce,jpg,male,outerwear,coat,classic,dark olive green with brown and black,autumn,wool blend,"this dark olive green coat features a timeless classic style that exudes sophistication and elegance. the coat has a well-tailored fit with subtle details such as a brown placket and black buttons, enhancing its appeal. it comes with a matching black turtle neck underneath, creating a harmonious ensemble that showcases effortless style. this piece can be worn in autumn and winter seasons, pairing perfectly with various outfits. for instance, it looks great when paired with khaki chinos and loafers for a casual-business look, or with formal trousers and dress shoes for a more sophisticated appearance. its versatile nature allows it to be adapted to different occasions, making it an essential addition to any man's wardrobe."
c977b1b6-d19d-5bb9-a88f-f9224197d76d,jpg,male,top,shirt,casual,dark gray with stripes,all-seasons,cotton,"this dark gray shirt features a bold stripe pattern that adds depth and sophistication to its appearance. made from high-quality cotton, it offers both comfort and durability. the casual style makes it suitable for everyday wear, whether you're heading to work, running errands, or meeting friends for a casual dinner. its clean lines and simple design allow it to blend effortlessly into various outfits. pair it with chinos or jeans for a smart-casual look, or combine it with trousers and a blazer for a more formal ensemble. the subtle stripes add interest without being too overpowering, making it versatile enough to suit different occasions."
0278ff4f-5aa6-5cfc-93d7-f2f92f4bfc99,jpg,male,top,polo shirt,classic,black with white accents,all-seasons,cotton,"this black polo shirt features a traditional collar design with a contrasting white collar, offering a smart yet casual look. the fabric is made from high-quality cotton, ensuring comfort and durability. it has a clean-cut style that pairs well with both formal and informal settings. its versatile nature allows it to complement various outfits, such as pairing it with chinos and loafers for a business-casual ensemble, or wearing it with jeans and loafers for a more relaxed vibe. this piece conveys elegance and sophistication while maintaining an understated appeal."
c6c1cbec-099d-5bcc-9379-e4436804dcfe,jpg,male,footwear,boots,casual,dimgray with black and red accents,all-seasons,leather,"these dimgray boots feature black and red accents that add a modern twist to their design. the boots have a casual style with a medium height shaft and a comfortable welt construction. they offer excellent grip due to their rubber sole, making them suitable for both city walks and outdoor adventures. the leather upper provides durability and comfort while maintaining a sleek appearance. these boots can be paired with casual pants, jeans, or even shorts during spring and summer months. in colder seasons, they can complement smart-casual ensembles like trousers and coats."
eb40f5d8-dd9b-5c41-8af5-cc861b4c7c1a,jpg,male,footwear,shoe,classic,darkslategray with black accents,all-seasons,leather,"the north mountain shoe in darkslategray features a classic design with understated elegance. made from premium leather, this shoe showcases its timeless style through minimalist detailing and clean lines. the dark gray hue gives off a sophisticated vibe while adding depth and sophistication to any outfit. it pairs effortlessly with casual trousers, chinos, or even jeans for a polished look. its sturdy construction ensures comfort and durability, making it suitable for everyday wear as well as special occasions. this versatile shoe can also complement formal attire such as suits or dress pants, offering versatility across various contexts."
e4a8e8ef-0ee6-5652-9234-b6584afe303b,jpg,male,outerwear,puffer jacket,casual,dark gray with white accents,winter,fabric with insulation,"this dark gray puffer jacket features a modern design with clean lines and minimalist aesthetics. it has a zipper closure running along the front, adding ease of use while also enhancing its sleek appearance. the white accents provide contrasting pops of brightness against the predominantly dark tone, making it both stylish and functional. the jacket's lightweight yet insulated fabric ensures comfort during cold weather, while its zippered pockets offer convenient storage options. this piece is versatile enough to pair with casual pants, jeans, or even dressier bottoms like chinos or trousers. its contemporary style makes it suitable for everyday wear as well as casual social events."
7f1f8a26-1539-5a3e-9df8-28ef11c96a33,jpg,male,top,cardigan,classic,darkslategray with white stripe,all-seasons,wool blend,"this darkslategray cardigan sweater features a distinctive white stripe running horizontally across its chest area. the fabric is a cozy wool blend that provides warmth and comfort throughout various seasons. its classic style makes it versatile enough to be worn in both formal and casual settings. this cardigan has a slightly oversized fit, which adds to its relaxed vibe while maintaining a polished appearance. it can be paired with dress pants for a smart-casual look or dressed down with jeans and a button-up shirt for a more laid-back ensemble. the subtle yet elegant combination of dark gray and white stripes creates a sophisticated and understated aesthetic."
3af4d3d0-14bc-5ab7-9600-57dd7e0691e8,jpg,male,top,hoodie,casual,gray,all-seasons,fabric,"this gray hoodie features a cozy and casual design with a comfortable fit. the hood provides extra warmth and protection from the elements while adding a trendy look. the fabric is soft and breathable, making it suitable for both daytime and evening wear. it can be paired with jeans, chinos, or even shorts for a laid-back vibe. for a more formal setting, combine it with slacks and a button-down shirt for a smart-casual ensemble. its simple yet stylish appearance makes it versatile enough to be worn in various contexts, from casual hangouts to casual office environments."
a62a956c-1a8d-5c3a-bc36-320e037fe1f8,jpg,male,bottom,jeans,casual,dark gray with light blue stripes on a white background,all-seasons,denim,"these dark gray jeans feature a unique design that includes subtle light blue stripes against a bright white background. the jeans have a classic fit with straight legs, offering comfort and style while remaining versatile enough for everyday wear. the combination of colors creates a modern and trendy look suitable for both casual weekend activities and more formal occasions when paired with a simple top or shirt. this piece can easily be styled with a variety of shirts, sweaters, or jackets depending on the season and occasion."
d0743ec8-fe4f-5ef8-a3de-41ce22599b98,jpg,male,outerwear,jacket,casual,rosybrown with purple and white plaid pattern,autumn,cotton blend,"this rosybrown plaid jacket features a charming combination of pastel hues - deep purples and whites - creating a striking yet subtle pattern that plays well against lighter shades. the fabric is a cozy cotton blend, ensuring comfort throughout autumn days. its casual style makes it versatile enough for both weekend wear and informal office settings. the plaid design adds character while maintaining a clean and polished look. this jacket pairs effortlessly with light blue jeans, khakis, or even tailored trousers. for a complete outfit, consider pairing it with dark wash jeans, a button-down shirt, and a scarf for added warmth and style."
ea20cb5b-1344-582d-a839-5632831a798b,jpg,male,top,sweater,casual,rosybrown with white and navy stripes,all-seasons,wool blend,"this rosybrown sweater features a soft, cozy texture typical of high-quality wool blend fabric. it boasts a casual style with its relaxed fit and slightly oversized cut, making it ideal for everyday wear. the distinctive design includes subtle white and navy blue stripes running along the sleeves, adding a touch of sophistication while maintaining a laid-back vibe. its versatile nature allows it to be paired effortlessly with jeans, chinos, or trousers for both casual and semi-formal occasions. whether worn alone as a layering piece under a jacket or combined with a button-up shirt, this sweater provides warmth and comfort while enhancing your overall outfit's appearance."
f26a8b94-539c-5dde-a435-3621160b53de,jpg,female,bottom,skirt,classic,black,all-seasons,fabric,"this elegant black pencil skirt features a sleek design that emphasizes the classic silhouette of the woman's figure. its streamlined shape defines the waist while gently flaring towards the hemline, creating an effortlessly chic appearance. the addition of a discreet zipper at the bottom adds a touch of sophistication and practicality, allowing for easy dressing and undressing. this versatile piece can be paired with various tops ranging from casual tees to formal blouses, making it suitable for both business attire and evening events. its timeless appeal ensures that this skirt will remain a staple in any woman's wardrobe."
21af11de-ee1e-57c3-8426-c72a7690b792,jpg,female,bottom,skirt,classic,black with white background,all-seasons,fabric,"this elegant black skirt features a bold white background that adds a subtle yet sophisticated touch. its classic design highlights its versatility for both formal and casual occasions. the fabric offers comfort and smoothness, ensuring a flattering fit and easy movement. it can be paired with various tops, from simple tees to statement blouses, creating versatile looks suitable for everyday wear or special events."
54177e90-6fd3-5b5b-997b-80ed023da92c,jpg,female,bottom,skirt,classic,black,all-seasons,fabric,"the black wrap skirt exudes elegance and sophistication. crafted from luxurious fabric, this piece features a chic wrap design that effortlessly drapes around your figure, creating an elegant silhouette. the classically styled wrap skirt is versatile enough for both formal and casual occasions. it can be paired with a tailored blazer for a business-ready look or worn with a casual top and heels for a more relaxed vibe. its smooth texture and sleek finish make it an ideal addition to any wardrobe."
8031a090-dab9-5d29-a105-7bd249762ffd,jpg,female,bottom,skirt,classic,darkslategray with brown and black,all-seasons,fabric,"this elegant darkslategray skirt features a unique design combining elements of sophistication and versatility. the base fabric is a smooth and comfortable blend, offering both durability and style. a chic brown accent runs along the hemline, adding depth and dimension to the overall appearance. a contrasting black waistband provides structure and ensures a flattering fit. this skirt can be effortlessly styled for various occasions, from formal events to casual outings. its classic silhouette complements a variety of tops and jackets, making it an indispensable piece in any woman's wardrobe."
f3b511b7-359e-52e2-8b90-ac7999fca0a1,jpg,female,bottom,scarf,classic,black,all-seasons,silk or synthetic,"this elegant black scarf exudes sophistication and timeless appeal. made from either silk or a high-quality synthetic material, it boasts a luxurious drape and smooth texture. the classic monochrome design allows for effortless versatility when paired with various outfits. whether worn around the neck as an accessory or wrapped creatively on hats, bags, or arms, this scarf adds an instant touch of style and elegance to any ensemble. its understated appearance makes it suitable for both formal occasions and everyday wear."
3e8f4440-7b4e-5a38-9820-6addb1b0a4aa,jpg,female,bottom,skirt,classic,black with navy accents,all-seasons,polyester,"this elegant classic skirt features a sophisticated black base with subtle navy accents that add depth and interest. its pleated hemline gives it an airy and dynamic appearance, offering versatility for both formal and casual occasions. the skirt's fluid silhouette allows for easy movement while maintaining a polished look. it pairs effortlessly with blouses, sweaters, or tops, creating chic outfits suitable for workdays, evenings, or weekend gatherings."
354da114-6cdd-5022-a4b0-e12025d1eda1,jpg,female,bottom,skirt,classic,darkslategray with black accents,all-seasons,fabric,"this elegant darkslategray skirt features a classic pleated design that enhances its sophisticated appearance. the deep shade of darkslategray offers an understated sophistication while the subtle black accents add a touch of elegance. crafted from high-quality fabric, this skirt provides comfort and durability. it can be worn for both formal and semi-formal occasions, making it versatile enough for everyday wear as well as special events. its classic style lends itself to various outfit combinations, whether paired with a simple blouse and cardigan or a more intricate top and heels."
c8f87f09-8614-5e0e-af43-a989f2e2cd3e,jpg,female,bottom,skirt,classic,darkslategray with black accents,all-seasons,fabric,"this elegant darkslategray skirt features a classic design with an understated sophistication. it has a smooth fabric texture that glides effortlessly against the skin. the subtle black bow detail at the waist adds a touch of femininity and elegance. the silhouette is flattering, offering a moderate length that skims the legs without being too short or too long. this skirt can be worn for both formal and semi-formal occasions, pairing well with a simple blouse and heels for a business meeting or dinner party. its versatile nature makes it suitable for various seasons, from autumn's crisp evenings to winter's cozy gatherings."
5d4c1339-0195-50a0-8907-c4f4ac6ad2c6,jpg,female,bottom,jeans,casual,lightslategray,all-seasons,denim,"these jeans feature a light slate gray hue that adds an elegant touch to any outfit. made from durable denim fabric, they offer comfort and style for everyday wear. the classic straight leg silhouette provides a flattering fit, showcasing the natural curves of the body while maintaining a sophisticated appearance. these jeans can be paired with a variety of tops and shoes, making them versatile for both casual days and nights out. whether worn alone or layered under a coat, these jeans create a polished yet relaxed vibe."
223de2fb-cacf-5d3b-ac42-5326a3db73c8,jpg,female,bottom,skirt,classic,silver,all-seasons,leather,"this elegant silver leather wrap skirt from silver the row exudes sophistication and style. crafted from premium quality leather, this piece features a luxurious, smooth texture that enhances its classic appeal. the wrap design allows for effortless flattering fit, offering versatility and comfort while showcasing your curves. its sleek silhouette adds an air of refinement, making it perfect for both formal occasions and special events. pair it with a chic top and heels for a polished look or opt for a casual vibe by pairing it with a blazer and flat shoes. this versatile skirt can be worn during all seasons, adding a touch of elegance to any outfit."
ee078208-8a98-5488-b9a7-541ee3f6e873,jpg,female,bottom,skirt,classic,black,all-seasons,fabric,"this elegant black skirt features a defined waistline enhanced by a functional belt adorned with a stylish buckle. the classic design showcases an a-line silhouette that skims smoothly over the hips and flares gently at the hem for a graceful appearance. its fabric provides comfort while maintaining its shape throughout wear. ideal for both formal and casual occasions, this skirt can be paired with a simple top for everyday looks or styled up with accessories for more sophisticated events."
cf7cacd2-c63b-5c4a-b894-d9626075ce31,jpg,female,bottom,jeans,casual,dark gray,all-seasons,denim,"these dark gray jeans offer a casual yet sophisticated look. crafted from durable denim fabric, they boast a classic straight leg silhouette that flatters various body types. the light wash gives them an understated appeal while maintaining versatility for everyday wear. pair these jeans with a crisp white button-down shirt for a polished yet relaxed vibe. they work equally well in both urban settings and casual outdoor activities."
e2ef71c0-cc22-546f-b54b-6fa1d10b0aa1,jpg,female,bottom,pants,classic,black,all-seasons,cotton,"these black pants feature a classic straight leg design that accentuates the figure while providing comfort and ease of movement. the fabric is made from high-quality cotton, ensuring breathability and durability throughout various seasons. pair these pants with a crisp white button-down shirt for a polished yet casual look suitable for both office environments and everyday wear. their sleek silhouette enhances femininity and can be styled with accessories like belts or jewelry to add personality."
bbd50e09-1b58-51ec-b435-90a124192b6e,jpg,female,bottom,belt,classic,black with gold accents,all-seasons,wool,"this elegant black wool belt features a timeless design with a gold-colored buckle that adds sophistication and refinement. the sturdy construction ensures durability while the smooth texture of the wool provides comfort against the skin. this versatile accessory can be worn with dresses, skirts, pants, or even jeans for an effortlessly chic look. it complements both formal and casual outfits, creating a polished yet understated appearance."
40700f8b-98da-5388-a198-bed707ef1784,jpg,female,bottom,trousers,classic,darkslategray with dark brown leather accents,all-seasons,leather,"these darkslategray leather trousers feature a timeless classic style that exudes sophistication and elegance. crafted from premium dark brown leather, these trousers offer exceptional durability and comfort. the sleek and understated design allows for versatile pairing options, making them perfect for both formal occasions and everyday wear. their chic silhouette and smooth texture create an impression of refined style and confidence. these trousers can be worn with a variety of tops and shoes, providing endless possibilities for outfit combinations."
72bb8074-42f7-5ea2-ad7f-f39a08febe03,jpg,female,bottom,leggings,casual,black with silver accents,all-seasons,elastic nylon or spandex blend,"these sleek black leggings feature elegant silver zippers running down both sides for an edgy yet chic touch. the material is a comfortable elastic nylon or spandex blend that offers maximum stretch and flexibility, making them perfect for everyday wear or workouts. the zipper detail adds a modern twist while maintaining a classic look. these leggings can be paired with a variety of tops, from casual tees to statement dresses, creating versatile outfits suitable for various occasions. they enhance the wearer's confidence by providing support and comfort while adding a hint of sophistication."
c3497983-a7f5-5dc4-aa53-1ad89e9e8309,jpg,female,bottom,jeans,casual,darkslategray with indigo accents,all-seasons,denim,"these darkslategray ragged jeans feature an indigo base with subtle gray undertones that give them a unique, vintage-inspired look. the jeans have a distressed finish with frayed hems and irregular rips for a rugged, lived-in aesthetic. they offer a relaxed fit with a slightly flared leg, providing comfort while maintaining a modern silhouette. perfect for casual days out or weekend wear, these jeans can be paired with a variety of tops and shoes. their versatile design allows them to transition seamlessly from daytime to evening looks."
c98e0d02-4c9a-5625-b9fd-7f5eb20401d7,jpg,female,bottom,skirt,classic,rosybrown with beige accents and gold details,all-seasons,fabric,"this rosybrown skirt features subtle beige accents and a striking gold buckle at the waist. crafted from soft fabric, it offers a comfortable fit while maintaining elegance. the classic style makes it versatile for both formal and casual occasions. its gentle curve and slightly flared hem create an attractive silhouette that complements various tops and jackets. ideal for workdays or weekends, this skirt can easily transition between office attire and weekend looks."
4660790a-3a3a-571d-93c3-3ffb90e00b37,jpg,female,bottom,skirt,casual,black,all-seasons,fabric,"this elegant black skirt features a chic design with a strategic slit on one side, adding an element of sophistication and functionality. the fabric has a smooth texture that glides easily when worn, making it perfect for both casual and semi-formal occasions. its classic yet modern style can be effortlessly paired with various tops and accessories to create versatile looks suitable for everyday wear or special events. the slit provides added mobility while maintaining a polished appearance."
0d8e011d-4606-5b5d-af5c-6d5f1497c356,jpg,female,bottom,skirt,classic,black,all-seasons,fabric,"this elegant black pencil skirt features a sleek design that accentuates the figure while providing a classic and timeless appeal. the skirt has a precise fit around the waist and hips, creating an hourglass shape. its smooth fabric allows for easy movement and comfort throughout the day. a subtle zipper at the bottom adds a touch of sophistication and practicality, allowing for adjustments in length as needed. this versatile piece can be worn for both formal and semi-formal occasions, pairing well with blouses, jackets, and heels."
6eac3c58-d1ce-5590-a41e-2e5a6312e2b9,jpg,female,bottom,pants,classic,black with white accents,all-seasons,denim,"these elegant black pants feature a sophisticated design with a clean-cut silhouette that defines a timeless style. the front has a single zipper for effortless closure, while the presence of a white belt adds an unexpected pop of color and enhances the overall appearance. made from durable denim fabric, these pants offer comfort and versatility suitable for both casual and semi-formal occasions. they can be paired with a simple top and heels for a chic evening look or layered under a jacket for a cozy daytime outfit."
f5d34b29-aaab-5bdd-ae65-3f15a9c8a726,jpg,female,bottom,jeans,casual,darkslategray,all-seasons,denim,"these darkslategray high-rise flared jeans boast an elegant blend of casual sophistication. the high waistline offers a flattering fit that accentuates the natural curves while the flared design adds volume and balance to the lower body. crafted from durable denim, these jeans provide comfort and versatility for everyday wear. they can be paired with a variety of tops ranging from tees to blouses, creating a range of looks suitable for both daytime and evening occasions. whether worn casually with a simple t-shirt and sneakers or dressed up with a statement blazer and heels, these jeans effortlessly transition between casual and formal settings."
a661a3ea-1ff1-5541-b5cb-37d4c99eda7a,jpg,female,bottom,leggings,classic,darkslategray,all-seasons,leather,"these high-waisted leather leggings feature a timeless classic style that effortlessly exudes sophistication and elegance. crafted from premium darkslategray leather, these leggings provide both comfort and durability. the high waist offers support and enhances the figure, while the sleek design complements various outfits for everyday wear. these versatile leggings can be paired with a variety of tops, jackets, and accessories to create an urban chic look suitable for both casual and semi-formal occasions."
42e20904-c9a2-5050-a09c-fd73fdaf2568,jpg,female,bottom,pants,classic,dark olive green with brown accents,all-seasons,leather,"these dark olive green leather pants feature a high waist design that enhances the figure and provides comfort. the flared cuffs add an elegant touch while also offering functionality for easy movement. the luxurious leather material ensures durability and style, making these pants suitable for both formal and casual occasions. they can be paired with a crisp button-down shirt for a business-ready look or dressed down with a simple top for a more relaxed vibe. this pair evokes sophistication and elegance, perfect for adding depth and texture to any outfit."
b4e18caf-2a51-5f1e-9ad5-a77a84b22df7,jpg,female,bottom,wrap,classic,black,all-seasons,leather,this elegant black leather wrap features a sophisticated design with a bold black bow at the waist. the luxurious feel of the leather ensures comfort while enhancing your style. its versatile design can be worn as a statement piece for formal occasions or paired with casual outfits for everyday wear. the bow detail adds an exquisite touch that makes this wrap a timeless addition to any wardrobe.
2de7705b-45bd-5dff-83a2-471e69bee73d,jpg,female,bottom,pants,athletic,black,all-seasons,nylon,"these black nike tech flee pants offer a modern athletic style that combines comfort and functionality. made from lightweight nylon fabric, they provide breathability and moisture-wicking properties for optimal performance during workouts or everyday wear. the sleek design features a slim fit with elastic waistband and stretchy fabric for enhanced mobility and flexibility. they also have reflective details for added safety when exercising at night. these pants can be paired with a variety of tops for a chic yet sporty look, making them perfect for both casual and active occasions."
6eca99e2-2ceb-57d9-a64b-287af7fd11da,jpg,female,bottom,shorts,sport,dark gray with grey heather,all-seasons,nylon/polyester blend,"these dark gray nike shorts feature a sporty style with subtle grey heather accents for an understated yet chic look. made from a durable nylon/polyester blend, they offer comfort and breathability while providing excellent stretch and support. the shorts have a modern fit with a slightly cropped length that hugs the legs closely but not too tightly, allowing freedom of movement during active pursuits like running, cycling, or casual outdoor activities. they can be worn alone for a casual vibe or paired with a top for a sporty ensemble. these shorts also work well as part of a more dressed-up outfit by pairing them with a blazer or tailored shirt for a unique twist on classic sportswear."
fb363e60-9d78-516d-aa26-f341d4c10c70,jpg,female,accessory,clutch bag,classic,black,all-seasons,leather,"this elegant black pleated clutch bag exudes sophistication and elegance. its sleek design features intricate pleats that add texture and depth, creating an understated yet chic appearance. perfect for special occasions or formal events, this accessory enhances any outfit by providing both functionality and style. it can be effortlessly paired with dresses, suits, or evening ensembles, offering versatility while maintaining its timeless appeal."
d268a89a-ba3d-5d04-8129-b480a2062f08,jpg,female,bottom,pants,classic,darkslategray with black accents,all-seasons,leather,"these elegant darkslategray leather pants feature an understated sophistication with their smooth, supple texture and luxurious feel. they boast two strategically placed zippers on each leg for added flair and functionality. the dark gray hue complements both neutral and bold ensembles alike, making them versatile enough for everyday wear or special occasions. these pants have a tailored fit that hugs the curves while maintaining comfort and support. they pair effortlessly with a crisp button-down shirt for a business-ready look or can be styled casually with a cozy knit top and boots for a weekend getaway."
916247ba-b8a9-5acf-9ad6-4478dd52de86,jpg,female,bottom,skirt,classic,black,all-seasons,fabric,"this elegant black skirt features a sophisticated design with a functional knot at the waist, providing an effortless yet stylish fit. the knot not only enhances the waistline but also allows for adjustability and comfort. made from high-quality fabric, this skirt offers smooth texture and soft drape, making it ideal for both formal and casual occasions. it can be paired with a simple blouse and heels for a classic look, or combined with a bold top and flat shoes for a more relaxed vibe. its versatile nature makes it suitable for various seasons and events."
a703d7f0-87b0-5899-92d8-88a29296fdf0,jpg,female,bottom,skirt,classic,black with white accents,all-seasons,fabric,"this elegant black skirt features a classic design with flattering silhouette that gently flares at the hem. it has two functional pockets on each side for added practicality, enhancing its utility while maintaining sophistication. accented by a contrasting white belt, this piece can be worn either belted or untied depending on your mood and outfit choice. its versatile nature makes it suitable for both formal and casual occasions, offering a perfect balance between style and comfort."
c3afd761-3e8c-5f51-8ab9-2f2ac7294c9e,jpg,female,bottom,skirt,classic,black with white background,all-seasons,fabric,"this elegant black skirt features a striking contrast of a solid black fabric against a subtle white background. the skirt has a classic silhouette, offering a chic and sophisticated look. its lightweight fabric allows for easy movement while maintaining its structured appearance. it can be paired with various tops ranging from casual tees to formal blouses, making it versatile enough for both daytime and evening wear. this piece effortlessly transitions between business attire and casual outings, creating an impression of elegance and sophistication."
2d7162c0-2494-5fe6-bdcd-9319ff011206,jpg,female,bottom,pants,classic,black,all-seasons,cotton,"these classic black pants feature a drawstring waist for comfort and adjustability. the sleek design offers a flattering fit that enhances your figure while remaining versatile enough for everyday wear. the dark hue complements various tops and shoes, making them an essential piece in any wardrobe. pair these pants with a casual top for a relaxed look or dress them up with a button-down shirt and heels for a more formal ensemble."
95fdd3da-c5d3-526f-96b7-c0c8b3c3e54b,jpg,female,bottom,skirt,classic,black,all-seasons,fabric,"this elegant black skirt features a timeless classic style that effortlessly transitions from day to night. crafted from smooth fabric, it has a sophisticated silhouette with a flattering a-line cut that hugs the hips while creating a flowing drape around the legs. the black hue offers versatility for both formal and casual occasions, allowing you to pair it with a crisp button-down shirt for work or layer it under a jacket for an evening look. its simple yet chic design makes it perfect for everyday wear as well as special events."
9c7e8a14-0086-5c0e-9572-e5c1c48f3e2c,jpg,female,bottom,jeans,casual,dark gray,all-seasons,denim,"these dark gray jeans feature a wide waistband that adds comfort and versatility to your outfit. the wide waistband enhances an airy and relaxed fit, making them perfect for casual days. they boast a flattering straight leg style that hugs the curves of your legs while providing ample room for movement. these jeans can be worn casually with a simple tee and sneakers for a laid-back look, or paired with a blouse and heels for a more sophisticated vibe. their denim material offers durability and breathability, ensuring comfort throughout the day."
0cc1f8b8-537f-5b12-bb11-0836794265a9,jpg,female,bottom,skirt,classic,darkslategray with black accents,all-seasons,fabric,"this darkslategray skirt features subtle black accents that add depth and sophistication. it has a classic fit with a smooth fabric texture that hugs the body gently, creating an elegant silhouette. the skirt can be worn for various occasions, from casual outings to formal events. its versatile nature allows it to pair effortlessly with both bold and neutral pieces, making it a timeless addition to any wardrobe. whether paired with a crisp button-down shirt or a soft knit top, this skirt exudes class and style."
1c17e39a-4dec-523a-88e1-a3a19385586d,jpg,female,bottom,trousers,casual,black,all-seasons,stretch fabric,"these elegant black trousers feature a chic high-waist design that effortlessly elongates the leg and defines the figure. crafted from a luxurious stretch fabric, they offer comfort and flexibility while maintaining a sophisticated appearance. the dark hue pairs effortlessly with various tops and jackets, making them versatile for both daytime casual looks and evening occasions. these trousers can be styled with a simple top and blazer for a smart-casual ensemble or paired with a bold printed shirt for an edgy yet refined look."
0545236f-bd06-5374-b297-2b19e2a84564,jpg,female,bottom,jeans,casual,darkslategray with black details,all-seasons,denim,"these darkslategray jeans feature a classic straight-leg style that exudes sophistication and versatility. the deep shade of darkslategray provides an elegant contrast against lighter tones while remaining versatile enough for everyday wear. made from durable denim fabric, these jeans offer comfort and long-lasting durability. they have a slight stretch for added flexibility and ease of movement. pair them with a crisp white top for a chic casual look or dress them up with a fitted blazer for a more polished appearance. these jeans create an impression of elegance and timeless appeal."
80a2b8e9-d933-53b0-ba70-f0f47eb0387d,jpg,female,bottom,skirt,classic,tan with beige accents,all-seasons,fabric,"this elegant tan belted skirt features a classic design with subtle beige accents that add warmth and sophistication. it has a flattering a-line silhouette that skims the hips and flares gently at the hem, creating an airy yet structured appearance. the waistband includes a functional belt loop for easy adjustment and customization, allowing you to create various looks depending on your preference. this versatile piece can be worn casually with a simple top and sandals during spring and summer, or paired with a tailored blouse and heels for a business-appropriate ensemble during autumn and winter. its comfortable fabric ensures all-day wearability while maintaining its chic appeal."
d346eda7-dee3-512f-baf9-78109f9de5d6,jpg,female,bottom,skirt,classic,black,all-seasons,fabric,"this elegant black skirt features a sophisticated design with a discreet zipper running down the side seam. it has a timeless classic style that can be effortlessly paired with various tops for both formal and casual occasions. the smooth fabric offers comfort while providing an elegant appearance. this versatile piece can easily transition from daytime meetings to evening events, creating a polished look that enhances your overall outfit."
d675b274-e2bc-5dd4-b52c-5d0358f545ff,jpg,female,bottom,pants,classic,dark gray,all-seasons,denim,"these classic dark gray denim pants feature a timeless and versatile design that effortlessly transitions between casual and business settings. the high-waisted fit provides a flattering silhouette while maintaining comfort throughout the day. with their understated elegance, these pants can be paired with a crisp button-down shirt for a polished look or layered with a cozy sweater for a more relaxed vibe. the slightly distressed texture adds character and authenticity, making them an essential piece in every woman's wardrobe."
e962f0df-511c-5a22-83ba-b7956dd2a2d1,jpg,female,bottom,jeans,casual,dimgray,all-seasons,denim,"these dingy gray high-rise flared jeans are an effortlessly chic addition to your wardrobe. crafted from durable denim fabric, these jeans boast a timeless classic style that can be easily integrated into various outfits. the high-rise waistline enhances the silhouette, offering a flattering fit for most body types while the flared leg shape provides comfort and versatility. the dark gray hue gives off a sophisticated yet casual vibe, making them perfect for both daytime and evening wear. pair them with a simple top or add a trendy accessory for an elegant touch."
eb7354ed-bd6e-5512-8865-2e5238f421c0,jpg,female,bottom,skirt,classic,darkslategray with plaid pattern,all-seasons,cotton,"this darkslategray plaid skirt features an elegant classic style that effortlessly transitions from everyday wear to more formal occasions. the flattering silhouette hugs the hips while maintaining comfort, showcasing its unique texture through the intricate plaid design. a belted waist enhances the shape and provides a customizable fit, allowing for a tailored look. this versatile piece can be paired with either casual tops like a knit sweater or more sophisticated options such as a button-down shirt, making it suitable for both work environments and social events. its timeless appeal ensures it will remain relevant season after season."
444dd858-7245-568e-92d2-fc35d4dbe403,jpg,female,bottom,pants,classic,black,all-seasons,leather,"these sleek black leather pants from the row exude sophistication and elegance. crafted from high-quality leather, they boast a modern fit that hugs the legs while offering comfort and support. the smooth texture and deep matte finish add an understated yet chic touch to any outfit. pair these pants with a crisp button-down shirt for a business-ready ensemble or layer them over a cozy sweater for a casual weekend look. their versatile design makes them suitable for both formal and informal occasions, providing a timeless appeal."
eeda7730-c96d-5c7f-92ea-30ac317ecc28,jpg,female,bottom,skirt,classic,gray,all-seasons,fabric,"this elegant classic gray skirt is perfect for both formal and casual occasions. made from high-quality fabric, it features a smooth texture that drapes gracefully around the body. the straight cut provides a flattering fit, accentuating the waistline while offering comfort and mobility. it can be paired with a crisp button-down shirt for a polished business look or teamed with a simple top and cardigan for a cozy weekend outfit. its timeless design ensures versatility and longevity, making it an essential piece in every woman's wardrobe."
6fdeb9ed-a44a-5e7d-887a-4b4c6a218ef0,jpg,female,bottom,jeans,classic,darkslategray,all-seasons,denim,"these dark slate gray jeans feature a classic style with a straight leg cut and medium rise. the fabric is made from high-quality denim that provides comfort and durability. they have a soft texture and slight stretch for added flexibility. the deep shade of darkslategray gives them an elegant yet understated appearance, perfect for both casual and business occasions. these jeans can be paired with a variety of tops such as button-down shirts, blouses, or tees for a polished look. their versatile nature makes them suitable for everyday wear while still maintaining sophistication."
213c4fd6-8ecd-5d8c-b9a5-1d3f21d6ec35,jpg,female,bottom,shorts,sport,grey with silver accents,all-seasons,polyester,"these nike sporty shorts feature a sleek design with subtle silver accents for an elegant yet casual look. crafted from lightweight polyester fabric, they offer comfort and breathability suitable for various outdoor activities. the grey base color complements both neutral and bold ensembles alike, making them versatile for everyday wear. with their streamlined fit and flattering silhouette, these shorts pair well with tops ranging from tank tops to crop tops. they create a modern and chic impression while remaining practical for active lifestyles."
80e17bfb-0d44-564e-9b12-e9d61b45692a,jpg,female,bottom,leggings,casual,darkslategray with black accents,all-seasons,stretch fabric,"these darkslategray leggings feature a striking combination of dark slate gray base with subtle black accents. crafted from a stretchy and comfortable fabric, they offer exceptional flexibility and freedom of movement. the leggings have a flattering fit that hugs the body while providing support and comfort. they are ideal for everyday wear, casual outings, and workouts due to their stretchiness and breathability. these versatile leggings can be paired with various tops, from simple tees to statement blouses, creating a cohesive look whether you're heading to the gym, running errands, or relaxing at home."
104c9604-0357-56d6-9dd7-d17d18fa16a8,jpg,female,bottom,shorts,athletic,darkslategray with black accents,all-seasons,nylon and elastane,"these darkslategray nike black shorts are an athletic style bottom designed for active lifestyles. crafted from a blend of nylon and elastane, they offer excellent stretch and durability while maintaining comfort during movement. the dark slate gray base color pairs effortlessly with the understated black accents, creating a sophisticated yet sporty appearance. ideal for both casual workouts and leisurely activities, these shorts boast a modern fit that enhances mobility and style. they can be paired with a variety of tops and accessories to create versatile looks suitable for various occasions."
0dbc6f33-8739-5f76-a529-2abcf776895b,jpg,female,bottom,skirt,classic,black,all-seasons,fabric,"this elegant black skirt features a simple yet sophisticated design, made from high-quality fabric. it has a flattering silhouette that hugs the body gently while offering comfort and mobility. the skirt can be worn alone for a minimalist look or paired with another black skirt underneath for added volume and style. this versatile piece can be dressed up or down depending on the occasion, making it perfect for both formal events and everyday wear."
362b4461-101f-5989-8391-d509c12be76a,jpg,female,bottom,leggings,athletic,black,all-seasons,nylon/spandex,"these black nike leggings feature a snug fit that hugs the body closely for maximum comfort and mobility during workouts or casual wear. the high-quality nylon/spandex blend ensures exceptional stretch and elasticity, providing support and preventing sagging. with a sleek, streamlined design, these leggings have a smooth finish that flatters the figure while offering unparalleled flexibility. perfect for yoga, running, dance classes, or everyday wear, they can be paired with a variety of tops to create versatile looks. these leggings not only enhance performance but also exude an athletic-chic vibe."
aedc9c5c-931e-551e-bbeb-e900339fb1ef,jpg,female,bottom,skirt,casual,black,all-seasons,fabric,"this elegant black skirt features a sophisticated design with a subtle slit on one side, showcasing modern elegance and femininity. the smooth fabric drapes flawlessly over the body, offering a flattering fit that enhances the wearer's figure. its chic and understated style makes it versatile for various occasions—ideal for casual weekends, workdays, or even special events. pair it with a simple top and heels for an effortless yet polished look."
06d3a91f-9794-54b6-898e-be3b729a93a9,jpg,female,bottom,jeans,casual,slategray with white background,all-seasons,denim,"these slategray jeans feature a striking white background that adds an unexpected touch of brightness. the jean has a classic fit, offering comfort and versatility for everyday wear. the slightly distressed look gives them a lived-in appearance while maintaining their sleek shape. with its unique design, these jeans can be paired with a variety of tops and accessories to create a stylish and modern outfit. whether worn casually with a tee and boots or dressed up with a button-down shirt and heels, they effortlessly transition from day to night."
852873ae-a6b1-5a45-bc87-206b3b3d6c5e,jpg,female,bottom,jeans,casual,lightslategray,all-seasons,denim,"these lightslategray high-rise flare jeans are an effortlessly chic addition to your wardrobe. crafted from durable denim, they feature a contemporary high waist that enhances the figure while providing a flattering fit. the flared leg design offers comfort and versatility, allowing for both casual daytime looks and more polished evening ensembles. pair them with a basic tee and sneakers for a relaxed vibe, or dress them up with a blazer and heels for a more sophisticated appearance. these jeans embody the classic jean pant style but with modern touches that make them stand out."
ff8e43e7-7fd0-50b0-804b-e74fea3eb042,jpg,female,bottom,pants,casual,black,all-seasons,denim,"these black pants feature a classic straight-leg design that exudes sophistication and comfort. with functional front pockets and a secure zipper closure, they offer both style and practicality. the dark shade of the fabric provides a versatile backdrop for layering and can be paired effortlessly with various tops and jackets. whether worn casually during the day or dressed up for an evening event, these pants will create a polished yet understated impression."
77503ef8-506a-566f-b440-6d39c1a2a6ee,jpg,female,bottom,headband,casual,silver,all-seasons,cotton jersey,"this silver knotted headband is crafted from a soft and breathable cotton jersey fabric, offering comfort and flexibility. its elegant knot detail adds an element of sophistication while maintaining a casual vibe. ideal for everyday wear, this headband can be worn casually during the day or paired with evening ensembles for a chic finish. it provides a light and airy fit that hugs your forehead gently, enhancing both style and practicality."
e406f684-86fb-542d-acf5-ed58eff22272,jpg,female,bottom,pants,casual,dimgray with olive accents,all-seasons,denim,"these cropped flare pants feature a unique design combining dimgray as the primary color with subtle olive accents for an intriguing contrast. the cropped length adds a modern touch while the flared silhouette enhances leg proportions. made from durable denim fabric, these pants offer comfort and versatility. they can be paired with a variety of tops and shoes, making them suitable for both casual days out and relaxed evenings. the versatile style allows for multiple outfit combinations, from cozy weekend looks to effortless weekdays."
4fd9aa3d-ae98-5fc1-8d20-1f40326ad23f,jpg,female,bottom,skirt,casual,firebrick red,all-seasons,polyester,"this firebrick red skirt features a zipper running down the side for an added touch of sophistication and functionality. the skirt has a classic a-line silhouette that flares gently from the waist, creating a flattering shape that enhances the figure. it offers comfort while maintaining style due to its lightweight polyester fabric. pair this skirt with a simple top and cardigan for a casual yet polished look. its versatile design allows it to be worn during various seasons, making it an essential piece in your wardrobe."
1d745295-5918-53e7-adeb-70dc5292e78e,jpg,female,bottom,skirt,casual,black,all-seasons,fabric,"this elegant black skirt features a sophisticated design with a strategic slit on one side, offering both functionality and style. the fabric is smooth and comfortable, providing excellent comfort throughout the day. it has a flattering silhouette that enhances the natural curves of the body while maintaining a polished appearance. perfect for everyday wear, this skirt can be paired with various tops ranging from casual tees to more formal blouses. its versatile nature allows it to transition seamlessly between casual days out and office settings."
bce9c2ab-d094-58b4-86f1-973c19c917cf,jpg,female,bottom,skirt,classic,darkslategray with black accents,all-seasons,fabric,"this darkslategray wrap skirt exudes elegance and sophistication. its unique design features a fluid silhouette that effortlessly wraps around the body, showcasing its graceful drape. the fabric boasts a luxurious texture, enhancing comfort while maintaining a polished appearance. ideal for both formal and casual occasions, this skirt can be paired with a crisp button-down shirt for a business-appropriate look or styled with a relaxed top for a more laid-back vibe. it provides flattering coverage and highlights your figure, creating an impression of style and confidence."
65e2e8b4-f9b1-53c2-bb75-297d4b751c79,jpg,female,bottom,skirt,casual,dimgray with denim details,all-seasons,denim,"this dimgray denim skirt features a zipper closure for added security and versatility. the fabric is durable and comfortable, making it suitable for everyday wear. with its classic design, this skirt can be paired with various tops to create different looks. it has a straight-cut silhouette that flatters most body types, offering a flattering fit around the waist and thighs while providing ample room for movement. its versatile nature allows it to transition seamlessly from casual weekend outings to more laid-back weekdays. this piece adds a touch of sophistication to your wardrobe while maintaining an effortless style."
4d5063b1-3044-55b8-8d03-8f31c68ef338,jpg,female,bottom,skirt,classic,gray,all-seasons,fabric,"this elegant a-line pleated skirt features a graceful silhouette that gently flares from the waist downwards, creating an effortlessly chic appearance. made from high-quality fabric, this skirt offers comfort and durability while showcasing classic sophistication. the gray color adds versatility, allowing it to blend seamlessly into various wardrobe ensembles. it can be paired with tailored blouses for a business-ready look, casual tops for everyday wear, or even dressier accessories for special occasions. its pleats add movement and volume, enhancing its femininity and style."
595ca875-d3a8-570a-928e-90557ebdcbff,jpg,female,bottom,pants,classic,white with silver details,all-seasons,cotton,these elegant white cotton pants feature a high-waist design that enhances your figure and offers comfort. the classic style makes them versatile for various occasions. they boast subtle silver accents that add a modern touch and sophistication. pair these pants with a crisp button-down shirt for a smart-casual look or opt for a sleek top and heeled sandals for an evening ensemble.
98df59a3-72dc-580c-8bd2-069c89945b9a,jpg,female,bottom,skirt,classic,black with gold trim,all-seasons,fabric,"this elegant black skirt features a luxurious gold trim along its hemline, adding an element of sophistication and refinement. the fabric has a smooth texture that feels soft against the skin while maintaining durability. it boasts a flattering silhouette that skims the body, creating a polished appearance suitable for both formal and semi-formal occasions. this versatile piece can be paired with various tops such as crisp button-down shirts, chiffon blouses, or layered sweaters. whether worn for work, dinner parties, or social events, this skirt effortlessly complements a wide range of outfits, offering a timeless style statement."
31a4f5f6-7217-5c7d-a7da-13e283721f2b,jpg,female,bottom,skirt,classic,tan with beige accents,all-seasons,fabric,"this elegant a-line skirt features a tan base with subtle beige accents, creating an understated yet sophisticated appearance. the a-line silhouette flares gently from the waist down, offering a flattering fit for most body types. it boasts smooth fabric that drapes gracefully, providing comfort and mobility while maintaining its polished look. ideal for both formal and semi-formal occasions, this skirt pairs effortlessly with blouses, tops, or jackets for a versatile wardrobe addition. its classic design makes it suitable for various seasons, allowing you to wear it year-round."
6a1bec16-df5c-579e-b47d-a98016e52bd0,jpg,female,bottom,pants,classic,darkslategray with black and white accents,all-seasons,denim,"these pants feature a dark slate gray denim fabric with subtle black and white accents for an elegant yet understated appearance. the classic fit provides comfort while maintaining sophistication. they have a straight leg cut that gently flares at the ankle, offering a modern twist on traditional styling. perfect for creating versatile outfits, these pants can be paired with a simple blouse and heels for a business-casual look or dressed down with a casual top and flat shoes for a relaxed vibe. their timeless design makes them suitable for various occasions throughout the year."
8d622563-0c6b-5251-b19c-d89cf784d49d,jpg,female,bottom,pants,casual,black,all-seasons,denim,"these black pants feature a modern design with multiple zippers along the legs, adding an edgy and unique touch. the material is durable denim, providing comfort and resilience for everyday wear. they have a straight leg silhouette that flatters various body types and can be paired with a variety of tops for a versatile look. whether worn casually with a simple tee or dressier with a blazer, these pants offer versatility and style."
33e8f1ee-6cb9-5da3-9c10-a7a9559ab75e,jpg,female,bottom,skirt,casual,light blue with slategray back and green waistband,all-seasons,cotton,"this light blue skirt features a subtle slategray pattern on its back, creating an elegant yet understated look. the skirt has a green waistband that adds a pop of color, making it versatile for various outfits. it has a classic silhouette with a straight cut, offering comfort and ease of movement. the fabric is made from soft cotton, ensuring breathability and comfort throughout the day. this skirt can be worn casually with a simple top and sandals during summer, or paired with a blazer and heels for a more formal setting. its versatile design allows it to transition effortlessly between casual and business attire."
40bc718d-5f27-5afb-b72b-9ce5d784f7da,jpg,female,bottom,skirt,classic,black with lace detailing,all-seasons,fabric,"this elegant black skirt showcases intricate lace detailing that adds a touch of sophistication and femininity. it features a classic fit with a flattering silhouette, making it suitable for both formal and casual occasions. the lace detail runs along the hemline, offering a delicate yet sophisticated look. this versatile piece can be paired with a crisp button-down shirt for a business setting or dressed down with a basic top and heels for a more relaxed vibe. its all-seasons appeal makes it an essential addition to any wardrobe."
a9328f12-b889-592f-a827-2f3b06ced06e,jpg,female,bottom,pants,classic,black,all-seasons,leather,"these elegant black leather pants feature a chic and sophisticated design with zippers strategically placed along the legs for added detail and functionality. the supple leather material provides comfort and durability while enhancing your look. they offer a classic fit that flatters various body types and can be worn casually or dressed up for special occasions. these pants pair well with blouses, shirts, or even jackets for a versatile wardrobe staple."
2af15b3e-f18f-5b63-a9fa-816ae4ef111a,jpg,female,bottom,jeans,casual,dark gray with light blue accents,all-seasons,denim,"these dark gray ragged jeans feature a playful touch of light blue accents that add an unexpected pop of color. the jeans have a casual style with a slightly distressed look, giving them a vintage vibe. the ragged edges create a carefree and relaxed appearance, perfect for those who love a laid-back yet stylish outfit. these jeans boast a classic fit that hugs the hips and thighs while providing enough room in the legs for comfort. they can be worn with a variety of tops, from simple tees to trendy crop tops, making them versatile for both daytime and nighttime activities. whether paired with a graphic tee for a casual look or dressed up with a chic blazer for a more sophisticated ensemble, these jeans will enhance your personal style."
6751ea5f-8caf-575a-a1dd-1408701da136,jpg,female,bottom,shorts,sport,dark gray,all-seasons,nylon or polyester blend,"these nike women's tempo shorts are designed for athletic comfort and performance. made from a durable yet lightweight fabric, they offer excellent breathability and quick-drying properties. the dark gray color provides a sleek and sophisticated look while blending well with various outfits. with an ergonomic design, these shorts feature a streamlined fit that enhances mobility during workouts or runs. they have a slightly tapered leg for a modern silhouette and a reflective detail on the sides for safety when working out at night. these shorts are perfect for running, cycling, yoga, or any other sporty activities where you need flexibility and support."
213376bf-838d-5a15-9c43-c7cd0fdf3adb,jpg,female,bottom,pants,casual,black,all-seasons,denim,"these black pants feature a classic design with a pair of zippers running down each leg. the material is durable denim, offering comfort and style for everyday wear. they have a straight-leg silhouette that flares slightly at the bottom, creating a flattering fit. these pants can be paired with a variety of tops, from tees to button-down shirts, making them versatile for both casual and semi-formal occasions. their dark hue enhances any outfit, adding sophistication while remaining comfortable."
a298bef0-15aa-599f-b1ae-fdb5aa4e46b3,jpg,female,bottom,jeans,casual,dark gray,all-seasons,denim,"these dark gray high-rise crop jeans boast a chic and modern design that emphasizes sleek lines and flattering proportions. the cropped length ends just above the ankle, creating an elegant silhouette that adds sophistication to any outfit. made from durable denim fabric, these jeans offer comfort and style for everyday wear. they can be paired with a variety of tops, from casual tees to trendy blouses, allowing for endless styling possibilities. whether worn casually with a graphic tee and sneakers or dressed up with a blazer and heels, these jeans effortlessly transition between casual and formal occasions."
62a6f18f-7fdd-5848-a2a4-846c2dbfa202,jpg,female,bottom,skirt,classic,black,all-seasons,fabric,"this classic black skirt features a durable fabric that smoothly drapes the body, creating an elegant and sophisticated silhouette. it has a comfortable waistband with a belt loop and a functional belt attached for adjustability and style. the subtle texture adds depth to its appearance while also ensuring comfort throughout the day. perfect for both formal and casual occasions, this skirt can be paired with a variety of tops ranging from button-down shirts to blouses or sweaters. its versatile nature makes it ideal for everyday wear as well as special events."
8a6ddb1a-da23-58bc-b356-ef4d4429c6d6,jpg,female,bottom,skirt,classic,black,all-seasons,velvet,"this elegant black velvet skirt features a chic slit design that adds sophistication and movement. the luxurious fabric offers smooth texture and durability while enhancing the classic look. perfect for both formal occasions and special events, this skirt can be paired with a tailored blazer for a business-ready ensemble or worn casually with a simple top and heels for an effortless yet sophisticated vibe."
41ec098d-6140-51c5-824e-ca14d90c5331,jpg,female,bottom,skirt,casual,dark gray,all-seasons,denim,"this dark gray denim skirt features a chic slit design that adds an element of sophistication and versatility. the classic blue denim fabric provides durability and comfort while enhancing your casual look. its straightforward cut and silhouette allow for easy pairing with various tops, from simple tees to tailored button-down shirts. the slit at the hemline gives it a modern twist, making it suitable for both daytime and evening occasions. pair this skirt with a basic white top for a laid-back yet polished appearance, or combine it with a printed blouse for a more festive vibe."
ba2fb0c7-9d66-5cc0-aeae-4575bbde925b,jpg,female,bottom,pants,classic,black,all-seasons,cotton,"these classic black pants feature elegant button detailing along the front and sides, creating an understated yet sophisticated look. the high waist and straight leg design provide comfort while maintaining a chic appearance. these pants can be paired with a variety of tops for both casual and business occasions. their versatile nature allows them to transition seamlessly from daytime meetings to dinner dates, offering a polished finish that complements any outfit."
1bab014f-1575-5baa-be91-1d434f54973b,jpg,female,bottom,shorts,athletic,black,all-seasons,nylon and elastane,"these nike women's athletic shorts are made from a durable blend of nylon and elastane, ensuring comfort and flexibility during movement. the classic black color provides an elegant and versatile look that can be paired effortlessly with various tops for both casual and sporty outfits. with their sleek design and lightweight construction, these shorts offer maximum breathability and ease of mobility. ideal for everyday wear, workouts, or even leisure activities, they boast a comfortable fit and seamless construction. the sleek, modern style enhances your overall appearance while maintaining functionality."
7e5beac9-b3ab-54d2-97e8-935fd8d3657f,jpg,female,bottom,jeans,casual,slategray with white background,all-seasons,denim,"these slategray jeans feature a striking contrast with their white background, offering a unique and modern look. the jeans have a relaxed fit, providing comfort and mobility while maintaining an elegant appearance. with its tapered leg design, they create a flattering silhouette that enhances your figure. these jeans can be paired with various tops for a versatile outfit, from casual tees to trendy blouses. they work well both indoors and outdoors, making them suitable for everyday wear throughout all seasons."
8584f3a2-52f6-5c49-bd95-3fd82651952a,jpg,female,bottom,skirt,classic,black,all-seasons,fabric,"this elegant black skirt features a tailored silhouette that accentuates the waistline with an attached belt for added definition. the smooth fabric offers a comfortable fit while maintaining its shape throughout wear. its timeless classic style makes it versatile enough for both formal and casual occasions. it can be paired with blouses, tops, or even jackets for a polished look. this skirt creates an impression of sophistication and elegance."
b4f9d69c-a0d4-5d7b-aa56-6941fc7c6c05,jpg,female,bottom,jeans,casual,darkslategray,all-seasons,denim,"these darkslategray jeans boast a classic straight-leg fit that emphasizes comfort and style. the fabric is durable denim with slight stretch for enhanced mobility and a snug yet relaxed feel. they feature a traditional five-pocket design with subtle stitching and an understated texture. these jeans are versatile enough for everyday wear, making them perfect for casual outings, weekend activities, or even brunch dates. their neutral shade can effortlessly blend into various wardrobe combinations, from bold graphic tees to sophisticated blouses."
5bedc932-3188-5523-9095-311cdc4fd209,jpg,female,bottom,jeans,casual,darkslategray with blue,all-seasons,denim,"these darkslategray-the-row jeans feature a classic fit with a straight leg silhouette. the deep indigo blue hue complements the darker base tone, creating an intriguing contrast that adds depth and sophistication. made from premium denim fabric, these jeans offer exceptional comfort and durability. they pair effortlessly with both casual and semi-formal ensembles, making them versatile for everyday wear. whether paired with a graphic tee and boots for a laid-back look or styled with a blouse and heels for a more polished vibe, these jeans enhance your personal style while remaining practical and versatile."
ecf6a556-c61b-530a-9e4b-4e2bef9e3c08,jpg,female,bottom,leggings,classic,black,all-seasons,polyester,"these classic black tom jor leggings offer a sleek and modern design that enhances any outfit. crafted from high-quality polyester fabric, they provide optimal comfort and durability. the smooth texture and flattering fit make them an ideal choice for everyday wear. whether you're wearing them under dresses, skirts, or over shirts, these leggings add sophistication and style to your look. their versatile nature allows you to experiment with different styles and create unique combinations. these leggings exude elegance and elegance while maintaining practicality."
50b7ed8c-7df8-5a77-8e4e-be186b727847,jpg,female,bottom,jeans,casual,slategray,all-seasons,denim,"these slategray jeans have a classic fit that hugs the body gently while offering comfort and style. the slightly distressed finish adds an edge, making them perfect for casual yet trendy outfits. they are made from durable denim fabric which ensures they retain their shape over time. these jeans can be paired with a variety of tops, such as a crisp white button-down shirt for a chic look during the day or a cozy sweatshirt for a relaxed evening vibe. their versatile nature makes them suitable for everyday wear, whether you're running errands, meeting friends, or heading to work."
6dc8095c-98d1-567b-b1c3-3f2f92cb0b8d,jpg,female,bottom,skirt,classic,firebrick red with plea detailing,all-seasons,fabric,"this firebrick red skirt showcases elegant pleated detailing that adds volume and movement. it has a classic silhouette with a straight fit that flatters various body types. the pleats create an airy yet sophisticated look, making this piece versatile for both formal and casual occasions. pair it with a crisp button-down shirt for a polished business ensemble or dress it down with a simple top and heels for a more relaxed vibe. its all-seasons nature allows you to wear it year-round, adding warmth and vibrancy to your wardrobe."
af82771c-ad69-52b7-a279-d07c5184706b,webp,female,bottom,leggings,athletic,black,all-seasons,therme,"these luxurious therme leggings offer comfort and style for everyday wear. crafted from high-quality therme material, they provide excellent stretch and durability while maintaining their shape over time. the sleek black color adds sophistication to any outfit, making them perfect for both casual and athletic occasions. with a modern fit that hugs the body without being too tight, these leggings are versatile enough to be worn under dresses, skirts, or even as part of an athleisure ensemble. their breathable fabric ensures maximum comfort during workouts or extended periods of activity."
e3b7c31d-9345-54ce-88b5-256ca39c49d9,webp,female,bottom,skirt,classic,dimgray with denim detailing,all-seasons,denim,"this dingy gray denim skirt features an elegant design with strategically placed buttons along its front panel, offering both style and functionality. the classic cut highlights the waist while falling fluidly to the knee, creating a flattering silhouette that enhances any woman's figure. the subtle contrast between the dark gray base and the blue hues inherent in denim adds depth and texture, making this piece versatile for various occasions. its lightweight yet durable fabric makes it suitable for everyday wear during spring, summer, autumn, and winter. whether paired with a crisp button-down shirt for a polished look or layered under a cozy sweater for a casual vibe, this skirt seamlessly transitions from daytime errands to evening events."
902c57f3-4a7c-5ab5-9a66-4b029e91d97f,webp,female,bottom,jeans,casual,dimgray,all-seasons,denim,"these dimgray jeans feature a wide waistband that provides comfort and an elegant fit around the hips. the wide leg design adds a modern touch while offering ample room for movement. the denim fabric is durable and offers a classic look suitable for both casual days and nights out. these jeans can be paired with a variety of tops, from blouses to tees, creating versatile outfits appropriate for different occasions. they are perfect for everyday wear, making them ideal for work, leisure, or weekend activities."
1b3519aa-aaa2-503f-bdfa-2739f0ee583f,webp,female,bottom,shorts,outdoor,darkslategray,autumn,nylon,"these the north face darkslategray shorts feature a sporty outdoor style with technical fabric for durability and comfort. made from nylon, they provide breathability and quick-drying properties perfect for active lifestyles. the shorts have a classic straight leg design that hugs the body while allowing freedom of movement. they come equipped with multiple pockets for convenient storage of essentials like keys, phones, or small items. ideal for hiking, camping, running, or casual outdoor activities, these shorts can also be worn casually around town during autumn when paired with a lightweight top and boots."
4a33a02b-0796-58fa-a390-8aafea8cc554,webp,female,bottom,pants,classic,black,all-seasons,leather,"these sleek and sophisticated black leather pants feature an elegant design with two zippers running down the front, offering both style and functionality. the classic leather material provides durability and luxurious feel, making them perfect for everyday wear or special occasions. with their straight leg cut and streamlined silhouette, these pants can be paired effortlessly with a variety of tops and shoes. whether you're heading to work, attending a formal event, or simply looking for a chic outfit, these pants will create an impression of elegance and sophistication."
0875d2e1-6bd0-57a8-b66a-427008bd8458,jpg,female,dress,blouse,casual,rosybrown with white and floral print,all-seasons,cotton,"this charming blouse features a rosy brown base with delicate white floral patterns scattered across its surface. the soft cotton fabric provides comfort while maintaining a gentle drape that enhances the natural lines of the body. its casual style makes it perfect for everyday wear, pairing well with jeans or skirts. this versatile piece can be dressed up or down depending on your mood or occasion. whether you're running errands, attending a casual gathering, or just looking for something cozy yet stylish, this blouse will create an impression of effortless elegance."
1170d78a-d31e-5e5b-a0ec-30514d602d6c,jpg,female,dress,evening_dress,formal,black,all-seasons,silk,"this elegant evening dress features a luxurious silk fabric that drapes fluidly around the body. its classic design showcases a simple yet sophisticated aesthetic, highlighted by its dramatic long train which adds an air of royalty and sophistication. the black color palette offers timeless appeal, making this dress suitable for various formal occasions such as weddings, galas, or special events. the long train gives the wearer a regal appearance while also providing a stylish element of drama. this dress can be paired with accessories like high heels, a choker necklace, and a clutch bag to complete the look."
f5a115fd-151b-57bc-9b90-49c15e83f86c,jpg,female,dress,dress,classic,black,all-seasons,fabric,"this elegant black dress features a classic silhouette that effortlessly transitions from day to night. made from high-quality fabric, it offers a smooth texture and soft drape. the monochrome design allows for easy pairing with various accessories and shoes, making it versatile for both formal and casual occasions. its understated elegance creates an impression of sophistication and timelessness."
48e52aa5-7425-5c72-9690-4324afb77315,jpg,female,dress,sweatshirt,casual,darkslategray with black accents,all-seasons,fabric,"this darkslategray sweatshirt features a sleek design with a striking black accent on the back that includes a cozy hoodie element. it has a casual style suitable for everyday wear, making it perfect for both chilly evenings and lazy weekends. the soft fabric provides comfort while the hood adds warmth and style. this versatile piece can be paired with skinny jeans, leggings, or even shorts for an effortless look. its dark shade makes it ideal for layering under jackets during autumn and winter months."
2485cbf7-373d-5277-9e59-6348edfb61d8,jpg,female,dress,wrap top,classic,dark gray,all-seasons,fabric,"this dark gray wrap top features a classic style with elegant simplicity. made from high-quality fabric, it offers comfort and versatility for everyday wear. the design includes a sophisticated wrap detail that enhances the feminine silhouette. this versatile piece can be worn as a standalone outfit for a chic office look or paired with jeans or skirts for a casual weekend ensemble. its timeless appearance makes it suitable for all seasons, adding an understated elegance to your wardrobe."
bcf007c1-a7c3-5b1d-b7a4-629b468c8632,jpg,female,dress,dress,classic,black,all-seasons,fabric,"this elegant black dress features a halter neckline that effortlessly enhances the wearer's graceful demeanor while showcasing an equally stunning halter back design. the fabric drapes smoothly over the body, creating a flattering silhouette that emphasizes the waist and flares gently towards the hem. it can be worn for both formal and semi-formal occasions, adding sophistication to any ensemble. this classic piece pairs well with sleek accessories such as chandelier earrings, statement necklaces, or bold jewelry."
3a7461d5-0052-585a-a7fa-044eed440dbf,jpg,female,dress,shirt,classic,darkslategray with white and black,all-seasons,cotton,"this elegant shirt features a sophisticated darkslategray base color with crisp white accents and a bold black logo prominently displayed on the chest. the fabric is made from high-quality cotton, ensuring comfort and durability throughout various occasions. it has a classic style that exudes understated sophistication and can be effortlessly paired with skinny jeans for a modern urban look or worn with tailored trousers for a more formal setting. its versatile design allows it to transition seamlessly between casual evenings out and business meetings, making it an essential piece in every woman's wardrobe."
a6e4c148-81ae-5fd7-b1ce-c0a26490e5d3,jpg,female,dress,dress,classic,black,all-seasons,fabric,"this elegant black dress from the row showcases a timeless classic style. crafted from high-quality fabric, this dress features a sophisticated design that exudes sophistication and elegance. it has a straight silhouette with clean lines, emphasizing its chic and understated appeal. its smooth texture provides comfort while enhancing its polished appearance. this versatile dress can be worn for various occasions, whether formal events, business meetings, or even special celebrations. its minimalistic design allows it to easily blend into any outfit, making it an essential piece in every woman's wardrobe."
0d6c1d97-a22a-5f22-bad9-c4355b9142e3,jpg,female,dress,long-skirt-dress,classic,black,all-seasons,fabric,"this elegant long-skirt dress features a sophisticated and timeless design, perfect for various occasions. its sleek black color offers an understated yet chic appearance that can be effortlessly paired with accessories like a statement necklace or scarf. the flowing skirt creates a graceful silhouette, making this dress suitable for both formal events and everyday wear. it exudes sophistication and elegance, ideal for creating a polished look whether you're attending a dinner party, work function, or even just a casual outing."
1480270f-4b78-5fc2-971d-27a23834311a,jpg,female,dress,dress,classic,black,all-seasons,fabric,"this elegant black dress features an unexpected twist detail on its front, adding an element of sophistication and flair. the classic design includes a fitted silhouette that hugs the body gracefully, showcasing the feminine curves. its smooth fabric drapes beautifully, offering comfort while enhancing your natural beauty. this versatile piece can be worn for both formal occasions like weddings or parties, as well as more casual settings such as dinner dates or work events where you want to make a stylish impression."
e0426c2a-38fd-5cd1-ba67-fb19e6e10d7c,jpg,female,dress,evening_dress,classic,black,all-seasons,satin,"this elegant black evening dress features a sophisticated design with a slit running up the entire length of the back. the smooth satin fabric glides against the skin, offering both comfort and style. the slit allows for easy movement while showcasing your legs gracefully. this dress can be worn to formal events such as weddings, parties, or galas. its classic appeal makes it versatile enough to complement various accessories and shoes, creating a timeless look that exudes sophistication."
4cfae46a-1bac-5c10-bab4-0e24951571b8,jpg,female,dress,dress,classic,white with silver bow,all-seasons,fabric,"this elegant white dress features a delicate silver bow adorned at the shoulder, adding an exquisite touch of sophistication. the dress has a flowing silhouette that hugs the body gently, creating a flattering and feminine shape. its classic style makes it versatile for various occasions such as weddings, formal events, or even special gatherings. the combination of white and silver offers both timeless appeal and modern elegance. this dress can be worn alone or paired with accessories like pearls or a clutch bag to enhance its chic appearance."
c38a41bb-f7b8-5e73-b3b3-0974fac71afe,jpg,female,dress,blouse,casual,dimgray with white accents,all-seasons,cotton,"this dusky gray blouse features a subtle white knot detail at the front, adding an elegant yet playful touch. the smooth cotton fabric offers comfort and breathability, making it suitable for both warm and cool weather. its versatile design allows for easy pairing with jeans, skirts, or trousers, creating either casual weekend looks or polished office attire. the slight asymmetry and knot detail add interest while maintaining a timeless aesthetic."
6663a7dc-c6c7-573e-b258-98bd3e4ee7e2,jpg,female,dress,dress,classic,palevioletred with pink accents,all-seasons,fabric,"this elegant pale violet red dress features delicate pink accents that add a subtle flair. the fabric is smooth and lightweight, offering comfort and style for everyday wear. with its classic design, this dress can be worn for various occasions such as work, dinner parties, or special events. its timeless silhouette enhances the wearer's figure, creating an impression of sophistication and femininity. this versatile piece pairs well with heels, accessories like pearls, and can also be dressed down with simple sandals and a scarf."
397b7a10-2b1b-5c48-bb74-5def44cad4d8,jpg,female,dress,blouse,classic,dark gray with white and blue stripes,all-seasons,cotton,"this dark gray blouse features elegant white and blue stripes running horizontally across its surface, creating an understated yet sophisticated appearance. the crisp white shirt collar adds a touch of formality and classic elegance. it has a smooth, lightweight fabric made from high-quality cotton, ensuring comfort throughout the day. its simple design allows for versatile pairing options, making it suitable for both business meetings and casual outings. this piece can be worn alone with slacks or paired with a skirt for a polished look."
3a858474-af96-5012-a7f2-678b06a1c75a,jpg,female,dress,dress,classic,black,all-seasons,fabric,"this elegant black dress features a sophisticated design with a high neckline that exudes sophistication and elegance. the high-waisted silhouette adds an air of refinement and femininity, creating a chic and modern look. made from high-quality fabric, this dress offers comfort and durability while showcasing its timeless style. perfect for special occasions such as weddings, formal events, or even everyday wear when paired with accessories like a statement necklace or a bold bag."
4b8254db-7f07-5f62-970a-ae02788b31da,jpg,female,dress,dress,classic,black with sheer neck,all-seasons,fabric,"this elegant black dress features a sophisticated sheer-neck design that exudes an air of sophistication and femininity. the fabric is lightweight yet durable, ensuring comfort throughout various occasions. paired with a matching black jacket, this ensemble can be effortlessly transformed from daytime chic to evening glamour. it pairs well with statement accessories such as pearls or bold jewelry for added flair. its classic style makes it versatile enough to fit into formal events, workdays, or casual evenings. this dress creates an impression of elegance and understated refinement."
1abb92ed-295d-5560-9e1c-49d2dfc1afd5,jpg,female,dress,evening_dress,classic,black,all-seasons,satin,"this elegant black evening dress features a high neckline that exudes sophistication and class. the dramatic high slit adds an element of mystery and modern appeal, drawing attention to the legs while maintaining a sophisticated demeanor. crafted from luxurious satin fabric, this dress offers smooth texture and exceptional comfort. perfect for formal occasions such as weddings, parties, or special events, this dress can be paired with accessories like statement jewelry and stiletto heels to complete the look."
cc2e870c-2a99-561d-9e27-a6160d290061,jpg,female,dress,dress,classic,beige with silver accents,all-seasons,fabric,"this elegant beige dress features a timeless classic style with a touch of sophistication enhanced by subtle silver accents. the flattering fit and gentle a-line silhouette ensure comfort while showcasing an effortlessly chic appearance. the side slit adds a modern twist, offering both functionality for movement and a hint of playful elegance. perfect for daytime events, this dress can easily transition into evening occasions when paired with accessories such as statement jewelry or heels. its versatile nature makes it suitable for various social settings, from office gatherings to formal dinners."
2cbf83da-7a5c-5a25-8f0d-b196cefa6000,jpg,female,dress,blouse,classic,tan with pink accents,all-seasons,cotton,"this elegant tan puff sleeve blouse features delicate pink accents that add sophistication and femininity. the classic style combines traditional elegance with modern touches, making it versatile for various occasions. the soft cotton fabric ensures comfort while maintaining a polished appearance. with its slightly fuller puff sleeves, this blouse offers a feminine yet contemporary look. it can be paired with skirts, pants, or dresses for a chic and refined ensemble. whether worn during spring, summer, autumn, or winter, this piece will create an impression of grace and refinement."
b161c78e-8ddb-5ba2-8624-80b690676cf9,jpg,female,dress,dress,classic,black,all-seasons,fabric,"this elegant black dress features a timeless classic style that exudes sophistication and understated elegance. the dress has a simple yet sophisticated design with a straight cut and flattering silhouette, making it perfect for both formal and semi-formal occasions. a delicate bow adorns the back, adding an effortlessly chic touch. its smooth fabric drapes gracefully over the body, showcasing its luxurious texture. this versatile piece can be worn for various events such as work meetings, dinner parties, weddings, or even special occasions like anniversaries or holidays. it pairs beautifully with heels, a chic handbag, and accessories like a scarf or jewelry."
03d06e10-61d9-5c07-9b50-dbe63160f3fa,jpg,female,dress,dress,classic,black,all-seasons,fabric,"this elegant black dress features a sophisticated design with a dramatic draped back, showcasing its exquisite style and femininity. the smooth fabric provides a luxurious feel against the skin while maintaining comfort throughout wear. its sleek silhouette highlights the curves of the body, making it an ideal choice for formal occasions such as weddings, dinner parties, or special events. this versatile piece can also be dressed up or down depending on your personal preference by adding accessories like jewelry or coats. with its timeless appeal, this dress will effortlessly complement various styles and create a confident impression."
3b21fce9-7651-5328-9e5e-9ba4d6eb8cd2,jpg,female,dress,dress,classic,ivory with silver accents,all-seasons,silk,"this exquisite silk dress from silver the reformation features an elegant ivory base with subtle silver embroidery detailing throughout. it boasts a sophisticated fit-and-flare silhouette that accentuates the waist while flowing gracefully down to the floor. the fabric is lightweight yet luxurious, offering both comfort and sophistication. ideal for special occasions such as weddings, formal events, or even evening gatherings, this dress can be paired with delicate accessories like pearls or silver jewelry to enhance its allure. its classic design makes it versatile enough to transition seamlessly between daytime and nighttime looks."
0194edf4-b701-5e14-97b6-494fb48ef676,jpg,female,dress,floral-print-dress,classic,dark gray with floral print,spring,blend fabric,"this dark gray floral print dress features an elegant classic style that exudes sophistication and understated beauty. the blend fabric offers comfort and durability while showcasing intricate floral patterns that complement various skin tones. its straight-cut silhouette skims the body effortlessly, creating a sleek appearance suitable for both daytime and evening events. accented by subtle embellishments, this dress pairs well with nude heels for a polished look or ankle boots for a more casual vibe. it is versatile enough to be worn during spring when warm weather arrives, offering a chic alternative to solid-colored options."
1160b3fa-e7f3-506c-8329-35084318bdc2,jpg,female,dress,dress,classic,black,all-seasons,fabric,"this elegant black dress features a long sleeved design that offers both comfort and style. the addition of a belt adds a chic touch and allows for customization of fit. perfect for formal occasions such as weddings, dinners, or special events, this classic piece can also be worn during the daytime for a more casual yet sophisticated look. its sleek and understated appearance makes it versatile enough to complement various accessories and shoes."
a53eaf22-24df-5c6d-af6b-5dbd0ba51b84,jpg,female,dress,evening_dress,classic,black,all-seasons,satin,"this elegant black evening dress exudes sophistication and elegance. made from luxurious satin fabric, it features a classic a-line silhouette that flows effortlessly from the shoulders down to the floor. the dress has a fitted bodice with a defined waistline, showcasing its timeless charm. its understated yet sophisticated design makes it perfect for formal occasions such as weddings, special events, or cocktail parties. pair this dress with a sparkling necklace and stiletto heels to complete the look."
b9b37d44-2e6d-52f6-b6bc-20a22e6befb0,jpg,female,dress,blouse,classic,black,all-seasons,cotton,"this elegant classic blouse features a long-sleeve design with a sophisticated knot detail at the neckline. crafted from high-quality cotton for comfort and durability, this piece exudes sophistication and versatility. its understated yet refined appearance makes it an ideal choice for both casual and formal occasions. pair it with skinny jeans for a chic evening look or layer it over a camisole for a modern daytime ensemble."
683ef204-8eb1-5275-bb64-56b33a825424,jpg,female,dress,dress,classic,darkslategray with black and gold accents,all-seasons,fabric,"this elegant darkslategray dress features a sophisticated classic style with subtle hints of black and gold. the main body of the dress is made from high-quality fabric that offers both comfort and durability. it includes a striking gold buckle detail at the waist for added sophistication and elegance. accented by a matching black belt, this dress can be worn either as an everyday outfit or for special occasions. its versatile nature makes it suitable for various settings, such as formal events, business meetings, or even dinner parties. with its classy appearance and well-structured silhouette, this dress provides a refined impression while still being practical and easy to wear."
a262a190-06eb-5b08-b4d2-d8e69b116a08,jpg,female,dress,print dress,classic,darkslategray with black and white print,all-seasons,polyester,"this darkslategray print dress features a sophisticated black and white floral pattern that adds elegance and subtlety. the dress has a classic fit with a mid-length hemline and an a-line silhouette, which flows gracefully from the waist down. its gentle texture provides comfort while showcasing its unique design elements. perfect for both daytime and evening events, this versatile piece can be worn casually during spring and summer seasons or dressed up for autumn and winter occasions. pair it with a cardigan or blazer for added warmth and sophistication."
9641f315-84d9-5f69-9736-7ab196fb7dda,jpg,female,dress,floral-print-dress,classic,lightslategray with blue and white floral print,spring,cotton,"this elegant lightslategray floral-print dress features a delicate blue and white floral pattern that adds a touch of sophistication and femininity. the dress has a classic style, showcasing a refined silhouette with subtle ruffles around the hemline for added charm. it boasts a comfortable fit, allowing freedom of movement while maintaining an air of refinement. ideal for both casual and semi-formal occasions, this dress can be paired with accessories such as a dainty necklace, heels, or sandals depending on the occasion. its soft cotton fabric ensures comfort throughout the day, making it perfect for springtime events."
fd29bb78-2d57-5258-8cf8-9e2e9dd402f8,jpg,female,dress,coat,classic,black,all-seasons,fabric,"this elegant black belted coat from the row showcases refined sophistication and understated chic. crafted meticulously from high-quality fabric, this piece effortlessly transitions between daytime and evening wear. its sleek, tailored silhouette boasts a modern yet classic fit, accentuated by its mid-length design and subtle belting detail at the waist. the coat's smooth texture and luxurious drape provide an impeccable appearance that enhances any outfit. ideal for both formal occasions and smart-casual settings, this coat exudes elegance and timeless style."
157483f1-d12d-563d-a05c-5777154e6f79,jpg,female,dress,dress,classic,brown,all-seasons,fabric,"this elegant sienna-colored dress features a timeless classic style that exudes sophistication and elegance. the fabric drapes smoothly over the body, offering a comfortable yet sophisticated fit. a subtle slit on one side adds an element of flair and movement, allowing for freedom of motion while maintaining an air of refinement. perfect for both formal occasions and special events, this dress can be easily paired with accessories such as high heels, statement jewelry, or a clutch bag. its versatile nature makes it suitable for various seasons, from autumn to spring, ensuring year-round wearability."
7018c410-6ecb-5013-96e3-9562fb9688d6,jpg,female,dress,long dress,classic,darkslategray with brown accents,all-seasons,fabric,"this elegant long dress features a darkslategray base with subtle brown accents, creating an understated yet sophisticated look. the long skirt flows gracefully from the waist, showcasing its classically tailored silhouette. it offers a versatile style that can be worn for various occasions, whether formal events, work settings, or casual evenings. its smooth fabric feels luxurious against the skin while maintaining comfort throughout the day. pair this dress with chunky heels or sandals for a polished finish."
01bba1ef-432e-5b92-99fc-85de461b88bb,jpg,female,dress,dress,classic,dimgray with gray tones,all-seasons,fabric,"this elegant dingy gray dress features a subtle knot detail at the neckline, offering a sophisticated and refined look. the long flowing skirt provides a graceful silhouette that flows effortlessly with movement. the dress is made from high-quality fabric, allowing for comfort and ease of wear. its understated elegance makes it suitable for various occasions, from formal events to casual evenings. it can be paired with a simple statement necklace or delicate jewelry to enhance its charm. this piece evokes an air of sophistication and timeless beauty."
3ad1a967-3827-5898-933a-cba3a35e1eb5,jpg,female,dress,dress,classic,black,all-seasons,fabric,"this elegant black dress features a cow-neck design that adds an unexpected touch of charm. the classic style and understated sophistication make this piece versatile for various occasions. crafted from high-quality fabric, it offers both comfort and elegance. its sleek silhouette flatters all body types while showcasing your figure. perfect for formal events, work meetings, or even casual outings, this dress can be dressed up or down depending on the occasion. with its subtle yet striking cow-neck detail, it stands out as a timeless addition to any wardrobe."
db7df328-d6b4-5093-bd8a-f3f78f590f97,jpg,female,dress,dress,classic,darkslategray with black accents,all-seasons,fabric,"this elegant darkslategray dress features subtle black accents that add sophistication and depth to its appearance. the classic style provides a timeless look that can be easily adapted for various occasions. with its smooth fabric texture, this dress offers comfort while maintaining an air of formality. it has a flattering silhouette that enhances the figure, creating an impression of elegance and understated chicness. this versatile piece can be worn during both daytime events and evening gatherings, making it suitable for work environments, casual celebrations, or even formal settings."
da741ce7-660e-5b57-ace9-f109ba57596f,jpg,female,dress,evening,classic,silver,all-seasons,satin,"this elegant silver evening dress features a charming collar neckline that adds sophistication and refinement. the pleated skirt gives it an airy and flowing appearance, showcasing graceful movement when worn. the satin material shimmers under light, enhancing its luxurious appeal. this dress is perfect for formal occasions such as weddings, gala events, or special celebrations. its classic style makes it versatile enough to be paired with accessories like pearls or a chic clutch to create a polished look."
991dbc45-c8f2-5c0b-92e9-ecd829cc55ce,jpg,female,dress,dress,classic,midnight blue,all-seasons,silk or satin,"this elegant midnight blue dress features a classic v-neckline that enhances the wearer's décolletage, showcasing an air of sophistication and confidence. the short sleeves provide just enough coverage while maintaining a chic and modern look. made from luxurious silk or satin fabric, this dress drapes smoothly over the body, creating a flattering silhouette that emphasizes curves. its timeless design makes it suitable for various occasions such as formal events, business meetings, or even special evenings out. the deep blue hue adds depth and elegance, making it versatile for both daytime and evening wear."
2e520592-97ba-5a8d-bb21-25bc8e83a28b,jpg,female,dress,dress,classic,dark olive green with brown and black,all-seasons,fabric,"this elegant dark olive green dress features a unique design that combines elements of both sophistication and femininity. the dress consists of a body made from a high-quality fabric, showcasing a classic style that can be worn for various occasions. its distinctive feature is its brown skirt which adds an unexpected touch of warmth and depth to the overall look. the black trim around the hemline provides a sharp contrast against the vibrant green hue, enhancing the dress's appeal. this versatile piece can be dressed up for formal events such as weddings or business meetings, or downplayed for casual outings by pairing it with simple accessories like neutral-colored shoes and a statement necklace."
a5756f9e-2393-5915-b4e8-b9d923aa537f,jpg,female,dress,dress,classic,white with silver accents,all-seasons,fabric,"this elegant white dress features subtle silver accents that add sophistication and refinement. the classic design includes buttons running down the front, providing a clean and polished look. it has a structured yet feminine silhouette, creating an air of formality while remaining versatile for various occasions. this dress can be worn for formal events, weddings, or even special celebrations. its button detailing adds a touch of elegance and makes it easy to fasten and adjust to your comfort level. pair it with simple accessories like pearls or a delicate necklace to complete the ensemble."
a581ef51-1bbd-5947-b4c6-dbc6e0d2780f,jpg,female,dress,dress,classic,black,all-seasons,fabric,"this elegant black dress features a long flowing skirt that gracefully drapes down to create an airy and sophisticated appearance. the high neckline adds a touch of sophistication and formality, while also providing comfort and modesty. made from premium fabric, this dress offers exceptional softness and durability. it can be worn for various occasions such as formal events, weddings, parties, or even special work gatherings. its versatile design allows it to blend effortlessly into different styles and settings, making it a timeless addition to any woman's wardrobe."
38340301-918c-505f-95ba-05db1b20e0e2,jpg,female,dress,coat,classic,darkslategray with brown and black paisley print,autumn,fabric,"this elegant darkslategray coat features a sophisticated paisley print consisting of brown and black hues. the classically styled design offers a timeless appeal that complements both casual and formal outfits. with its tailored fit and smooth fabric, this coat is perfect for autumn evenings when you want to add an element of sophistication to your look. it can be worn over a blouse and skirt for a polished office vibe or paired with jeans and boots for a chic yet cozy weekend ensemble."
5a2a1d5d-ad31-51c7-97f4-50b4060f0288,jpg,female,dress,dress,classic,black,all-seasons,fabric,"this elegant black dress features spaghetti straps that add sophistication and femininity. the sleek design allows for effortless versatility, making it suitable for both formal and casual occasions. its classic style makes it an essential piece in every woman's wardrobe. pair it with high heels for a nighttime event or opt for flats during the day for a more relaxed look."
c9d463da-c89e-5f27-8a86-64566a90cf2a,jpg,female,dress,dress,classic,white,all-seasons,cotton,"this elegant white dress features a charming high-neckline design and short-sleeves, offering a timeless and sophisticated appearance. the soft cotton fabric ensures comfort while maintaining an airy feel suitable for both warm and cool weather. its simple yet chic style can be effortlessly styled for various occasions such as formal events, casual gatherings, or even daily wear. with its classic aesthetic, this dress exudes understated sophistication and versatility."
a2876ebd-cbf9-55b3-85eb-90eef760b92f,jpg,female,dress,dress,classic,black,all-seasons,fabric,"this elegant black dress features a sophisticated design with a sensual cutout detail on the back, showcasing a hint of skin for an alluring touch. the fabric has a smooth texture that drapes gracefully around the body, creating a flattering silhouette. it can be worn for various occasions such as formal events, cocktail parties, or even special celebrations. its classic style makes it versatile enough to pair with different accessories like high heels, statement jewelry, or a bold handbag. this dress is perfect for women who want to make a confident and chic impression."
c4396455-bdb0-555b-9f56-ab01e1b822df,jpg,female,dress,shirt dress,classic,lightsteelblue with blue and white stripes,all-seasons,cotton,"this lightsteelblue shirt dress features elegant blue and white stripes that create an effortlessly chic look. the classic style with its crisp lines and subtle striping gives it a timeless appeal. it has a straight-cut silhouette that flows smoothly from the shoulders down to the hem, creating a flattering fit for most body types. this versatile piece can be worn casually during the day for a smart-casual ensemble, paired with flat shoes or sandals, or dressed up for a more formal occasion by adding a statement necklace and stilettos. its cool hues make it suitable for both summer and autumn seasons, offering a fresh vibe even when temperatures drop."
cc0c0201-e12b-5000-9929-91dec05ef5ae,jpg,female,dress,dress,classic,black,all-seasons,fabric,"this elegant black dress features a sophisticated design with a subtle bow detail positioned strategically on the front. the classy appearance makes it an ideal choice for various occasions such as formal events, parties, or even everyday wear. its classic style lends itself effortlessly to both daytime and evening looks. crafted from high-quality fabric, this piece offers comfort while maintaining its chic appeal. the bow accent adds a touch of femininity and charm, making it versatile enough to be paired with accessories like jewelry or heels."
a8e842c7-24f5-526b-95ef-21a39ef9f9d1,jpg,female,dress,blouse,classic,dark gray with white and stripes,all-seasons,cotton,"this elegant dark gray blouse features a sophisticated classic style that exudes understated sophistication. the subtle yet eye-catching white striped pattern adds an element of refinement and contemporary appeal. crafted from premium cotton fabric, this piece offers comfort and durability while maintaining its polished look. ideal for both casual and formal occasions, it can be paired with various bottoms such as skirts, pants, or dresses to create versatile ensembles. its timeless design ensures versatility throughout the year, making it suitable for all seasons."
ae65d49f-dfcb-548c-9687-7648b2c76a1c,jpg,female,dress,denim dress,casual,dimgray with denim details,all-seasons,denim,"this dimgray denim dress features an effortlessly chic and casual style. made from durable denim fabric, this piece offers comfort and versatility for everyday wear. the dress includes practical pockets that add functionality and style, enhancing its overall appeal. with its timeless design, it can be paired with various accessories and shoes to create different looks. whether worn casually on weekends or dressed up for special occasions, this versatile dress ensures you look put-together yet relaxed."
91ef4fef-2584-50a4-b718-dad5acc7d76e,jpg,female,dress,dress,classic,black,all-seasons,fabric,"this elegant black dress features classic styling with subtle button detailing along the front. the fabric is smooth and lightweight, offering comfort while maintaining sophistication. its versatile design makes it suitable for various occasions such as formal events, business meetings, or even casual evenings when paired with accessories like a statement necklace or chic scarf. this piece can effortlessly transition from daytime to nighttime looks depending on your choice of shoes and accessories."
067b045f-aeb6-5532-a3bc-4ae5d78e37e3,jpg,female,dress,dress,classic,darkslategray with black accents,all-seasons,fabric,"this elegant darkslategray-black dress features a timeless classic design with a simple, minimal silhouette that exudes sophistication and understated elegance. the clean lines and smooth fabric create an effortlessly chic appearance, making this piece versatile for various occasions. it can be worn as a sophisticated work attire during the day or transformed into a glamorous evening ensemble with accessories like pearls or statement jewelry. its straightforward design allows for easy pairing with a variety of styles, whether it's layered over a lace top or paired with chunky boots for a modern edge."
e9eb1202-5e2b-55fc-ab0a-0b3b2aa4a40d,jpg,female,dress,evening_dress,glamorous,darkslategray_with_sequins,all-seasons,fabric_with_sequins,"this elegant darkslategray evening dress features eye-catching sequins that sparkle under light, adding an opulent touch to your ensemble. the cut and silhouette are sleek and modern, showcasing a straight fit from waist to hem. the fabric boasts a luxurious feel and sheen, complemented by the intricate sequin embellishments. this dress can be worn for special occasions such as formal events, weddings, or galas. it pairs well with high-heeled shoes and accessories like chandelier earrings and a clutch bag. its glamorous appearance makes it perfect for creating a sophisticated yet attention-grabbing look."
ec691857-b28f-5539-8448-bb70e92cee77,jpg,female,dress,dress,classic,black,all-seasons,fabric,"this elegant black dress features a halt neckline and shoulder straps, showcasing an understated yet sophisticated design. the fabric has a smooth texture that drapes gracefully over the body, creating a classic and timeless appearance. ideal for formal occasions such as weddings, dinner parties, or business events, this dress can also be dressed up or down depending on the occasion. its versatile nature allows it to blend effortlessly into various outfits, from a simple pair of nude heels to more elaborate accessories like jewelry or statement bags."
8116c046-cc7c-536e-8a9a-847a5491c918,jpg,female,dress,dress,classic,dimgray with white accents,all-seasons,fabric,"this elegant dresss features a classically styled design with a drab dimgray base that subtly showcases an understated sophistication. accented by crisp white detailing, particularly a graceful knot at the front, this dress offers a sophisticated appeal suitable for various occasions. the smooth fabric allows for easy movement while maintaining a polished appearance. ideal for both daytime and evening events, this dress can be paired with accessories such as pearls or simple jewelry to enhance its chic style. its timeless silhouette makes it versatile enough to complement various outfits and settings."
947c09a8-68d0-539f-871d-38c629109a75,jpg,female,dress,wrap dress,classic,darkslategray with chocolate accents,all-seasons,fabric,"this elegant wrap dress features a darkslategray base with subtle chocolate accents that add depth and sophistication. the design showcases a classic style with a flattering silhouette that accentuates the curves while maintaining an air of understated elegance. its versatile nature makes it suitable for both daytime and evening wear. the fabric is soft and comfortable, ensuring maximum comfort throughout the day. the wrap detail allows for easy sizing adjustments and enhances the overall fit. this dress can be paired with accessories such as a statement necklace or scarf to create different looks. it pairs well with neutral tones like black or cream for a chic ensemble."
ee69bf52-b70f-5ea2-8372-2467c43c4ab6,jpg,female,dress,long-skirt-dress,classic,black,all-seasons,fabric,"this elegant black dress features a classic style with a flowing long skirt that drapes gracefully from the waist down. the fabric is smooth and soft against the skin, offering comfort while maintaining an air of sophistication. its simple yet sophisticated design makes it versatile for various occasions, whether it's a formal event, a business meeting, or even a casual dinner date. the black hue provides a timeless appeal, allowing it to blend effortlessly into any outfit combination. this dress is perfect for creating an understated yet polished look."
3f8f6c91-a993-58d7-a8d5-7e3071a26378,jpg,female,dress,denim dress,casual,darkslategray with denim accents,all-seasons,denim,"this darkslategray denim dress features a classic design that effortlessly transitions from day to night. it has a straight-cut silhouette with a subtle flare at the hem for a feminine touch. the inclusion of a belt adds an elegant detail, allowing you to adjust the fit and create different looks by tying it loosely around your waist or securing it tightly for a more fitted appearance. its versatile nature makes it suitable for various occasions such as casual weekends, date nights, or even light workdays. this dress showcases a timeless appeal while offering comfort and style."
7aa697a0-69ec-568d-b277-cbe8705fbb17,jpg,female,dress,blouse,classic,black,all-seasons,cotton,"this elegant black blouse features a classic collar design and a sophisticated collared neck, perfect for both formal and casual occasions. made from high-quality cotton fabric, it offers breathability and comfort throughout the day. the clean lines and minimalist aesthetic make this piece versatile enough to pair with various bottoms such as skirts, trousers, or dresses. its timeless style can be easily incorporated into everyday outfits, creating an effortlessly chic look."
b52ca698-b465-507b-9518-cec1fb24ea5b,jpg,female,dress,dress,classic,black,all-seasons,fabric,"this elegant black dress features a sophisticated cow-neck design that adds a touch of vintage charm and sophistication. the dress has a classic fit, showcasing a flattering silhouette that enhances the wearer's figure. it boasts smooth fabric that glides against the skin for comfort and easy movement. with its understated elegance, this dress can be worn for various occasions such as business meetings, formal events, or even casual evenings out. its versatile nature allows it to blend seamlessly into different outfits, making it an essential piece in every woman's wardrobe."
8fc15fba-e0a2-5f3d-bbbb-e1280051a61f,jpg,female,dress,dress,classic,mint green,spring,fabric,"this elegant silver the reformation dress exudes sophistication and femininity with its beautiful mint green hue. crafted from high-quality fabric, this dress features a flattering silhouette that hugs the body while maintaining comfort. its classic style can be effortlessly transitioned from daytime to evening wear. the sleek design includes a smooth, tailored fit with clean lines, offering an air of refinement. accented by subtle details such as delicate buttons or a gentle pleat at the waist, this dress adds a touch of modern charm. perfect for special occasions or casual evenings, it pairs well with simple accessories like a choker necklace or statement earrings. this versatile piece will enhance any outfit, creating a polished yet approachable look."
28dbe01d-5cbc-576d-8bf2-4c5dd7d7eeed,jpg,female,dress,striped dress,classic,dark gray with stripes,all-seasons,polyester,"this dark gray striped dress features a sophisticated design with elegant vertical stripes that create an effortless yet chic appearance. the tie at the waist adds a subtle touch of sophistication and helps define the figure. it boasts a classic fit, making it suitable for both formal and semi-formal occasions. this versatile piece can be worn during all seasons by layering it appropriately. its polyester construction ensures durability and ease of care. perfect for creating a polished look whether you're attending a business meeting, a dinner party, or a casual afternoon out."
8b3543d8-9227-542f-b9d8-2f8669b2222d,jpg,female,dress,dress,classic,black,all-seasons,fabric,"this elegant black dress features a sophisticated design with a unique knot detail adorning the front. the fabric drapes smoothly over the body, creating an effortlessly chic silhouette that exudes timeless charm. the knot serves as both a decorative element and functional tie closure, offering versatility for sartorial expression. ideal for formal occasions or special events, this dress can be paired with accessories such as a statement necklace or stiletto heels to enhance its sophistication."
ecd5692f-c16d-5e6f-80ac-8a4fc2482f33,jpg,female,dress,jacket,classic,black,all-seasons,fabric,"this elegant black jacket features a long-sleeve design and a flowing long-neckline, showcasing an effortlessly chic style. crafted from high-quality fabric, this piece is versatile enough for both daytime and evening wear. its sophisticated silhouette pairs well with various outfits, offering a polished look that exudes understated elegance. the classic black hue makes it easy to incorporate into existing wardrobes, providing endless possibilities for layering and pairing."
447ff0e3-b3df-56cd-94ad-64bcdbbb35fc,jpg,female,dress,dress,classic,black,all-seasons,fabric,"this elegant black dress features a distinctive cow-neck design that adds an unexpected touch of sophistication. the sleek, understated fabric drapes smoothly over the body, creating a flattering silhouette that hugs the curves without being overly revealing. the cow-neck detail, often associated with traditional indian attire, gives this dress a unique, exotic vibe while remaining timeless and versatile. this piece can be worn for both formal occasions such as weddings or business events, as well as more casual settings like dinner parties or special evenings out. its neutral black hue makes it easy to pair with various accessories and shoes, ensuring versatility across multiple seasons."
97559861-7d7c-5e40-822b-24ac98814553,jpg,female,dress,capelet,classic,crimson red,all-seasons,fabric,"this crimson red capelet features a charmingly rusted texture, offering an elegant yet casual appeal. its softly rounded edges and capelike design create a sophisticated look that complements both formal and everyday wear. the subtle rust finish adds character and depth, enhancing its classic style. this versatile piece can be worn as a statement accessory over dresses, blouses, or even coats, adding warmth and elegance to any outfit. it pairs well with neutral tones for a polished appearance or bright hues for bold impact."
ce3e73df-6c9e-5956-ae67-a8b25cdf72f0,jpg,female,dress,red dress,classic,firebrick red,all-seasons,satin or silk,"this firebrick red dress features an elegant design with a subtle knot detail at the back, showcasing sophistication and style. the smooth satin or silk fabric drapes fluidly around the body, offering a luxurious feel and luxe appearance. the knot at the back not only adds a chic finishing touch but also enhances the fit by creating a tailored look. this dress can be worn for formal occasions such as weddings, special events, or even evening parties. it pairs effortlessly with accessories like high heels, statement jewelry, and a clutch bag. its all-seasons appeal makes it versatile enough to be worn during various seasons, whether it's a cozy winter night or a warm summer evening."
19488775-92b6-572d-a607-75c3a1fce856,jpg,female,dress,dress,classic,darkslategray with white flowers,all-seasons,cotton,"this elegant darkslategray dress features delicate white floral embroidery, adding a touch of sophistication and femininity. the fabric is made from high-quality cotton, ensuring comfort and breathability throughout the day. its classic style can be effortlessly adapted for various occasions, making it versatile enough for both formal and semi-formal events. pair this dress with heels for an evening look or opt for flat shoes and a lightweight cardigan for a more casual yet chic ensemble."
bcaf83b8-f088-5c33-88f4-b56f2d4ad21d,jpg,female,dress,dress,classic,black,all-seasons,fabric,"this elegant black dress features a cow neck design that adds an edgy touch to its classic appearance. the fabric is smooth and lightweight, making it suitable for various occasions. its sleek silhouette hugs the body gracefully while offering enough room for comfort. accented by subtle details such as the cow neckline, this dress can be worn during both daytime events and evening gatherings. it pairs effortlessly with neutral accessories like gold jewelry or simple pumps for a polished look."
866e8f69-43fc-54f8-b057-9c2e84c8cb8f,jpg,female,dress,short-sleeve-dress,classic,dimgray with camel accents,all-seasons,fabric blend,"this elegant short-sleeve dress exudes sophistication with its drab dimgray base, punctuated by subtle camel accents that add warmth and depth. the smooth fabric blend provides a comfortable yet sophisticated feel. its simple yet chic design showcases a timeless classic style that can be effortlessly paired with various accessories for different occasions. whether worn as an office ensemble or for a casual dinner date, this dress offers versatility and elegance. it has a flattering silhouette that enhances the figure while maintaining comfort throughout the day."
82ad6ee4-8630-5ebb-ba50-0c82750a8df2,jpg,female,dress,dress,classic,black,all-seasons,fabric,"this elegant black dress features a sophisticated design that combines a sleek top and a flowing skirt. the fabric is smooth and soft to the touch, offering comfort while maintaining an air of sophistication. it has a flattering silhouette that accentuates the curves, creating a timeless appearance suitable for various occasions. perfect for formal events, dinner parties, or even special celebrations, this dress can be paired with accessories like a statement necklace or simple earrings to enhance its appeal. its understated yet chic style makes it versatile enough to wear during both daytime and evening settings."
ebccaa44-ef0e-5bf8-9f4d-56179e882c39,jpg,female,dress,dress,classic,black,all-seasons,fabric,"this elegant black dress features a sophisticated draped neckline that adds an element of sophistication and grace. the fluid drape gently flows down from the collarbone, creating a visually appealing and flattering shape. made from high-quality fabric, this dress offers both comfort and style. its timeless design makes it suitable for various occasions such as formal events, dinner parties, or even everyday wear when paired with accessories like a statement necklace or scarf. this versatile piece can be worn during all seasons due to its neutral color and adaptable style."
80f8947e-b24b-55f9-9092-1ac42058fc12,jpg,female,dress,dress,classic,black,all-seasons,fabric,"this elegant black dress features a chic design with a subtle shoulder detail and a shoulder band that adds sophistication and femininity. the smooth fabric drapes beautifully around the body, creating an effortless yet sophisticated look. it can be worn for various occasions such as formal events, work functions, or even special evenings out. its classic style makes it versatile enough to pair with different accessories and shoes, offering endless styling possibilities."
328cdd96-adce-51e4-ac1f-3e2129494950,jpg,female,dress,dress,classic,black,all-seasons,fabric,"this elegant black dress features a collar and a short neckline, showcasing understated sophistication. the classic design provides a versatile option for various occasions, whether it's a formal event or a daytime look. its simple yet sophisticated style can be easily paired with accessories such as a scarf, belt, or jewelry to enhance its appeal. this dress has a timeless charm that will complement both traditional and modern ensembles."
55f5c44a-1ec2-552d-825b-dc85ba0206de,jpg,female,dress,dress,classic,dark gray with floral pattern on the back,all-seasons,cotton,"this dark gray dress features a subtle yet elegant floral pattern that is discreetly placed on the back, adding an understated touch of femininity. the dress has a classic silhouette with a slightly a-line shape, ensuring comfort while maintaining its sophistication. it is made from high-quality cotton fabric, offering both breathability and durability for everyday wear. its versatile design allows it to be worn for various occasions such as work meetings, casual evenings, or special events. the soft drape and flowy fabric create a graceful appearance, making this dress perfect for any woman seeking elegance and ease."
6e6e205e-9bb9-5701-9bf6-4f444e30628a,jpg,female,dress,dress,casual,white with silver accents,summer,cotton,"this elegant white dress features subtle silver accents, creating an understated yet sophisticated appearance. its lightweight cotton fabric makes it ideal for warm summer days, offering comfort and breathability. the simple design allows it to be easily paired with various accessories, making it versatile enough for both casual outings and special occasions. with its straight-cut silhouette, this dress exudes a timeless elegance while maintaining a contemporary feel. it can be worn alone during sunny afternoons or layered over a lace camisole for added sophistication."
e9d08f4d-ab06-5672-812b-c945ec8dc02e,jpg,female,dress,dress,classic,black,all-seasons,fabric,"this elegant black dress features a timeless classic style that exudes sophistication and elegance. it has long sleeves that provide comfort and coverage while maintaining an air of refinement. the draped front adds a flattering element, enhancing the silhouette and creating a chic, modern look. ideal for formal occasions such as weddings, parties, or business events, this dress can also be dressed up or down depending on the accessories chosen. its versatility makes it perfect for both daytime and evening wear."
ffa94235-dd2d-5bd0-bafc-50e8ee872eba,jpg,female,dress,dress,classic,darkslategray with black accents,all-seasons,fabric,"this elegant darkslategray dress features a sophisticated classic style with a subtle yet chic black accent in the form of a knot positioned prominently on the front. the fabric is smooth and comfortable, providing both elegance and ease of movement. it has a tailored fit that enhances the figure while maintaining a timeless appeal. this versatile piece can be worn for various occasions such as formal events, business meetings, or even special celebrations. its understated design allows it to blend effortlessly into a variety of outfits, from conservative ensembles to more adventurous looks. the knot detail adds an element of sophistication and individuality, making this dress stand out while remaining universally appealing."
b2efaf3b-1d87-5a61-bfe9-8144824aebe0,jpg,female,dress,dress,classic,darkslategray with black accents,all-seasons,fabric,"this elegant darkslategray dress features a subtle yet sophisticated color palette that effortlessly transitions from day to night. the dark gray base provides an understated elegance while the contrasting black bow adds a chic touch at the back. the dress has a classic fit, with a tailored silhouette that hugs the body gracefully. its smooth fabric feels luxurious against the skin, ensuring comfort throughout the day. this versatile piece can be worn for both formal occasions like weddings or special events, as well as more casual settings such as dinner dates or work functions where you want to make a polished impression. with its minimalist design and attention-grabbing detail, this dress evokes a sense of sophistication and style."
d41cf7cf-369e-5388-9444-0281c7fc69de,jpg,female,dress,dress,classic,rosybrown with beige accents,all-seasons,fabric,"this elegant dress features a charming rosybrown shade with subtle beige undertones, creating an appealing softness. it boasts a sophisticated collar design that adds sophistication and refinement. accented by a coordinating belt, this dress can be cinched at the waist for a flattering fit and defined shape. the fabric is lightweight yet durable, making it suitable for both daytime and evening wear. ideal for special occasions, weddings, or formal events, this dress will enhance your style and create a polished impression."
1feb5fd6-0b68-5d1a-96fd-f9eac1cad860,jpg,female,dress,dress,classic,black with pink and white design,all-seasons,fabric,"this elegant black dress features a sophisticated classic style that effortlessly transitions from day to night. the versatile design showcases a timeless silhouette, with a flattering fit that hugs the curves in all the right places while maintaining an air of sophistication. its subtle yet captivating pink and white pattern adds a playful touch, making it perfect for both formal occasions and casual outings. this dress can be paired with high heels for a glamorous look or flat shoes for a more relaxed vibe. it also works well as a go-to piece during spring and autumn due to its versatile nature."
8f55f018-d7dd-54ea-86c2-e396db09b772,jpg,female,dress,jacket,classic,darkolivegreen,all-seasons,cotton,"this dark olive green military jacket exudes an understated elegance that is both timeless and versatile. crafted from sturdy cotton fabric, this piece offers durability and comfort while maintaining its classic style. the jacket features subtle khaki accents, adding depth and dimension to its overall appearance. its military-inspired design includes a traditional button-up closure and functional pockets, providing practicality alongside aesthetic appeal. this jacket can be effortlessly paired with various outfits, making it suitable for both casual and semi-formal occasions. whether worn alone as a statement piece or layered over other garments, it evokes a sophisticated yet unpretentious vibe."
17303226-f460-5081-a0a0-2abd8b783603,jpg,female,dress,dress,classic,darkslategray with black accents,all-seasons,fabric,"this elegant darkslategray dress features a sophisticated cow neck design that adds an understated touch of refinement. the fabric offers a smooth texture and drape, making it versatile for various occasions. it can be worn casually during the day with flats or heeled sandals, creating a modern look. for evening events, pair it with statement jewelry and heels for a chic yet subtle ensemble. its timeless appeal makes it suitable for both formal and semi-formal settings."
e659028b-66a0-5b02-a697-dd0abdd810c8,webp,female,dress,dress,classic,dark olive green with hints of brown,all-seasons,fabric,"this dark olive green dress features subtle undertones of brown, creating an elegant and sophisticated appearance. the fabric has a smooth texture that drapes well, enhancing its classic silhouette. it is perfect for both formal and semi-formal occasions, offering versatility in styling options. pair it with heels for a chic evening look or opt for flats for a more casual daytime ensemble. its timeless design makes it suitable for various seasons, making it an essential addition to any wardrobe."
7be20d73-22da-5dc1-b747-efff5b6a06e7,webp,female,dress,dress,classic,black,all-seasons,fabric,"this elegant black dress features two straps that cross at the back, creating an effortlessly chic and sophisticated look. the smooth fabric drapes fluidly over the body, showcasing a timeless classic style. it can be worn for both formal events like weddings or cocktail parties as well as more casual occasions such as workdays or dinner dates. its versatile nature allows for easy pairing with various accessories and shoes, making it an essential piece in every woman's wardrobe."
996ec1a5-6fe6-5d29-a5c4-e59a6bb89a45,jpg,female,footwear,pumps,classic,rosybrown with metallic accents,all-seasons,leather,"the rosybrown classic sling pump is an elegant yet versatile piece that combines timeless style with modern sophistication. crafted from luxurious leather, this pump features a sleek and chic design with a polished metallic finish, adding a touch of glamour to any outfit. the slender heel provides both comfort and support while enhancing your overall appearance. its classic shape and minimalistic detailing make it suitable for various occasions such as formal events, weddings, or even special office gatherings. pair it with a crisp blouse and tailored trousers for a sophisticated business look, or opt for a more casual vibe by teaming it with skinny jeans and a graphic tee."
3a4bd83a-469e-5822-8ec9-6c4b93740b5e,jpg,female,footwear,sandal,casual,saddlebrown,all-seasons,leather,"this elegant saddlebrown sandal showcases a sleek design that effortlessly transitions from daytime casual wear to evening gatherings. its clean lines and understated elegance make it an ideal choice for both formal and informal occasions. the smooth leather upper offers comfort and durability while providing a sophisticated touch. the versatile style allows you to pair this sandal with dresses, skirts, or even pants for a chic look. it has a comfortable strap that ensures secure fit and flexibility throughout the day."
38ca6b94-9b33-5862-b8f7-275e9d40d184,jpg,female,footwear,loafer,classic,darkslategray with black patent accents,all-seasons,patent leather,"this elegant darkslategray classic loafer showcases a sophisticated design with understated yet refined detailing. the black patent finish adds an element of sophistication and luxuriousness, making this shoe versatile enough for both formal and semi-formal occasions. with its clean lines and timeless shape, it offers comfort while maintaining a chic appearance. this loafer pairs effortlessly with skirts, trousers, or dresses, providing an ideal complement to any woman's wardrobe. its classic style makes it suitable for everyday wear as well as special events."
592f395b-be04-5e6d-926a-c3bf648bd477,jpg,female,footwear,sneakers,casual,dark gray with golden accents,all-seasons,leather,"these dark gray golden goose superstar leather sneakers feature elegant golden accents that add sophistication and glamour to your outfit. crafted from high-quality leather for durability and comfort, these shoes boast a classic yet modern design with their iconic triple-stripe detail. the versatile style can be paired effortlessly with both casual and formal ensembles, making them an essential addition to any woman's wardrobe. whether you're looking for a statement piece or simply want to elevate your everyday look, these sneakers offer exceptional style and functionality."
5e306c5d-aac0-54fc-b8b9-a7102065f00f,jpg,female,footwear,pumps,classic,darkslategray black patent,all-seasons,patent leather,"these darkslategray and black patent pointed heel pumps embody sophistication and elegance. the sleek design features a pointed toe and a high stiletto heel, making them perfect for enhancing any formal outfit. crafted from premium patent leather, these shoes offer luxurious texture and a reflective sheen that catches the light. their versatile nature allows them to be worn at various occasions, from a sophisticated evening event to a business meeting. these pumps create an impression of confidence and poise, adding a touch of glamour to your ensemble."
25a9822a-2e23-5a32-baed-242d63aaa5a4,jpg,female,footwear,sneaker,sport,"dimgray with white, university blue, university red",all-seasons,leather,"these women's air jordan 4 retro sneakers feature a drab gray upper made from premium leather with bold contrasting accents of university blue and university red. the shoes offer a sporty style that combines classic design elements with modern flair. the shoe's clean silhouette highlights its sleek and sophisticated look while maintaining an athletic vibe. with its unique color palette, these shoes can be paired with both casual and more formal outfits, making them versatile for everyday wear. the soft leather construction ensures comfort and durability, providing support and flexibility during activities. this shoe embodies a blend of functionality and style, creating a powerful impression of sophistication and performance."
24faaddd-0b19-5dce-9a11-a84152027b0a,jpg,female,footwear,sneaker,sport,darkslategray with court purple,all-seasons,leather and synthetic materials,"these darkslategray air jordan 1 retro high court purple women's sneakers are a chic fusion of timeless style and sporty appeal. crafted from durable leather and synthetic materials, these shoes boast a sleek, modern design with understated sophistication. the classic high-top silhouette features a bold darkslategray base paired with vibrant court purple accents on the midsole and swoosh logo. this shoe strikes an elegant balance between casual comfort and sporty functionality, making them perfect for everyday wear or as a stylish complement to various outfits. whether you're pairing them with skinny jeans, shorts, or even dresses, these versatile sneakers add a pop of color while maintaining a sophisticated look."
02ac408a-dab0-5f8d-b543-6efb888254f6,jpg,female,footwear,sneakers,sport,seagreen with green and blue accents,all-seasons,synthetic leather and fabric,"these nike dun dun low sneakers feature a sporty yet stylish design with a seagreen base color accented by shades of green and blue. the upper is made from durable synthetic leather and breathable fabric for comfort and support during active wear. the sleek and modern silhouette enhances the foot's shape while providing a casual-chic vibe suitable for everyday outings. these shoes can be paired effortlessly with jeans, shorts, or skirts for an urban look that balances functionality and fashion. they create an impression of youthful energy and athletic style."
0e1b6f29-c784-52ac-960a-54dd84a09fd3,jpg,female,footwear,shoes,casual,darkslategray,all-seasons,canvas and rubber,"these darkslategray converse chuck all star hi shoes are an iconic choice for effortless style. crafted from durable canvas and coated with sturdy rubber soles, they offer both comfort and protection. the high-top design provides added support and style, making them versatile for everyday wear. the classic all-star logo on the side adds a timeless touch. these shoes can be paired with jeans, skirts, or shorts for a casual yet chic look. they create an impression of casual sophistication and are perfect for walking around town or attending informal events."
331056ed-40a2-53f3-8c77-9f1cc9507963,jpg,female,footwear,ballet shoes,classic,darkslategray with black accents,all-seasons,leather,"these darkslategray ballet shoes exude elegance and sophistication. crafted from premium black leather, they boast an understated yet chic design that pairs effortlessly with both formal and casual outfits. the classic style ensures versatility, allowing them to complement everything from a smart office ensemble to a more relaxed weekend look. with their sleek silhouette and minimalistic detailing, these shoes create an impression of refinement and poise."
30aecf99-a4cc-58e7-a727-90c884a026be,jpg,female,footwear,pumps,classic,rosybrown with nude accents,all-seasons,suède,"these rosybrown pumps exude sophistication and elegance with their understated yet chic design. crafted from luxurious suède material, they boast a timeless silhouette that pairs effortlessly with both formal and casual ensembles. the delicate rosybrown hue adds a touch of femininity while the subtle nude accents enhance its versatility. these pumps are perfect for everyday wear as well as special occasions, creating an impression of refined style and class. their classic shape and comfortable fit make them ideal for walking or standing all day."
d88e787c-9bc5-5e1f-8ea2-e56900cbef7c,jpg,female,footwear,sneakers,sport,gray,all-seasons,synthetic leather and mesh,"these nike dun dun low gs women's sneakers feature a sleek gray synthetic leather upper with contrasting mesh panels for breathability. the sporty style combines classic elements from retro kicks with modern comfort and performance. with cushioned midsoles and durable outsoles, these shoes provide both style and functionality. perfect for everyday wear, they can be paired with casual outfits like skinny jeans and tees, or dressed up with skirts and layered looks for an edgy aesthetic. these shoes create an impression of versatility and sophistication while remaining comfortable and practical."
c16ddf94-c758-50d6-8b06-316cc6d1bf4e,jpg,female,footwear,sandals,comfortable,darkslategray with black accents,all-seasons,leather,"these darkslategray sandals feature elegant black accents that add sophistication while maintaining comfort. crafted from high-quality leather, they offer exceptional durability and flexibility for all-day wear. the sandals boast a classic yet modern design, making them versatile enough for both casual and semi-formal occasions. their padded footbed ensures maximum comfort during extended wear, ensuring you can easily pair them with your favorite outfits for a chic and effortless look."
28b18464-0fa3-5a8f-a7d2-347811d7a013,jpg,female,footwear,slippers,casual,dimgray with chestnut accents,all-seasons,sheepskin,"these elegant dimgray sheepskin slip slippers feature subtle chestnut accents that add warmth and sophistication. the luxurious sheepskin material provides exceptional comfort and insulation, making them ideal for chilly indoor environments such as homes, offices, or cozy lounges. with their sleek design and understated elegance, these slippers can effortlessly transition from casual everyday wear to more formal settings. they offer support and cushioning, ensuring maximum comfort throughout the day. these slippers create an impression of luxury and refinement while also being practical and versatile."
870bcac0-7460-50ed-8f85-e959ee091ea5,jpg,female,footwear,heels,classic,nude,all-seasons,leather,"these elegant nude suede heels embody sophistication and understated chic. crafted from premium leather, they boast a classic heel design that exudes timeless beauty. the smooth texture and sleek finish create an effortlessly polished look, making them ideal for both formal occasions and everyday wear. these shoes feature a moderate height, providing comfort while maintaining style. they pair perfectly with dresses, skirts, and trousers, offering versatility across various outfits. with their understated elegance, these heels will elevate your outfit and enhance your confidence."
cd722b7d-5f39-5452-a8d7-26024ef8e81e,jpg,female,footwear,ankle boots,classic,darkslategray with black accents,all-seasons,leather,"these darkslategray ankle boots feature a sleek and sophisticated design that exudes elegance and sophistication. crafted from high-quality leather, they boast a sturdy and durable construction that ensures comfort and durability over time. the boot's mid-calf height provides both style and practicality, offering support while still being versatile enough for various occasions. with their understated yet striking color combination of darkslategray and black, these boots can effortlessly complement a variety of outfits ranging from formal office wear to casual weekend looks. they offer an elegant touch that enhances any outfit, creating a polished and chic appearance."
cd4d4945-4eb0-572b-9cb7-e037d50a1ad8,jpg,female,footwear,sandal,casual,darkslategray,all-seasons,leather,"these darkslategray sling sandals feature a sleek and modern design that exudes sophistication while maintaining an effortless casual vibe. the strappy strap provides secure fit and comfort throughout the day. crafted from premium leather, these shoes offer both style and durability. they can be worn for various occasions such as casual walks around town, light outdoor activities, or even paired with trendy outfits during spring and summer seasons. their versatile nature allows them to complement both classic and contemporary ensembles."
04fe2be1-272d-53ae-9078-796bb51075e4,jpg,female,footwear,loafers,classic,darkslategray with black accents,all-seasons,leather,"these darkslategray loafers feature a sleek and understated design that exudes sophistication and elegance. crafted from high-quality leather, they boast a timeless classic style, perfect for everyday wear. the matte finish on the darkslategray upper complements the smooth black leather sole, creating a seamless blend of modern and traditional elements. these shoes are versatile enough to pair effortlessly with both casual and formal outfits, offering comfort and style at the same time. whether you're pairing them with slacks, jeans, or a smart dress, these loafers will elevate your overall look while providing optimal support and comfort."
e92918ca-6cf3-55c5-a213-f034bb5f7116,jpg,female,footwear,shoe,classic,rosybrown with beige accents,all-seasons,leather,"these rosybrown new balance 995 shoes feature a timeless classic design that effortlessly complements both casual and business attire. the shoe's upper is crafted from high-quality leather, offering durability and comfort. the color palette combines rosybrown as the dominant hue with subtle beige accents, creating an elegant yet understated appearance. the clean lines and minimalist aesthetic give this shoe a modern appeal while maintaining its traditional elegance. with their versatile style, these shoes can easily transition between work environments and weekend activities. whether you're pairing them with smart pants for a formal occasion or wearing them with chinos and a casual top, they provide an excellent balance of sophistication and functionality."
4e908733-02e8-57ed-8fcd-7c2f9fe21966,jpg,female,footwear,sandals,casual,dimgray with stud accents,all-seasons,leather,"these dimgray studded glad sandals are an effortlessly chic addition to your summer wardrobe. crafted from premium leather, these sandals boast a timeless design that complements both casual and semi-formal ensembles. the intricate stud detailing adds a sophisticated touch while enhancing the shoe's versatility. with their comfortable wedge heel, they provide just enough height for style without sacrificing comfort. these sandals can be paired with jeans, shorts, dresses, or even skirts for a versatile look suitable for everyday wear or special occasions. they create an impression of elegance and sophistication, making them perfect for those who seek refined style."
5323e5f6-b4ca-5b1a-b76d-4e0e496f23c3,jpg,female,footwear,sandal,classic,darkslategray,all-seasons,leather,"this elegant darkslategray sling sandal exudes sophistication and timeless charm. crafted from high-quality leather, this footwear offers both comfort and style. the clean-cut design features a minimalistic silhouette that showcases the natural texture of the leather. the straps are strategically placed for support and adjustability, ensuring a secure fit while allowing for breathable ventilation. its sleek appearance makes it versatile enough to pair effortlessly with various outfits, whether you're wearing casual ensembles or more formal attire. this sandal is perfect for everyday wear as well as special occasions, creating an impression of elegance and understated chic."
f9c98780-66ab-5b49-b3aa-544847597c49,jpg,female,footwear,sneaker,casual,dimgray,all-seasons,leather and synthetic,"these dimgray nike air force 1 low sneakers feature a clean and minimalist design that exudes both comfort and style. the leather upper provides durability and an elegant touch, while the synthetic materials ensure breathability and flexibility. the iconic swoosh logo adds a subtle branding element. with its low-cut design, these shoes offer a comfortable fit and are ideal for everyday wear. they can be paired with jeans, shorts, dresses, or skirts for a versatile look. whether you're running errands, going to the gym, or simply walking around town, these sneakers will enhance your outfit and create a sophisticated yet casual impression."
04dd2963-6211-506c-807b-7461c8729493,jpg,female,footwear,ballet shoes,classic,indianred with gold accents,all-seasons,leather,"these elegant indianred leather ballet shoes feature a sophisticated classic design with a timeless appeal. the shoes boast a luxurious leather upper that is both durable and soft to the touch, providing comfort and support throughout wear. a golden metallic buckle adds an understated yet chic accent, enhancing the overall style and sophistication of the footwear. these shoes are perfect for special occasions, dance performances, or everyday outfits where you want to add a touch of glamour and elegance. their versatile nature allows them to pair effortlessly with dresses, skirts, or trousers, creating an impeccable ensemble."
b1064a23-ee08-5302-ada6-192ca308e2e6,jpg,female,footwear,slingbacks,classic,dark gray with silver accents,all-seasons,leather,"these elegant dark gray slingback shoes feature subtle silver accents that add sophistication and flair. crafted from high-quality leather, these shoes offer both comfort and style. the classic design ensures they can be effortlessly paired with various outfits, making them an essential addition to any woman's wardrobe. with their sleek silhouette and stylish detailing, these shoes create an impression of elegance and confidence."
6fd2a032-7d24-5954-a7d9-35f583474dff,jpg,female,footwear,sneaker,sport,dark gray,all-seasons,leather,"these dark gray air jordan 1 mid gs sneakers are a perfect fusion of sporty style and classic design. crafted from premium leather for durability and comfort, these shoes feature the iconic aj-1 silhouette with a mid-cut design that provides added support and stability. the low-top design offers a clean and modern look while maintaining functionality. with their unique texture and color palette, they pair effortlessly with both casual and formal outfits. these shoes are ideal for everyday wear, weekend adventures, and sports activities."
06b2bcee-d9dd-5b93-877d-271b47c0bc68,jpg,female,footwear,sneakers,sport,dark gray with white and metallic accents,all-seasons,synthetic materials and leather,"these nike air force low women's sneakers feature a dark gray base with striking white and metallic accents that add flair and sophistication. the clean and minimalistic design gives this shoe a timeless appeal suitable for both casual and sporty occasions. the cut and silhouette emphasize comfort and style, offering a classic look that pairs well with jeans, shorts, dresses, and even more formal attire. these shoes boast breathable synthetic materials and durable leather, ensuring they provide support and comfort while maintaining an elegant appearance. they can be worn for everyday wear, workouts, or as part of a stylish outfit, creating a versatile addition to any woman's wardrobe."
2ef15b64-f194-5799-af3b-bbf3f9437993,jpg,female,footwear,boots,classic,gray,all-seasons,leather,"these elegant gray boots embody understated sophistication and classic appeal. crafted from premium leather, they boast a sleek design with subtle detailing that adds character and depth. the smooth texture and supple feel enhance comfort while providing durability for everyday wear. perfect for both casual and formal occasions, these boots pair effortlessly with dresses, skirts, pants, or trousers. they create an impression of timeless elegance and versatility, making them an essential addition to any woman's wardrobe."
37ef2115-a65b-5676-abf6-88ba0797749d,jpg,female,footwear,shoes,classic,rosybrown,all-seasons,leather,"these rosybrown new balance 995 women's shoes feature a classic design that exudes sophistication and comfort. made from premium leather, these shoes offer exceptional durability and support. the sleek, minimalistic style pairs effortlessly with both casual and business attire. with its understated elegance, this shoe enhances your outfit while providing optimal comfort throughout the day. perfect for everyday wear, these shoes are versatile enough to be worn on formal occasions as well."
5f5e4507-91d3-5eeb-9733-f500e7b0febd,jpg,female,footwear,ankle boots,classic,darkslategray with black accents,all-seasons,leather,"these darkslategray ankle boots feature a classic style with a sleek and sophisticated design. made from high-quality leather, they offer comfort and durability while maintaining an elegant appearance. the boots have a slightly pointed toe and a low heel, providing a versatile look that can be paired with both casual and formal outfits. their dark gray hue adds a touch of sophistication and versatility, allowing them to blend effortlessly into various wardrobes. these boots are perfect for everyday wear, enhancing your outfit with their understated elegance."
08dfd062-3a5f-5226-97b1-a2b57cd9477d,jpg,female,footwear,heels,classic,tan,all-seasons,leather,"these elegant tan heels embody sophistication and understated glamour. crafted from high-quality leather, they boast a classic design that pairs effortlessly with both formal and casual outfits. the sleek lines and timeless shape create an air of refinement, making them ideal for everyday wear as well as special occasions. with a medium heel height, these shoes offer comfort while maintaining style. whether you're attending a business meeting, dinner party, or simply stepping out for a night on the town, these tan heels will elevate your look and add an element of chic sophistication."
9971d65d-9cc4-5875-9094-640b7c32a819,jpg,female,footwear,boots,classic,darkslategray,all-seasons,leather,"these darkslategray classic boots feature a sophisticated design that exudes elegance and understated chic. crafted from premium leather, they boast a sleek and polished finish that enhances their timeless appeal. the boots have a mid-calf height, offering both comfort and style. with its clean lines and subtle detailing, this pair can effortlessly transition between casual and formal occasions. they provide excellent foot support and durability while maintaining an air of sophistication. these boots are perfect for enhancing your autumn-winter wardrobe, pairing well with skirts, trousers, or dresses."
b3e8c098-1b00-58e0-bbca-0aafcddbdf76,jpg,female,footwear,boots,classic,darkslategray with black accents,all-seasons,leather,"these darkslategray black leather boots are an elegant addition to your wardrobe, offering both sophistication and durability. the classic style features a sleek, timeless design that complements various outfits effortlessly. made from premium leather, these boots boast a smooth texture and exquisite craftsmanship. with their understated elegance, they can be paired with a variety of outfits, ranging from casual everyday looks to more formal occasions. whether worn with a tailored suit, a simple dress, or even jeans, these boots create a polished impression, making them a versatile choice for any woman's closet."
5ecf1ef9-0115-511a-b9ed-3269063d0830,jpg,female,footwear,boots,casual,black,all-seasons,leather,"these elegant black ankle boots feature a sophisticated design with a striking high heel that enhances your femininity and grace. crafted from premium leather, these boots offer comfort and durability while maintaining an effortless chic appeal. the sleek silhouette compliments both casual and formal ensembles, allowing you to effortlessly transition between everyday wear and special occasions. with its timeless classic style, this pair will elevate any outfit, creating an impression of sophistication and confidence."
2b66c18c-547e-5c5d-8ad8-6ee94c566bc5,jpg,female,footwear,shoes,classic,dimgray,all-seasons,leather,"these elegant dingy gray shoes feature a classic design that effortlessly exudes sophistication and understated elegance. crafted from high-quality leather, they boast a timeless appearance and smooth texture. the simple yet sophisticated silhouette includes an open toe and sleek rounded edges, offering both comfort and style. perfect for everyday wear, these shoes can be paired with various outfits ranging from casual to formal occasions. whether worn with jeans, skirts, or dresses, they create an impression of classiness and poise."
caacb311-879c-541f-a237-c2d5a12bbfbd,jpg,female,footwear,slippers,casual,neutral (brown),all-seasons,"leather exterior, fur lining","these sienna slippers feature a cozy and luxurious design with a soft, warm fur-lined interior that provides exceptional comfort and insulation during cold weather. the sleek leather exterior gives them an elegant yet casual appearance suitable for everyday wear. the fur trim not only adds warmth but also enhances the style and texture of these slippers. ideal for chilly autumn evenings or winter days indoors, they can be paired effortlessly with leggings, pants, or dresses for a comfortable and stylish look. these slippers create an impression of sophistication and comfort."
ad28cda9-6e86-5aed-90b3-5a57c9d099a2,jpg,female,footwear,sandals,classic,darkslategray with black accents,all-seasons,leather and cork,these darkslategray and black leather sandals feature elegant design with sophisticated touches. the classic style includes smooth leather upper with intricate detailing and subtle black accents for an understated elegance. cork soles provide comfort and durability while maintaining a chic appearance. these sandals can be worn with various outfits from casual ensembles like jeans and shorts to more formal looks such as skirts and dresses. their timeless appeal makes them suitable for everyday wear and special occasions alike.
a084b96c-a364-5c44-bf7b-76318ad1642d,jpg,female,footwear,slippers,casual,black,all-seasons,leather,"these elegant black u slippers exude sophistication and comfort. crafted from high-quality leather, they feature a sleek design with an understated elegance that can effortlessly complement both casual and semi-formal ensembles. the soft suede interior provides exceptional comfort while the lightweight construction ensures ease of movement. these shoes boast a classic and versatile style that pairs well with dresses, skirts, pants, or even jeans for a chic yet relaxed look. whether you're heading to work, running errands, or simply relaxing at home, these black u slippers offer a stylish solution for everyday wear."
d0cf4ef2-3c63-5251-b555-4f74ef1d0245,jpg,female,footwear,sneaker,sport,lightslategray with green,all-seasons,leather,"these light slate gray air jordan 1 retro high og sneakers feature a predominantly lightslategray upper with subtle green accents. crafted from premium leather for durability and comfort, these shoes embody the classic design elements of the original jordan sneakers while offering modern updates. the suede panels on the toe box and heel provide a luxurious texture, while the nylon tongue adds an elegant touch. these shoes boast a clean and sleek silhouette that can effortlessly transition between casual and sporty looks. whether worn with jeans and a tee for a laid-back daytime look or paired with athletic wear for an evening event, they create a sophisticated yet comfortable impression."
9de8caa5-b04b-5c55-97ac-31e7adc1db97,jpg,female,footwear,mules,classic,darkslategray with black accents,all-seasons,sued leather,"these darkslategray sued mules feature a sleek and sophisticated design, with a subtle yet striking dark gray base that complements both formal and casual ensembles. the classic shape showcases an elegant silhouette, perfect for enhancing the femininity of any outfit. a black bow gracefully adorns the heel, adding a touch of elegance and style. these shoes exude understated sophistication, making them ideal for everyday wear as well as special occasions. their sued leather construction ensures comfort and durability, while also providing a luxurious feel. whether paired with a simple dress or a smart suit, these mules will elevate your look with their timeless appeal."
7c5b27ef-4173-5b1b-9ef5-a4d76e2e7f18,jpg,female,footwear,ankle boots,classic,black,all-seasons,sued,"these elegant black suède ankle boots embody understated sophistication and effortless style. crafted from premium-quality suède, these boots feature a timeless design that complements both casual and formal outfits alike. the sleek, low-cut ankle boot silhouette provides comfort while maintaining an elongating effect on the leg. accented by subtle stitching detailing along the seam, these boots offer a refined touch perfect for day-to-day wear. pair them with a tailored dress for a chic evening look or opt for them with jeans and a simple top for a modern and sophisticated vibe."
74603784-28f9-514f-9e32-3c5dee03d65f,jpg,female,footwear,slipper,cozy,gray with chestnut accents,all-seasons,faux-leather,"these gray women's cozy slip-on slippers feature a warm chestnut accent that adds sophistication and charm. made from faux-leather for durability and comfort, these slippers boast a classic yet contemporary design. with their soft texture and cozy feel, they provide ultimate comfort while maintaining style. perfect for casual home wear or as an elegant addition to everyday outfits, these slippers enhance both functionality and aesthetics. the cozy interior ensures maximum comfort during extended periods of wear."
b7df0538-836e-5549-a5ea-63e1f473557e,jpg,female,footwear,boot,classic,darkslategray with black,all-seasons,leather,"these darkslategray chelsea boots feature a classic design with a timeless elegance that exudes sophistication and understated chic. crafted from premium leather, they boast a sleek and smooth texture that feels luxurious against the skin. the sturdy yet comfortable construction ensures both style and functionality, making them suitable for various occasions. with their slightly pointed toe and moderate heel height, these boots provide an elegant silhouette while maintaining practicality. their versatile nature allows them to effortlessly transition between daytime looks and evening ensembles, enhancing both casual and formal outfits alike."
3f372942-662d-5275-a75e-f7d2c84f0629,jpg,female,footwear,sandal,casual,darkslategray with black accents,all-seasons,leather,"these elegant darkslategray sandals feature sleek, understated design with subtle black accents for added sophistication. the lightweight leather upper provides comfort and durability while maintaining a classic appearance. ideal for everyday wear, these sandals can be paired effortlessly with both casual and semi-formal outfits. their slender straps create a clean-cut silhouette that enhances your overall style. whether you're heading to work, running errands, or simply relaxing, these versatile shoes will complement any outfit."
da8bf8a8-1f29-5322-b3c0-61060a6ce3aa,jpg,female,footwear,heels,classic,darkslategray with black accents,all-seasons,leather,"these elegant darkslategray court heels feature a sophisticated design with a subtle black bow detail that adds a touch of femininity. crafted from high-quality leather, these shoes offer comfort and style for everyday wear. the classic court heel height provides a refined look while remaining practical for walking. these shoes can be paired with a variety of outfits, making them versatile enough for both casual and formal occasions. whether worn with a smart dress, trousers, or even a more relaxed ensemble, they create an impression of sophistication and elegance."
d5886e56-af0a-52c9-bdcc-ce66a2762536,jpg,female,footwear,sneakers,sport,"darkslategray, white, black",all-seasons,leather,"these sporty darkslategray sneakers feature a unique design that combines white and black elements. the shoes boast a sleek silhouette with a chic, modern look. a prominent black and white logo is printed on the side, adding an edgy touch. made from durable leather, these shoes offer comfort and style for everyday wear. they can be paired effortlessly with casual outfits like jeans and sweatshirts, creating a fresh and trendy vibe. whether you’re running errands or hitting the gym, these sneakers provide both functionality and fashion."
d4c44320-470c-5786-9a41-9b23c1bdefd2,jpg,female,footwear,boots,classic,dark olive green,autumn,leather,"these elegant dark olive green boots feature a timeless classic style that effortlessly transitions from autumn evenings to chilly winter days. made from premium leather, they boast a refined design with sleek lines and minimalist detailing, creating an understated yet sophisticated appearance. the boots offer comfort and durability while enhancing your outfit with their classy charm. pair them with a cozy sweater and skinny jeans for a warm autumn look, or dress them up with a tailored suit and leather gloves for a polished business ensemble."
3f2a86fe-8c8c-58b2-a27a-7d1994fc6dba,jpg,female,footwear,boots,classic,darkslategray with black accents,all-seasons,leather,"these darkslategray boots feature a classic design with elegant black accents that add sophistication and depth to their appearance. with two intricate buckles and a metallic detail, they boast an understated elegance suitable for both daytime and evening wear. the smooth leather construction provides comfort and durability while enhancing the luxurious feel. these boots pair effortlessly with skirts, dresses, trousers, or pants, creating versatile looks appropriate for various occasions."
f4cf5bb3-a10f-5bc2-8a26-eb85cfbe5ade,jpg,female,footwear,slingbacks,classic,black,all-seasons,sued,"these elegant black slingback shoes are crafted from luxurious sued material, offering comfort and sophistication. the sleek design features a pointed toe and slender straps that wrap around the foot for a secure fit. the classic style lends itself effortlessly to both formal and semi-formal occasions, making them an essential addition to any woman's wardrobe. pair these shoes with a chic dress for a night out, or opt for a casual look by pairing them with skinny jeans and a crisp button-down shirt."
00425aae-5c45-58c3-b12d-2bfcec44e548,jpg,female,footwear,sneakers,casual,dimgray with white and blue accents,all-seasons,leather,"these dimgray sneakers feature a subtle combination of white and blue accents that create an elegant yet understated look. the sleek leather upper offers comfort and durability while maintaining a chic appearance. ideal for everyday wear, these shoes can be paired effortlessly with jeans, skirts, or dresses for both casual and semi-formal occasions. their timeless design makes them versatile enough to transition seamlessly between seasons."
fb44a1d0-dec7-56c7-9e94-7c949b9ca1c9,jpg,female,footwear,sandals,casual,darkslategray with silver studs,all-seasons,leather,"these darkslategray thong sandals feature elegant silver stud detailing along the straps for an edgy yet sophisticated look. the open-toe design offers maximum comfort and breathability while allowing your feet to be free. made from durable leather, these shoes provide excellent support and flexibility. perfect for casual summer days, they can also complement business attire when paired with sleek pants or skirts. with their unique style and versatility, these sandals add a touch of elegance to any outfit."
22b19f9a-84aa-5725-ad72-4523022ac9c5,webp,female,footwear,sandals,casual,maroon with red accents,all-seasons,leather,"these maroon high-heeled sandals boast an elegant yet casual design that effortlessly elevates any outfit. crafted from premium leather, these shoes feature a classic heel height and stiletto shape for added sophistication. the maroon base provides a chic contrast against the subtle red accents on the straps, creating a striking visual effect. these sandals can be worn with everything from a simple sundress to a sophisticated evening ensemble, making them versatile enough for both daytime and nighttime occasions. their comfortable fit ensures all-day wearability while still maintaining their stylish appearance."
6639d9db-eafc-5b6c-a0ea-11aca87e356f,webp,female,footwear,ankle boots,classic,darkslategray with black accents,all-seasons,black leather with wooden heel,"these darkslategray ankle boots feature a timeless classic style that effortlessly transitions between seasons. crafted from high-quality black leather, they boast a sophisticated touch with a wooden heel, adding an unexpected twist to traditional footwear. the subtle gray hue gives them a chic, understated appearance perfect for both daytime and evening wear. their versatile design allows for endless outfit combinations, pairing well with skirts, dresses, pants, or even casual trousers. with their comfortable fit and elegant silhouette, these boots create a polished impression while remaining practical and stylish."
60eb3ce7-a632-5fdf-b71d-80c40cde74dd,webp,female,footwear,boots,classic,black,all-seasons,leather,"these elegant classic black boots are made from high-quality leather, offering both style and comfort. with their sleek design and refined detailing, they create an impression of sophistication and class. the boots feature a pointed toe and mid-calf height, providing a modern yet understated look. they are perfect for various occasions such as formal events, casual outings, or even special occasions like weddings or galas. these boots can be paired with dresses, skirts, pants, or trousers, enhancing your overall outfit with effortless elegance."
e2ff4db0-6a39-5502-ae48-dccf2e2d72ed,webp,female,footwear,ballet flats,classic,rosybrown,all-seasons,leather,"these elegant ballet flats feature a rosy brown leather upper that exudes sophistication and understated charm. the classic silhouette enhances the foot's natural lines while offering comfort throughout the day. with its simple yet sophisticated design, these shoes can effortlessly complement various outfits ranging from casual wear to more formal occasions. the soft texture of the leather provides a luxurious feel against the skin, making them an ideal choice for everyday wear. whether paired with jeans, skirts, dresses, or trousers, this shoe offers versatility and elegance."
372e0656-2fbb-5229-b53a-9fe4aabe7aaf,webp,female,footwear,boots,casual,darkslategray,all-seasons,leather,"these darkslategray boots feature a tall stature, providing an elevated look while showcasing a bold and modern aesthetic. the boots boast a zipper running down one side, offering convenience for easy entry and exit. crafted from premium leather, these boots offer both durability and comfort. with their sleek design and striking color, they can effortlessly transition between casual daytime outings and more formal evening events. pair them with skinny jeans and a statement top for a chic urban vibe, or dress them up with a pencil skirt and blazer for a polished yet edgy appearance."
6264110a-cddc-55da-a16f-ef81c7e4e290,webp,female,footwear,high-heeled sandal,classic,darkslategray with black accents,all-seasons,leather,"this elegant darkslategray high-heeled sandal features a classic design with a bold color palette that effortlessly transitions between seasons. the shoe boasts a luxurious leather construction, offering comfort and durability. its sleek silhouette enhances the wearer's figure while showcasing a high heel for added sophistication. a durable strap ensures secure fit and comfort throughout the day. this piece can be paired with formal ensembles, such as a dress or pantsuit, creating an impression of elegance and style."
9e92be14-8ccd-5c72-a374-2575c1fc4d00,webp,female,footwear,boots,classic,darkslategray with black accents,all-seasons,leather,"these elegant darkslategray leather boots feature a sophisticated design with a classic style that effortlessly transitions from day to night. the sturdy black leather construction ensures durability and comfort while the subtle gray shade adds an understated touch of sophistication. with a noticeable heel, these boots enhance your height and provide support, making them perfect for both casual and formal occasions. they can be paired with skirts, dresses, trousers, or pants to create versatile looks suitable for various events. these boots exude confidence and elegance, offering an impeccable fit and comfort."
324e321c-3cb3-5a1f-8396-c778c21cfc4d,webp,female,footwear,sneaker,casual,black,all-seasons,leather,"this sleek and sophisticated women's black leather slip-on sneaker boasts a clean and understated design that exudes elegance and comfort. the smooth leather upper provides a luxurious feel against the skin while offering breathability and durability. its low-profile design makes it versatile for everyday wear, allowing you to effortlessly pair it with casual outfits like jeans or dresses. with its classic style, this shoe will complement both modern and traditional ensembles, creating an impression of sophistication and practicality."
ab0336f5-8327-5494-b36f-95707e400dfe,webp,female,footwear,boots,classic,darkslategray with navy accents,winter,leather,"these elegant darkslategray u-bota winter boots feature a classic design with subtle navy accents that add sophistication and depth. crafted from high-quality leather, these boots offer both comfort and durability for cold weather wear. the stylish wedge heel provides a modern touch while maintaining practicality. ideal for city strolls or formal events, they pair effortlessly with dark pants, skirts, or dresses. these boots create an impression of classiness and elegance, making them perfect for everyday wear during autumn and winter months."
19f3b703-042e-5ec9-b31e-67d8add76be0,webp,female,footwear,heels,classic,nude with gold detailing,all-seasons,leather,"these elegant nude heels feature understated gold accents that add sophistication and refinement. the classic heel design showcases a sleek silhouette with a smooth texture and minimalistic detailing. perfect for enhancing both formal and casual outfits, these shoes can effortlessly transition from daytime to evening wear. their timeless appeal makes them an essential addition to any woman's wardrobe."
04b753b1-076b-58fb-8734-30a5d313d33e,webp,female,footwear,sandal,casual,tan with white accents,all-seasons,leather,"these tan high-heeled sandals feature a striking white accent that enhances their elegant appearance. the metallic buckle adds sophistication and sophie, making them versatile for both casual and semi-formal occasions. the comfortable design ensures all-day wearability while the elevated heel provides height and style. these shoes can be paired with dresses, skirts, or pants for a chic look. they create an impression of elegance and femininity."
c5e1affe-90ff-544f-bbdf-a15baa16a504,webp,female,footwear,boot,classic,darkslategray with black accents,all-seasons,leather,"these darkslategray boots feature a classic design with a sophisticated black leather upper that adds depth and elegance. the lace-up front offers both style and functionality, allowing for easy on-and-off convenience. the durable leather construction ensures long-lasting wearability while maintaining its luxurious appearance. these boots can be paired with various outfits, from smart casual ensembles to more formal looks, creating an impression of sophistication and understated chic."
ebb16112-25bf-576b-9215-33738087cba2,webp,female,footwear,ankle boots,classic,darkslategray with burgundy accents,all-seasons,leather,"these darkslategray ankle boots feature a burgundy accent that adds sophistication and depth to their appearance. crafted from high-quality leather, these boots boast a block heel for added comfort and stability. the sleek design showcases clean lines and a modern silhouette, making them versatile enough for both daytime and evening wear. their classic style pairs effortlessly with pants, skirts, or dresses, offering an elegant touch to any outfit. these boots exude confidence and create an impression of polished elegance."
210094e5-a342-5296-bf15-198e9774d85f,webp,female,footwear,boots,classic,tan,all-seasons,leather,"these elegant tan leather ankle boots embody classic sophistication and understated chic. crafted from premium leather, they boast a smooth and supple texture that enhances their timeless appeal. the slender profile of these boots highlights a sleek silhouette, making them an ideal choice for both daytime and evening wear. with their comfortable fit and stylish design, they can effortlessly elevate any outfit, from casual weekday ensembles to sophisticated evenings. whether paired with jeans for a laid-back look or dresses for a more formal setting, these boots add a touch of refinement and class."
d57d4891-25c4-5b98-ad10-c9c9fc381bb9,webp,female,footwear,shoes,fashion,silver with gold accents,all-seasons,leather,"these luxurious golden goose shoes exude sophistication and glamour. crafted from premium leather, they feature striking silver and gold accents that add an element of playfulness and elegance. the cut and silhouette are clean and modern, offering a chic yet versatile design suitable for various occasions. these shoes can be paired effortlessly with dresses, skirts, or pants, creating a bold statement while maintaining comfort. whether worn for a night out or casual weekend get-togethers, these shoes will make a lasting impression."
ce9f41a1-4135-5c30-ba7c-7c077f727d82,webp,female,footwear,ankle boots,classic,black with gold accents,all-seasons,leather,"these elegant ankle boots feature a sophisticated design with a classic black leather upper that exudes understated sophistication. accented by a charming gold metal buckle at the front, they offer a chic finishing touch. the sturdy construction ensures comfort and durability for everyday wear. these boots pair effortlessly with dresses, skirts, pants, or even jeans, making them versatile enough for both casual and semi-formal occasions. their refined silhouette and sleek appearance add an air of elegance to any outfit."
4453cb39-0d3e-53a9-8b21-2d51f913ff6f,webp,female,footwear,boots,classic,darkslategray,autumn,leather,"these elegant darkslategray boots feature a timeless classic style that effortlessly complements both casual and formal outfits. made from high-quality leather, they boast a refined silhouette with a slender toe and sleek ankle cuff. the smooth texture and understated design create an air of sophistication while offering comfort and durability. ideal for autumn evenings, these boots can be paired with trousers, skirts, or dresses for a polished look. their versatile nature makes them suitable for various occasions, from office wear to weekend outings."
72395dee-ef90-5524-bcc9-e8c98bea8c44,webp,female,footwear,slippers,casual,tan with fur lining,winter,leather,"these tan women's slippers feature a luxurious fur-lined sole that provides warmth and comfort during cold winter days. the sleek design showcases a smooth leather upper with minimalist detailing, creating an elegant yet casual appearance. the fur lining not only enhances warmth but also adds a touch of sophistication and coziness. these slippers can be worn indoors at home for relaxation or as part of a stylish ensemble when stepping outside on chilly evenings. their versatile nature makes them suitable for various occasions while offering maximum comfort."
0df324b6-bcec-5533-97c1-78cac5ea1614,webp,female,footwear,boots,classic,darkslategray with black accents,all-seasons,leather,"these elegant darkslategray dr martens boots feature classic lines and a timeless design. they boast a sturdy leather upper that exudes sophistication and durability. the matte finish adds an understated touch while the sleek black detailing provides contrast and visual interest. these boots are versatile enough for both daytime casual wear and evening outfits. their comfortable yet supportive fit ensures all-day comfort during your adventures. whether paired with skinny jeans, a chic dress, or a casual outfit, these boots create an effortlessly chic and modern look."
46668647-487d-5b43-a9de-5f6984d1fc15,webp,female,footwear,boots,classic,dimgray with dark brown accents,all-seasons,leather,"these elegant boots feature a sophisticated dimgray base with subtle dark brown accents that add depth and sophistication. crafted from premium leather, they boast a classic design with pointed toe and slightly elevated heel, offering both comfort and style. the boots' supple texture enhances their appearance while also providing durability and flexibility. they can be effortlessly paired with dresses, skirts, pants, or trousers for an instantly chic ensemble. whether worn during autumn evenings or winter days, these boots create an impression of elegance and understated refinement."
0d60fb19-d3e6-54eb-821e-23c9fd9e4479,webp,female,footwear,boots,classic,darkslategray,autumn,leather,"these elegant darkslategray boots feature a timeless classic design that effortlessly transitions from day to night. the boots have a sophisticated silhouette with a medium heel height, providing both comfort and style. accented by subtle bi-tonal detailing along the edges, these boots boast a rich leather texture that exudes quality and sophistication. ideally suited for autumn evenings, they can be paired with a chic dress or trousers for an effortlessly chic look. these boots create an impression of elegance and understated glamour."
0fd54ce4-70ef-5af8-bdc2-fb60623f556c,webp,female,footwear,mules,classic,"dimgray with gray, black, and natural accents",all-seasons,leather,"these elegant dimgray mules feature an understated yet sophisticated design. the primary color is a deep dimgray, complemented by subtle touches of gray, black, and natural tones for added depth and texture. made from high-quality leather, these shoes boast a classic style that can effortlessly transition between daytime and evening wear. with their slender strap running across the instep, they offer both comfort and style. these mules are perfect for creating chic outfits during various seasons, whether paired with a casual ensemble like jeans and a sweater or dressed up with a dress for a special occasion."
237430f7-9ebf-5f02-80ae-15acf6175950,webp,female,footwear,ankle boots,classic,darkslategray with black and pearl accents,all-seasons,leather,"these elegant darkslategray ankle boots feature a sophisticated classic style with understated sophistication. the sleek design showcases a timeless silhouette that complements both casual and formal ensembles. accented by subtle black detailing and glittering pearls adorning the heel, these boots exude elegance and refinement. they can be effortlessly paired with a variety of outfits, from tailored trousers and skirts for work attire to chic dresses for evening events. these boots embody an air of class and confidence, making them an ideal addition to any woman's wardrobe."
54280e84-edf4-5784-8407-279bc886e5c6,webp,female,footwear,slingbacks,classic,darkslategray with black accents,all-seasons,leather,"these elegant darkslategray slingback shoes feature subtle black accents that add sophistication and style. crafted from high-quality leather, these shoes boast a classic design with sleek lines and smooth texture, offering both comfort and durability. the slender heel provides support while maintaining an understated presence. ideal for formal occasions such as weddings, cocktail parties, or even evening events, they can also be worn with casual outfits like jeans and dresses for a chic yet refined look. these shoes create an impression of elegance and timeless beauty."
2af6efaa-324f-589a-aa80-9fc2350be4a3,webp,female,footwear,ankle boots,classic,darkslategray with black accents,all-seasons,leather,"these darkslategray ankle boots feature luxurious black leather construction, exuding elegance and sophistication. they boast intricate detailing with multiple buckles that add an element of functionality and style. the sleek design accentuates the classic silhouette, offering a versatile fit for both casual and formal occasions. pair these boots with skinny jeans and a chic top for a modern look, or dress them up with a tailored suit for a polished appearance."
d154e2e1-95b3-5b86-89a2-d5ad38426543,webp,female,footwear,ballerina shoes,classic,darkslategray with black accents,all-seasons,leather,"these darkslategray ballerina shoes feature a luxurious black leather upper with a subtle woven texture that adds sophistication and elegance. the timeless classic style pairs effortlessly with both casual and formal outfits. ideal for everyday wear, these shoes provide comfort while maintaining an understated chic appearance. they can be worn with skirts, dresses, pants, or even jeans for a polished yet relaxed look. this pair is perfect for those who value quality, durability, and style."
44f5fa55-3fae-5ca6-a1aa-53e590549955,webp,female,footwear,slingbacks,classic,darkslategray with black accents,all-seasons,velvet,"these elegant darkslategray slingbacks feature a sophisticated classic style that effortlessly transitions between daytime and evening wear. crafted from luxurious velvet fabric, these shoes boast a smooth texture and rich color palette. the subtle black accents add depth and sophistication, enhancing their overall appeal. these slingbacks have a timeless silhouette, characterized by an open-toe design and a graceful sling strap that wraps around the ankle for added comfort and support. they can be paired with various outfits—from smart-casual ensembles to formal occasions, creating a polished yet versatile look. with their stylish appearance and high-quality construction, they will elevate any outfit while imparting a sense of elegance and refinement."
56b57dbe-8424-5ebc-9163-225f00e87214,jpg,female,outwear,jacket,classic,darkslategray with black accents,winter,fabric with fluff,"this darkslategray winter jacket features a luxurious fluffy collar that adds warmth and coziness. made from soft fabric with fluff, this jacket offers both style and comfort. the classic design allows for versatile pairing options, suitable for everyday wear as well as special occasions. its dark gray hue provides an elegant yet understated appearance, blending effortlessly into any outfit. this jacket is perfect for layering over a dress or shirt during chilly autumn evenings or winter days."
392d0ec3-1248-5f98-adba-972868a870fc,jpg,female,outwear,jacket,casual,wheat,all-seasons,faux leather,"this wheat-colored faux leather jacket exudes effortless style and versatility. crafted from high-quality synthetic leather, this jacket offers both comfort and durability. its sleek, modern design features a straight-cut silhouette that enhances your figure while remaining casual and easy-to-wear. the jacket boasts minimalistic detailing with simple zipper closure and clean lines, making it an ideal addition to any outfit. whether paired with jeans for a laid-back weekend look or dressed up with a chiffon top and pencil skirt for a night out, this versatile piece can be worn in various settings. it creates an impression of sophistication and confidence, perfect for everyday wear."
83ba2a47-2251-5e0b-afdd-33408b158335,jpg,female,outwear,jacket,classic,gray with black accents,autumn-winter,leather,"this elegant gray bomber jacket features an understated yet sophisticated design. its main body is made from supple leather in a muted shade of gray, creating a subtle yet sophisticated look. the jacket stands out due to its distinctive detailing: contrasting black sleeves and a striking black collar add depth and texture, enhancing its overall appearance. this piece exudes elegance and class, making it perfect for both formal and casual occasions. it can be effortlessly paired with various outfits, such as skinny jeans and a crisp button-down shirt for a chic office ensemble, or dressed down with a simple tee and high-waisted pants for a more relaxed vibe."
371e7630-5335-5c23-9eff-239ce600e801,jpg,female,outwear,jacket,casual,black,winter,fabric,"this elegant black puffer jacket features a cozy design with a removable black fur collar that adds warmth and sophistication. the jacket boasts a modern fit with a stand-up hood for added comfort and protection from wind and rain. its casual style makes it versatile enough for everyday wear, whether you're heading to work, running errands, or enjoying an evening stroll. with its sleek lines and luxurious fur trim, this jacket will complement various outfits while creating a chic and sophisticated impression."
8112782c-e2c7-5156-ae1c-8e272f44f748,jpg,female,outwear,vest,classic,"darkslategray, black and white plaid",autumn,wool,"this darkslategray vest features a sophisticated black and white plaid pattern that exudes elegance and sophistication. the vest has a classic fit with a tailored silhouette, creating an air of refinement and style. accented by a subtle brown belt, this piece can be worn as part of a smart ensemble for both daytime and evening occasions. it pairs effortlessly with trousers, skirts, or dresses, offering versatility in outfit creation. its warm wool material ensures comfort during autumn months while maintaining its chic appearance."
cb64398b-c27b-54c2-a0db-31bea4cf7f0f,jpg,female,outwear,jacket,classic,"darkslategray with black, white, red",autumn,wool blend,"this darkslategray wool blend jacket features a classic design with a sophisticated dark gray base that subtly transitions into black, offering an elegant yet understated appearance. accented by striking white and red stripes running along the edges of the collar and cuffs, this piece adds a bold touch while maintaining its timeless appeal. the jacket boasts a cozy fit, providing warmth during cooler autumn days while being versatile enough for layering over sweaters or light shirts. its subtle texture and refined detailing make it ideal for both formal and casual occasions, creating a polished look whether paired with trousers or jeans."
09e2c5c6-61ad-5fdf-bb1b-33b421fdd9ea,jpg,female,outwear,jacket,classic,darkslategray with black accents,all-seasons,leather,"this darkslategray leather jacket features a sleek design with a classic aesthetic. it has a zipper closure for easy opening and closing, as well as a zippered collar that adds an elegant touch. the smooth texture of the leather gives this jacket a sophisticated look while providing durability and comfort. ideal for both casual and business settings, this jacket can be worn on its own during autumn evenings or layered under warmer coats during winter months. its dark gray hue makes it versatile enough to pair with various outfits ranging from neutral tones to bold colors."
75fd252b-ee38-5ba3-84b9-269c8c8ee3f9,jpg,female,outwear,jacket,classic,darkslategray with black accents,all-seasons,leather,"this darkslategray leather bomber jacket features a sleek, classic design that exudes sophistication and understated elegance. the jacket boasts a supple yet durable leather exterior, ensuring comfort and durability for everyday wear. its zipper closure adds practicality while maintaining an elegant appearance. the subtle darkslategray hue provides a modern touch, complemented by the contrasting black accents on the trim and zipper pulls, creating a striking visual effect. this versatile piece can be worn casually over a chic top and skinny jeans for a night out, or paired with a tailored blouse and slacks for a more formal occasion. its timeless style makes it suitable for various seasons, from autumn's crisp evenings to winter's cold days."
8c9ffc70-9a39-5e1d-8a30-5ca49617d82f,jpg,female,outwear,jacket,casual,black,all-seasons,fabric,"this black puffer jacket features a cozy and warm design with a detachable hood and hoodie, making it versatile for various occasions. the outer fabric is lightweight yet durable, providing excellent insulation against cold weather. its sleek and streamlined silhouette offers an elegant and chic look while maintaining comfort. with its hood and hoodie combination, this jacket can be worn multiple ways—hood up for warmth or down for a more relaxed appearance. it’s perfect for layering under a sweater or as a standalone piece for casual outings, creating a modern and stylish vibe."
b5c23ca4-3775-5379-93fb-2ac3798e2ce9,jpg,female,outwear,coat,classic,dark olive green with brown fur and black leather,winter,"fabric, fur, leather","this luxurious dark olive green fur coat features an elegant design with a tactile touch of brown fur that adds warmth and sophistication. accented by a contrasting black leather belt, this piece enhances both style and comfort. the cozy fur lining provides added insulation for cold winter days while maintaining a chic appearance. ideal for creating timeless looks, this coat can be paired with various outfits ranging from formal dresses to casual ensembles. its classic design effortlessly transitions between daytime events and evening gatherings."
f824c96a-197a-5c80-8c7d-dd738106d8cc,jpg,female,outwear,jacket,classic,darkslategray,all-seasons,leather,"this darkslategray leather jacket features an understated yet sophisticated style that effortlessly elevates any outfit. the classic silhouette boasts clean lines and smooth texture, showcasing minimalist elegance. its simple design allows for versatile pairing options; pair it with tailored trousers for a polished business look or opt for jeans and a crisp shirt for a more casual vibe. this jacket is perfect for transitioning between seasons, offering protection from chilly weather while maintaining a timeless appearance."
0cdd937a-cc30-5eb1-8eeb-111fbd156311,jpg,female,outwear,jacket,classic,black,all-seasons,leather,"this luxurious black bomber jacket features a classic design with sleek lines and clean edges. it boasts a zipper closure for ease of use and functional side pockets that provide storage space. the smooth leather material gives it a sophisticated touch while maintaining durability. its versatile style can be worn in various settings, from casual weekend outings to more formal occasions where a touch of elegance is desired. pair this jacket with skinny jeans and boots for a chic look, or dress it up with a flowing maxi dress and high heels for an evening event."
441ad50c-58a8-5eea-b65a-474b840dc5de,jpg,female,outwear,jacket,classic,beige with silver accents and black button,all-seasons,leather,"this elegant beige jacket showcases a sophisticated design with subtle silver accents that add a modern touch. the inclusion of a single black button at the center front adds a classic element, enhancing its timeless appeal. crafted from high-quality leather, this jacket boasts durability and luxurious feel. it can effortlessly transition between daytime and evening looks, making it versatile for various occasions. pair it with a chic blouse and skinny jeans for a polished look during autumn evenings, or layer it over a cozy sweater and pants for winter days. its sleek and understated style will complement both casual and business-appropriate outfits."
102afc07-76c2-514a-9811-b04fa749f957,jpg,female,outwear,jacket,classic,black with fur trim,all-seasons,faux fur and nylon,"this elegant black jacket features a luxurious faux fur collar that adds warmth and sophistication to its design. the sleek, zippered closure enhances its modern appeal while maintaining functionality. with its streamlined fit and chic silhouette, this piece can effortlessly transition from daytime casual wear to evening occasions. pair it with skinny jeans for a chic street style look or dress it up with a tailored dress for an office-appropriate ensemble."
2d47469c-a080-5eeb-a0fd-c39e7f5567de,jpg,female,outwear,jacket,casual,darkslategray with brown accents,autumn,leather,"this darkslategray leather jacket exudes a casual yet sophisticated vibe. the combination of dark gray and warm brown creates an elegant contrast that appeals to those who appreciate understated elegance. with its unique fringe detailing on the shoulders, this jacket adds a playful touch while maintaining a classy appearance. its smooth leather finish feels luxurious against the skin, offering both comfort and style. ideal for autumn days when the weather transitions from cool to chilly, this jacket can be paired with a variety of outfits. wear it over a cozy sweater and jeans for a relaxed weekend look, or dress it up with a sleek top and skirts for a more formal setting."
de33165e-719d-57c7-930c-5b9425af3eef,jpg,female,outwear,jacket,casual,darkslategray with black accents,autumn,fabric,"this darkslategray puffer jacket features a sleek and contemporary design with a bold color palette that effortlessly transitions between casual and formal settings. the zipper closure ensures ease of use while showcasing a modern aesthetic. made from high-quality fabric, this jacket offers exceptional warmth and comfort during colder autumn days. its streamlined silhouette and lightweight construction make it an ideal choice for layering under coats or worn alone for a chic, effortless look. whether paired with jeans and boots for a downtown vibe or mixed with a chiffon dress for a nighttime event, this puffer jacket enhances your personal style with its versatile appeal."
d10f9705-ecbb-5ca7-b13e-61d65e79e330,jpg,female,outwear,jacket,classic,darkslategray with brown and black,all-seasons,leather,"this darkslategray jacket exudes sophistication and elegance with its classic design and understated tones. the deep gray base complements the warm earthy brown hues, creating an appealing contrast that appeals to those who prefer subtle yet stylish looks. a single black button adorns the center-front, adding a touch of modern minimalism while maintaining traditional charm. its smooth leather finish enhances its luxurious feel and durability, making it versatile for both formal and casual occasions. pair this jacket with dark wash jeans and heeled boots for a chic autumn-winter look, or dress it down with a simple tee and skinny jeans for a more relaxed vibe."
74f144da-8163-50e9-b1fb-6ea335719335,jpg,female,outwear,jacket,classic,gray,all-seasons,wool or blend,"this elegant gray blazer jacket is designed for effortless sophistication. crafted from either pure wool or a luxurious wool-blend fabric, this jacket offers exceptional warmth and durability while maintaining a chic appearance. the classic style features a structured silhouette with tailored shoulders and slightly padded arms, providing both comfort and style. the subtle tonal grey shade complements various outfits, making it versatile enough for both daytime and evening wear. whether paired with a crisp button-down shirt and skinny jeans for a business casual look or worn over a silk blouse and skirts for an office-appropriate ensemble, this jacket elevates any outfit. its sleek design allows it to create a polished impression suitable for any occasion."
5ab38791-18d4-5b76-99ad-5783acaf5dbf,jpg,female,outwear,trench coat,classic,black,all-seasons,cotton,"this elegant black trench coat features a stylish belt that can be fastened for an accentuated waistline. crafted from high-quality cotton fabric, this piece offers both comfort and durability. the classic trench style includes functional buttons down the front and roomy pockets for practicality. its versatile design makes it suitable for various occasions, whether worn casually over a simple tee and jeans or paired with dressier ensembles for a sophisticated look. the sleek black color complements virtually any outfit, making it an essential addition to any woman's wardrobe."
170bdb25-b82a-5a9e-a305-1a0300eb71b3,jpg,female,outwear,jacket,classic,darkslategray with black and white accents,all-seasons,wool blend,"this elegant darkslategray jacket features a sophisticated black and white plaid pattern with a distinct check design. the classic style exudes understated sophistication and can effortlessly be paired with various outfits for both formal and casual occasions. the wool blend fabric provides warmth and comfort while maintaining a refined appearance. its slightly structured silhouette offers a tailored fit that enhances the wearer's figure. ideal for autumn and winter seasons, this jacket is perfect for layering over a blouse or sweater during cooler months. it also makes an excellent choice for office wear when paired with a simple dress or pants."
cdaf5bea-59b9-59e5-9a60-afdcfeb60075,jpg,female,outwear,vest,classic,darkslategray with black base and red logo,all-seasons,fabric,"this darkslategray vest features a striking black base with a bold red logo emblazoned prominently on the chest. the fabric has a soft touch yet maintains its structure, providing comfort while showcasing elegance. its classic design makes it versatile for both formal and casual occasions. pair this vest with a solid-colored shirt underneath and skinny jeans for a chic evening look, or opt for a crisp button-down shirt and tailored trousers for a polished daytime ensemble."
4cd0ecb7-a073-593f-85dd-4525a1f8aa93,jpg,female,outwear,coat,classic,dark gray with grey faux fur,autumn-winter,"faux fur on collar, fabric unknown","this dark gray faux fur coat features a luxurious fur collar that adds warmth and sophistication. the clean lines and minimal design make this piece versatile for both casual and formal occasions. it has a straight-cut silhouette, ensuring an elegant fit that enhances any outfit. the understated elegance allows you to pair it effortlessly with pants, skirts, dresses, or trousers. whether you're heading to work, running errands, or attending a social event, this coat will provide comfort and style all year round."
05a2bca6-db7d-5bfb-8c5a-2b29f5880784,jpg,female,outwear,jacket,classic,black,all-seasons,fabric,"this elegant black jacket features a classic design with a single button at the front, offering a timeless appeal. its understated simplicity allows for effortless pairing with various outfits, from chic office attire to casual weekend looks. the smooth fabric drapes gracefully, creating an air of sophistication and elegance. perfect for everyday wear, this jacket can be dressed up or down depending on your mood and occasion."
4687c225-bf67-5b38-9556-24781e51c81d,jpg,female,outwear,jacket,classic,black,all-seasons,leather,"this elegant black blazer jacket features a structured design with a tailored fit that enhances the wearer's figure. it has a mid-length design which complements both casual and formal ensembles. the inclusion of a leather belt adds an edgy touch and allows for customization by adjusting the waistline. the classic style makes this piece versatile enough to be worn for various occasions such as work meetings, special events, or even day-to-day outings. its sophisticated look ensures it will make a statement while being practical and comfortable."
cf48f043-66d3-5f03-bc20-6dcf49df91ec,jpg,female,outwear,vest,classic,black,all-seasons,fabric,"this elegant black vest features a tailored design with a smooth fabric finish that exudes sophistication and style. it has a defined waistline enhanced by a removable belt for an adjustable fit and customization options. the vest's classic look can be effortlessly incorporated into various outfits, pairing well with both formal and casual bottoms such as trousers, skirts, or dresses. its understated yet sophisticated appearance makes it suitable for everyday wear while also being appropriate for special occasions."
05c73639-96e7-532a-927a-6cabc1498aea,jpg,female,outwear,jacket,classic,darkslategray with brown accents,all-seasons,leather,"this elegant darkslategray leather jacket features a subtle touch of brown accents, creating an effortlessly chic and sophisticated look. made from high-quality leather, this jacket boasts a classic style that can be easily incorporated into various outfits. the belt provides versatility for adjusting the fit and enhancing the overall appearance. it has a structured yet flattering silhouette, accentuating the waistline while offering comfort and style. this jacket pairs well with both casual and formal ensembles, making it versatile enough for everyday wear as well as special occasions."
613a5454-d9f4-51ad-b691-2c886cad73cf,jpg,female,outwear,jacket,classic,darkslategray,all-seasons,leather,"the darkslategray navy blaze jacket is an exquisite classic piece crafted from premium leather. its timeless design features sleek lines and understated elegance, making it versatile enough for both formal and casual settings. the jacket boasts a sophisticated and chic appearance, showcasing its dark navy hue with subtle gray undertones. accented by minimalist detailing, this jacket can effortlessly elevate any outfit, be it paired with tailored trousers for a business setting or dressed down with jeans and boots for a weekend getaway. its smooth texture and durable construction ensure comfort and durability, making it a staple addition to any woman's wardrobe."
7bcd1125-a5a1-5fe2-a64d-d83a3d3154b0,jpg,female,outwear,jacket,classic,black,all-seasons,leather,"this classic black bomber jacket features a sleek and sophisticated design that effortlessly exudes style and elegance. made from premium leather, this jacket boasts a clean-cut silhouette with tailored shoulders and slightly flared hems for an elegant yet modern fit. the front of the jacket includes two functional pockets and a sturdy zipper closure, adding practicality and versatility. perfect for transitioning between seasons, this jacket can be worn casually paired with skinny jeans and boots for a downtown look, or dressed up with a formal dress for a chic evening ensemble."
bdd14f46-cd15-5ee2-aed9-67ec8e6aabe0,jpg,female,outwear,jacket,classic,dimgray with black and beige shearl collars,all-seasons,leather,"this elegant dimgray leather jacket features a unique design with both a black and beige shearl collar, creating an eye-catching contrast. the jacket's classic style complements various outfits while showcasing sophistication and versatility. its sleek and streamlined cut enhances the wearer’s figure, making it ideal for both formal and casual occasions. with its luxurious leather material and distinct sheared collar detailing, this piece adds an air of refinement and class to any outfit."
4e2e187f-4e98-5300-8ccd-b6f1bc7668a2,jpg,female,outwear,jacket,casual,black,all-seasons,fabric,"this elegant black puffer jacket features a modern design with a cozy hood and adjustable drawstrings for a custom fit. the water-resistant fabric ensures comfort and protection from the elements. its classic style pairs effortlessly with both casual and formal ensembles, making it versatile enough for everyday wear. the sleek and sophisticated look enhances your overall outfit, adding a touch of chic sophistication."
af687fb8-e5e2-50ec-aad8-4f802eb5cc44,jpg,female,outwear,coat,classic,brown,autumn-winter,leather,"this sienna brown coat features classic style with buttons elegantly placed along the front. the material is smooth and luxurious leather, offering both comfort and durability. it has a flattering silhouette that hugs the body while maintaining an air of sophistication. the rich brown color complements various outfits, making it versatile for everyday wear during autumn and winter months. this coat can be paired with chic dresses, skirts, or trousers for a polished look. its timeless design ensures it will remain relevant season after season."
462dc7bc-37f5-53e8-8d21-49542d5272ff,jpg,female,outwear,jacket,classic,darkslategray with black accents,all-seasons,fabric,"this darkslategray women's jacket features a classic style with sophisticated elegance. the sleek black buttons adorning its front provide an understated yet chic design element. crafted from high-quality fabric, this jacket offers both comfort and durability. its tailored fit provides a slender silhouette, enhancing the wearer's figure while maintaining a refined appearance. perfect for transitioning between seasons, this versatile piece can be worn casually during autumn evenings or paired with formal attire for business occasions. with its timeless appeal, this jacket will complement various outfits, creating a polished look that exudes sophistication."
90518dc6-d56c-5d7c-9665-af69b85a0c56,jpg,female,outwear,coat,classic,dimgray with brown accents,autumn,shearling,"this elegant dimgray shearling coat features a classic design with a charming collar and cuffs adorned with subtle brown accents. the cozy texture of shearling provides warmth and comfort while adding sophistication to your autumn wardrobe. it can be worn casually over a chic sweater and skinny jeans for an effortless look, or paired with formal attire for a more polished appearance. its timeless style makes it versatile enough to fit into various occasions from casual gatherings to business meetings."
3cda43b9-e67e-5cad-b518-33cd8cfe6271,jpg,female,outwear,jacket,classic,dark olive green with brown accents,autumn,leather,"this elegant dark olive green jacket showcases an understated yet sophisticated style. crafted from supple leather, it features a timeless design with classic lines and simple elegance. the front closure includes a functional zipper for ease of wear, while two generous pockets provide practical storage space. its muted brown accents add depth and interest, creating a cozy and refined appearance. ideal for autumn evenings, this jacket pairs effortlessly with chic dresses or trousers, offering both warmth and sophistication."
e37b5a2b-da09-5ddd-b7fa-3ef82db77a60,jpg,female,outwear,jacket,casual,black,all-seasons,fabric,"this black puffer jacket features a cozy and modern design with a hood and adjustable cuffs for added warmth and style. the jacket's fabric offers excellent insulation while maintaining breathability, making it ideal for chilly autumn evenings or winter days. its classic hooded design allows for versatility in layering, pairing well with jeans, dresses, or skirts. with its clean lines and sleek silhouette, this jacket exudes both comfort and sophistication."
eb7421f3-c634-5832-9255-da63abd01fd2,jpg,female,outwear,jacket,classic,"darkslategray, black and white",all-seasons,fabric,"this darkslategray jacket features a classic design with a sophisticated black and white plaid pattern. gold-colored buttons add an elegant touch. the fabric has a soft texture that feels comfortable against the skin while maintaining its structure. its timeless style makes it suitable for various occasions, from formal events to everyday wear. it can be paired with a variety of outfits, creating both casual and business-appropriate looks. this jacket offers a versatile piece that enhances your personal style."
51642a1b-7cfb-587d-8a94-1121089705dc,jpg,female,outwear,jacket,sport,black,winter,fabric,"this luxurious sport-style puffer jacket is made from a high-quality fabric that shimmers with a subtle sheen. its classic yet modern design features a sleek, shiny finish that adds an elegant touch to any outfit. the lightweight yet insulated construction provides excellent warmth and comfort during cold winter days. the jacket has a streamlined silhouette with clean lines and sharp edges, showcasing its chic appeal. it can be worn casually over a cozy sweater or paired with more formal ensembles for a polished look. with its smooth, shiny surface, this jacket reflects light beautifully, creating a sophisticated and refined impression."
96156b82-2766-5700-a4f9-6e3ba0f404ff,jpg,female,outwear,jacket,classic,black with fur trim,winter,fabric with fur trim,this luxurious woman's winter jacket features a sleek black fabric base with a sophisticated fur collar and cuffs for an elegant touch. the classic design showcases a straight cut that accentuates the figure while providing warmth and style. its understated yet refined appearance makes it versatile enough for both formal and casual occasions. it can be worn as a standalone piece during chilly evenings or layered over other outfits for added warmth. this jacket is perfect for creating polished looks while adding sophistication and texture to your wardrobe.
c7418108-8501-598c-b4a7-68d0c87188af,jpg,female,outwear,jacket,classic,darkslategray with brown accents,all-seasons,faux leather,"this elegant darkslategray faux leather jacket features a chic brown bow detail at the neckline, adding an element of sophistication and femininity. the sleek silhouette boasts clean lines and smooth texture, showcasing modern design elements while maintaining classic appeal. it pairs effortlessly with various outfits, from smart-casual ensembles to more formal looks. its all-seasons versatility makes it ideal for everyday wear, whether you're running errands, attending events, or simply stepping out for a stroll. this piece exudes understated elegance and can be styled both subtly and boldly depending on your mood."
b507c194-81d4-5b52-9478-f273de613247,jpg,female,outwear,jacket,classic,gray with brown and white,winter,fabric with fur trim,"this elegant winter jacket features a sophisticated gray base with undertones of brown, showcasing an impeccable design that effortlessly transitions from daytime to evening wear. it boasts a luxurious white fur collar that adds warmth and texture, enhancing its classic appeal. the jacket's tailored fit ensures comfort while maintaining an air of sophistication, making it ideal for layering over dresses or co-ordinating with pants for a polished look. its versatile nature allows it to be worn on formal occasions as well as casual gatherings, creating a timeless impression."
a869fa99-1a4f-52db-9479-5d9c0f81f252,jpg,female,outwear,jacket,classic,darkslategray with black accents,all-seasons,leather,"this darkslategray leather bomber jacket features an elegant design with its classic lines and understated elegance. made from high-quality leather, this jacket boasts a durable yet luxurious texture that compliments both casual and formal settings. the jacket has a zipper closure for ease of use and style, as well as multiple zippered pockets adding functionality and versatility. its sleek and modern cut gives it a chic and sophisticated appearance while maintaining comfort and warmth. it can be worn alone during autumn evenings or layered over other pieces during colder winter days. this jacket pairs effortlessly with skinny jeans, slacks, or skirts, creating a polished and trendy look."
b78aea6a-4b3d-5c92-9337-59a554f1d7d0,jpg,female,outwear,jacket,classic,black,all-seasons,leather,"this elegant black bomber jacket features a sleek design with a zipper closure and a zippered collar. made from high-quality leather, this jacket offers both style and durability. its classic style can be effortlessly paired with various outfits, whether worn casually with jeans and a tee or dressed up with a dress for a nighttime event. the clean lines and understated elegance make it an essential piece for any woman's wardrobe."
9c4d2be6-2a69-53de-8d6c-6e84fd73efa4,jpg,female,outwear,jacket,classic,black,winter,fabric (imitation fur),"this luxurious black fur jacket features a classic design with a collar that adds an elegant touch. the fabric imitation fur provides warmth and sophistication while maintaining comfort. it has a sleek, tailored fit that flatters the figure and enhances one's style. this jacket can be worn casually over a cozy sweater on chilly evenings or paired with dressier ensembles for a sophisticated evening look. its timeless appeal makes it versatile enough for various occasions."
588bf148-7c6b-590b-a4ce-41a46e737de6,jpg,female,outwear,jacket,classic,black,all-seasons,leather,"this luxurious black leather jacket features a sleek and sophisticated design that exudes elegance and sophistication. crafted from high-quality leather, this jacket boasts a classic style with clean lines and sharp edges. the zipper closure provides ease of wear while showcasing its modern aesthetic. with its smooth texture and supple feel, this jacket can effortlessly transition between casual and formal occasions. pair it with skinny jeans for a chic evening look or layer it over a blouse for an office-appropriate ensemble."
91794f12-e601-53b1-982f-b1135bd42d97,jpg,female,outwear,coat,classic,brown,winter,faux fur,"this sienna brown teddy bear coat exudes warmth and coziness while maintaining an elegant touch. crafted from faux fur, this coat offers luxurious softness and durability. the fluffy texture and subtle sheen create a sophisticated appearance that effortlessly complements both casual and formal outfits. its timeless design features a classic button-front closure, providing versatility for various occasions. with its warm undertones, this coat adds depth and sophistication to winter ensembles. pair it with a simple scarf, leggings, and boots for a chic winter look."
dabeceae-794b-5bc6-85d6-0b1ec5fb5ebc,jpg,female,outwear,coat,classic,brown,autumn,faux fur,"this sienna brown teddy coat features long sleeves and a charming collar, showcasing a classic style that exudes warmth and sophistication. made from faux fur, this coat offers both comfort and elegance. the deep brown shade complements various skin tones while providing a subtle yet striking presence. it has a slightly oversized fit, offering a relaxed yet polished appearance. pair it with jeans and boots for an effortless autumn look, or dress it up with a blouse and skirts for a more formal ensemble. this coat is perfect for transitioning between seasons, adding coziness and charm to your outfit."
a69302f1-d104-5593-b5f7-cf612779c748,jpg,female,outwear,jacket,classic,blue with silver accents,autumn,tweed,"this cropped jacket features a timeless classic style with a luxurious blue tweed fabric that offers a sophisticated and elegant appearance. the design showcases an intricate weave pattern, creating a rich texture and depth. the cropped length adds a modern touch, making this piece versatile for both daytime and evening wear. the silver accents add a subtle sparkle, enhancing its sophistication. it can be worn as a standalone statement piece or paired with a chic dress or pants for a polished look. this jacket is perfect for autumn events, brunch dates, or even formal occasions."
8343082b-0f1b-5b08-91f0-2b6080114613,jpg,female,outwear,coat,classic,black,all-seasons,fabric,"this elegant black coat features a sophisticated double-breasted design that exudes understated sophistication and timeless charm. the classic style combines both functionality and elegance, making it an essential piece for your wardrobe. with its refined silhouette and clean lines, this coat pairs effortlessly with dresses, pants, or skirts, creating a polished look suitable for various occasions. its versatile nature allows you to adapt it to different seasons by layering it over lighter fabrics during spring and autumn while providing warmth and comfort during winter."
8e30496a-3b31-5329-b348-38feb8c1854f,jpg,female,outwear,jacket,classic,darkslategray with brown accents,all-seasons,leather,"this darkslategray leather jacket features a rich, deep hue with subtle undertones of dark brown, creating an elegant and sophisticated look. it boasts a classic style that effortlessly transitions from day to night. the brown leather adds warmth and texture, making this piece versatile for various occasions. a functional belt is included, allowing you to adjust the fit and create a tailored appearance. this jacket pairs well with both casual and formal outfits, offering versatility in your wardrobe. its supple leather material provides comfort and durability, ensuring long-lasting wear."
3c4f6997-b91a-5851-ae0d-42c3cbc8881c,jpg,female,outwear,jacket,classic,black,all-seasons,cotton,"this classic black jacket features a sleek design with a sophisticated black collar and functional black buttons. it offers a clean and minimalist aesthetic that can effortlessly complement various outfits. the jacket has a timeless style that makes it versatile for both formal and casual occasions. its lightweight yet durable fabric allows for year-round wearability. pair this jacket with skinny jeans and a crisp button-down shirt for a chic business look, or dress it down with a simple tee and leggings for an effortless weekend vibe."
f8913c6c-87bd-59a1-ad90-4c0f5f362efe,jpg,female,outwear,jacket,classic,darkslategray with brown accents,autumn,leather,"this darkslategray leather jacket features a cozy hoodie design, making it an effortless yet stylish addition to your autumn wardrobe. the luxurious texture of the dark leather gives it a refined appearance while the contrasting brown accents add depth and character. it boasts a classic fit that enhances the wearer's figure, offering both comfort and sophistication. this versatile piece can be worn casually over a sweater for a chic daytime look or paired with skinny jeans and boots for a more formal evening ensemble. its hooded design provides warmth and protection from the elements, ensuring you stay comfortable during cooler weather."
11524f44-f4ad-592e-9474-c174bd43d415,jpg,female,outwear,coat,classic,rosybrown with brown tones,autumn,shearling,"this rosybrown shearling coat features a stylish design with a belt that adds elegance and versatility. the soft shearling material provides warmth and comfort while maintaining a luxurious appearance. the cozy yet chic style makes this coat perfect for autumn evenings when temperatures drop slightly. it can be paired with dresses, pants, or skirts for a polished look. its versatile nature allows it to transition seamlessly from casual outings to more formal occasions."
5b4ec0cf-fe2c-50f7-a1d2-5c2843c7c2e9,jpg,female,outwear,jacket,classic,black,all-seasons,faux leather,"this luxurious black faux leather jacket exudes sophistication and elegance. crafted from high-quality faux leather, this jacket features elegant buttons running down the front for an understated yet chic design. the classic style makes it versatile enough to be worn in various occasions, whether it's a casual day out or a more formal event. its sleek silhouette and smooth texture provide a polished look that compliments both dresses and pants equally well. with its timeless appeal, this jacket is perfect for creating effortlessly chic outfits suitable for all seasons."
49919d54-68d1-50ed-8ff0-63d4d0936421,jpg,female,outwear,jacket,classic,light gray with white accents,winter,fabric with fluff,"this light gray fluffy jacket offers a cozy and stylish solution for chilly winter days. made from soft fabric with fluffy texture, this piece provides warmth while maintaining an elegant appearance. the jacket features a classic silhouette with straight shoulders and gently tapered hems, offering a flattering fit that enhances your figure. its white accents add a touch of sophistication and contrast against the primary light gray hue. this versatile jacket can be paired with various outfits, making it suitable for both casual and semi-formal occasions. whether worn alone as a statement piece or layered under heavier coats, it effortlessly complements any winter ensemble."
b2e73952-33c0-5c55-a422-ba4d44eed434,jpg,female,outwear,jacket,classic,black with gold accents,all-seasons,fabric,"this elegant black blazer jacket features sophisticated gold buttons, showcasing understated elegance and sophistication. the tailored fit enhances the wearer's figure, creating an impression of poise and refinement. its classic style makes it versatile for both formal and semi-formal occasions. it can be paired with a crisp button-down shirt and skinny jeans for a smart-casual look, or teamed with a simple blouse and flowing skirt for a more formal appearance. the luxurious fabric offers comfort and durability, ensuring it will last through various seasons."
47644973-b436-5c4e-b1ce-ce0b16434817,jpg,female,outwear,jacket,classic,darkslategray with black accents and fur trim,winter,fabric with fur trim,"this darkslategray winter jacket features a classic design that effortlessly combines sophistication and warmth. the sleek outer fabric pairs perfectly with luxurious fur trim along the collar and cuffs, adding an elegant touch. its clean lines and tailored fit create a chic and refined appearance suitable for both formal and casual occasions. this piece can be worn over a silk blouse and skinny jeans for a sophisticated look during autumn evenings, or paired with a turtleneck sweater and slacks for a cozy winter outfit. the fur trim not only enhances its aesthetic appeal but also provides added insulation against cold weather."
5fd12a81-43f6-5484-9e81-c3646f90b170,jpg,female,outwear,coat,classic,darkslategray,winter,faux-fur,"this darkslategray faux-fur coat exudes elegance and sophistication. crafted from luxurious materials, this piece showcases a classic silhouette that effortlessly transitions between formal and casual settings. the sleek, streamlined design highlights a modern aesthetic while maintaining timeless appeal. with its sophisticated color palette and understated detailing, this coat complements both neutral and bold ensembles alike. ideal for autumn and winter seasons, it provides warmth and style during chilly days. this coat can be paired with pants, skirts, or dresses for an elegant look."
a6e19735-31c7-5ed6-8624-3a2c47bdc47f,jpg,female,outwear,coat,classic,black with brown accents,winter,fabric with fur trim,"this elegant black fur coat features a classic design with intricate button detailing along the front. the main body is composed of high-quality fabric with luxurious fur trim on the collar and cuffs for added warmth and style. the smooth, supple texture of the fabric offers comfort while the fur adds an element of sophistication and luxury. it has a flattering silhouette that enhances the wearer's figure, creating a chic and polished appearance suitable for both formal and semi-formal occasions. this coat can be worn over dresses, skirts, or pants, providing versatility in various outfits. its timeless appeal makes it an essential piece for any woman's wardrobe."
38958d88-7021-558f-a371-d0a1e90eb731,jpg,female,outwear,vest,classic,beige with silver accents and white collar,autumn,down fill,"this elegant beige down-filled vest features a sophisticated design with a charming silver detailing around the edges and a crisp white collar that adds a touch of sophistication. the soft, cozy fabric provides warmth and comfort while maintaining an airy feel. ideal for autumn evenings when temperatures drop slightly, this vest can effortlessly transition from casual gatherings to more formal events. its slender silhouette enhances the figure, making it versatile enough to pair with dresses, skirts, or trousers. with its refined aesthetic, this piece creates an impression of elegance and understated chic."
8c076059-9911-5d07-bbb3-09cc282688c0,jpg,female,outwear,jacket,classic,darkslategray with black and gold accents,all-seasons,leather,"this darkslategray leather jacket exudes sophistication and elegance with its understated yet bold color palette. accented by gold buttons that add a touch of luxury and refinement, this piece effortlessly transitions from daytime casual wear to evening events. its classic design features a tailored fit with structured shoulders and sleek lines, creating an air of confidence and poise. the combination of deep gray and subtle gold detailing makes it versatile enough for both formal and informal occasions, allowing you to experiment with various outfit combinations while maintaining a polished appearance."
80f6a90f-3990-597f-b991-55c593380fd8,jpg,female,outwear,vest,casual,rosybrown with beige accents,autumn,faux fur,"this rosybrown faux fur vest with a cozy hoodie offers an effortlessly chic casual look for autumn. the luxurious texture of the faux fur adds warmth and sophistication while maintaining a playful vibe. its oversized fit provides comfort and versatility, allowing you to layer it over sweaters or tops for added warmth during cooler days. pair it with skinny jeans or leggings for a modern street style outfit, or wear it as a standalone piece with jeans or trousers for a casual yet polished appearance."
7cf5495a-7853-5ba8-9227-53e7c18358f7,jpg,female,outwear,coat,classic,light gray with white accents,winter,fabric with fur trim,"this light gray fur coat features a luxurious white fur lining on the hood and collar, adding an elegant touch to its classic design. the silhouette is sophisticated and tailored, offering a timeless look that can be effortlessly styled for both formal and casual occasions. with its fur trim, this coat provides warmth and comfort while enhancing your overall appearance. it pairs well with skirts, dresses, pants, or trousers, creating a chic and cozy ensemble suitable for autumn and winter seasons."
7a7e18d5-1dd7-51b5-85da-ed2407ddaf9e,jpg,female,outwear,jacket,classic,darkslategray with black accents,all-seasons,leather,"this elegant darkslategray leather jacket features a sophisticated design with a single breast pocket, exuding an air of sophistication and elegance. the dark gray base color combined with subtle black accents adds depth and contrast, creating a chic and timeless appearance. crafted from high-quality leather, this jacket boasts durability and luxurious feel, making it suitable for both formal and casual occasions. its sleek and modern silhouette complements various outfits, whether paired with tailored trousers for a business-ready look or worn over a simple dress for a chic evening ensemble."
50175f29-aa61-50e8-9a13-a881af792d40,jpg,female,outwear,coat,classic,black,winter,faux fur,"this luxurious black faux fur coat exudes sophistication and warmth. crafted from high-quality synthetic fur, it features a classic single-breasted design with functional buttons down the front. the sleek, streamlined silhouette enhances the wearer's figure while the rich texture adds depth and elegance. it boasts a full-length hem that falls gracefully below the knees, creating an air of understated refinement. this versatile piece can be worn as a stand-alone outer layer during chilly autumn evenings or paired with elegant dresses for winter formal events. its cozy comfort and timeless style make it an essential addition to any woman's wardrobe."
00c3a31b-2cc3-5afe-bb60-63ef31fbad2b,jpg,female,outwear,jacket,classic,dimgray with black accent,all-seasons,wool blend,"this elegant dimgray wool blend jacket features a sophisticated style that exudes understated sophistication. the classic design showcases a clean, tailored silhouette with sharp lines and a well-structured fit. a single black button adds a subtle touch of contrast against the deep gray tone, enhancing its polished appearance. it is versatile enough for both formal and casual occasions, offering a timeless appeal that can be effortlessly incorporated into various outfits. whether paired with a simple dress or a chic pantsuit, this jacket delivers an air of elegance and refinement."
2275bbe8-bc6f-5633-8d73-2f2476b6c936,jpg,female,outwear,jacket,casual,darkslategray with black accents,autumn,fabric,"this darkslategray puffer jacket with black accents features a cozy hood and a functional zipper for easy closure. it has a modern, relaxed fit that enhances comfort while maintaining style. the jacket's soft fabric provides warmth and breathability, making it ideal for chilly autumn days. its casual yet trendy design can be effortlessly paired with jeans, leggings, or skirts for a variety of looks. with its oversized hood and zipper detail, this jacket adds a touch of sophistication to everyday outfits."
82d733ef-50d1-5e98-802d-df6857e6da2d,jpg,female,outwear,jacket,classic,darkslategray,all-seasons,faux,"this darkslategray faux jacket features a luxurious texture and sophisticated style. the elegant design includes a faux collar that adds a touch of refinement. it has a timeless classic appeal, suitable for both formal and casual occasions. perfect for layering over a dress or pairing with trousers and heels for an effortlessly chic look. its versatile nature makes it ideal for transitioning between seasons, providing warmth and sophistication year-round."
23572895-67c1-5c54-b9a2-772ec37cfb1a,jpg,female,outwear,jacket,classic,darkslategray with brown accents,autumn,leather,"this darkslategray leather bomber jacket features a classic style with its sleek design and understated elegance. the deep shade of darkslategray combined with subtle brown accents create an effortlessly chic appearance. made from premium quality leather, this jacket boasts durability and comfort while maintaining a sophisticated vibe. its zipper closure ensures ease of wear and offers versatility for both casual and formal occasions. this jacket can be paired with skinny jeans and a tee for a modern urban look or dressed up with a silk blouse and slacks for a polished ensemble."
0b5073ee-b467-5b16-a2bc-acb98d11cd44,jpg,female,outwear,coat,classic,dark olive green with brown and black,autumn,fabric,"this dark olive green coat features a timeless classic style that effortlessly transitions from day to night. it has a sophisticated cut with a medium length, creating an elegant silhouette. the coat boasts subtle touches of brown and black accents, adding depth and sophistication to its appearance. made from durable fabric, this piece is perfect for autumn's cooler temperatures. pair it with a simple black shirt underneath for a chic and polished look. its versatile design allows it to be worn casually during weekends or dressed up for special occasions."
a174e78e-34ea-5293-b8f3-c5ab624ee7bc,jpg,female,outwear,jacket,cozy,brown,autumn-winter,faux fur,"this sienna teddy bear jacket exudes warmth and coziness with its luxurious faux fur exterior in a deep, rich brown shade. its soft texture and plush interior provide exceptional comfort while adding a playful yet sophisticated vibe to your ensemble. the jacket features an oversized fit, allowing for maximum flexibility and ease of movement. with its rounded collar and subtle shoulder detailing, this piece showcases both classic elegance and whimsical charm. ideal for autumn and winter days, this jacket can be paired with casual ensembles such as skinny jeans and boots for a laid-back look, or dressed up with a dress for a more formal occasion. it effortlessly transitions between casual outings and evening events, creating an impression of warmth, comfort, and style."
f8d994a1-c027-56ba-804a-601f7f6241c9,jpg,female,outwear,jacket,classic,darkslategray with black accents,all-seasons,leather,"this elegant darkslategray leather jacket features a sophisticated classic style with minimalistic design elements. the jacket showcases smooth, supple leather that exudes luxuriousness and class. it has two functional front zippers, offering both style and practicality. its understated appearance makes it versatile for various occasions—whether worn casually paired with skinny jeans and a simple top, or dressed up with a chiffon blouse and high-waisted trousers. this jacket provides excellent insulation and comfort due to its leather construction, making it suitable for transitioning through seasons from autumn to winter."
c405239b-7579-5637-9588-128f5a5440fc,jpg,female,outwear,coat,classic,black with dark red accents,winter,fabric and fur,this luxurious dark red fur coat features a striking contrast between its deep black collar and vibrant red fur body. the sleek design showcases a classic style that effortlessly elevates any winter ensemble. the fabric lining ensures comfort while the fur adds warmth and sophistication. this coat can be worn as an outer layer for formal occasions or paired with casual outfits for everyday wear. its elegant yet understated appearance makes it perfect for creating both sophisticated and chic looks.
6ca58917-c015-5d18-8f62-ebe40e2b80c9,jpg,female,outwear,coat,classic,black,all-seasons,fabric,"this elegant black coat features a classic design with sleek lines and tailored fit, offering a sophisticated appearance suitable for various occasions. the front is adorned with functional buttons that add a touch of traditional charm. made from high-quality fabric, this piece provides warmth and comfort while maintaining its luxurious feel. it can be effortlessly paired with dresses, pants, or skirts to create polished looks appropriate for both daytime and evening events."
e148014c-e391-5cf7-be39-a8e8bdd73fdc,jpg,female,outwear,jacket,classic,darkslategray with black accents,all-seasons,leather,"this elegant darkslategray leather jacket features a timeless classic style that effortlessly transitions between casual and formal occasions. the deep shade of darkslategray offers a sophisticated touch while its subtle black accents add a chic contrast. made from high-quality leather, this jacket boasts a hood and collar for added warmth and comfort. its cozy hood provides protection against wind and rain, making it versatile for various weather conditions. the clean lines and smooth texture give it an understated yet refined appearance, perfect for layering over outfits during autumn and winter months. this jacket can be worn as a standalone piece or paired with other pieces to create diverse looks suitable for both daytime and evening events."
4964187a-5415-5788-80f8-0f6015f91c7f,jpg,female,outwear,jacket,classic,beige with silver accents,all-seasons,fabric,"this elegant beige blazer jacket features a classic design with a single breast pocket, showcasing understated sophistication. the silver accents add a touch of modern flair, making this piece versatile for both formal and casual occasions. its tailored fit ensures a sleek silhouette that accentuates the figure, while its smooth fabric provides comfort and style. ideal for layering over dresses or shirts, this jacket complements various outfits, creating an effortlessly chic appearance."
05b23bba-412b-598b-9103-da5ca39116cd,webp,female,outwear,jacket,classic,darkslategray with black accents,winter,faux-fur lined,"this darkslategray women's winter jacket features a luxurious fur collar that adds warmth and sophistication. the sleek and classic design complements both casual and business attire, making it versatile for various occasions. its understated elegance allows it to be worn as an elegant layering piece over a chic blouse or shirt dress during colder months. with its timeless style and refined detailing, this jacket will effortlessly elevate your outfit from day-to-night transitions."
222e0b26-9fc2-5858-bbe2-48588561658f,webp,female,outwear,jacket,casual,darkslategray with black accents,all-seasons,faux fur,"this darkslategray fluffy jacket boasts a luxurious faux fur exterior that exudes coziness and sophistication. the jacket features a full-length zipper for easy on-and-off convenience, allowing you to effortlessly transition between casual and more formal occasions. its fluffy texture provides warmth while maintaining an elegant appearance. with its timeless style, this jacket can be paired with skinny jeans, leggings, or trousers for a chic yet comfortable look. it’s perfect for adding a touch of luxury to your everyday outfit, whether you're running errands or heading out for dinner."
575c8662-0a1b-52d9-ab69-1cacfaf600e0,webp,female,outwear,jacket,sport,darkslategray with black accents,winter,fabric,"this darkslategray puffer jacket features a sleek and sporty design with dark gray as its dominant color tone and subtle black accents for added sophistication. the jacket includes a functional drawstring at the waist, allowing for adjustable fit and comfort. its cozy insulation makes it perfect for cold winter days while maintaining a chic and modern look. it can be paired effortlessly with skinny jeans, leggings, or even layered under a longer coat for an elevated street style vibe."
5ed3e2ac-f2a8-589b-b5cb-7205d4c49a70,webp,female,outwear,jacket,classic,rosybrown with beige and black accents,autumn,leather,"this rosybrown leather jacket features a classic design with a subtle beige base, accented by a striking black collar that adds sophistication and contrast. the luxurious leather material provides a supple texture and durability, perfect for autumn days when you want to maintain warmth while adding style. its casual yet elegant appearance makes it versatile enough for both everyday wear and more formal occasions. pair this jacket with a chic blouse and skinny jeans for a contemporary look, or dress it up further with a high-neck sweater and sophisticated trousers for an evening event."
41485b52-42ea-55d5-a1c4-5e90d9ba7d85,webp,female,outwear,jacket,classic,darkolivegreen,autumn,wool blend,"this dark olive green women's jacket exudes sophistication and elegance. crafted from a luxurious wool blend fabric, this piece offers warmth and durability while maintaining a refined appearance. the zipper closure provides ease of use and allows for versatile styling options. its classic style can be effortlessly paired with various outfits, making it suitable for both casual and semi-formal occasions. whether worn as an outer layer during autumn evenings or combined with jeans and a scarf for a chic winter look, this jacket enhances your overall ensemble by adding depth and texture."
6506d0ca-592c-5867-9f90-caa5a61dd16f,webp,female,outwear,jacket,casual,darkslategray with black accents,all-seasons,fabric,"this darkslategray jacket with black accents offers both style and functionality. it features a cozy hood for added comfort and practicality, along with functional zippers that allow easy adjustment of warmth levels. the jacket's casual yet sophisticated design makes it versatile enough for everyday wear, whether it's layered under other garments during colder months or worn alone on milder days. its clean lines and soft fabric create an effortless look that can be paired with various bottoms like jeans, skirts, or trousers. this piece not only adds warmth but also provides an urban-chic vibe perfect for contemporary fashionistas."
00b4e6c8-1be3-5271-8667-215bfb652fd9,webp,female,outwear,coat,classic,darkslategray with brown and black,autumn,fabric,"this darkslategray and brown coat features a classic style with subtle elegance. the dark gray base color is accented by undertones of warm brown, creating an understated yet sophisticated appearance. a row of small black buttons runs down the front, adding a touch of traditional formality. the fabric has a soft handfeel and lightweight texture, making it perfect for autumn days when you need warmth but don't want to overheat. this coat can be paired with casual outfits like jeans and boots for a relaxed look, or dressed up with a dress for a more formal event. its simple design allows it to blend effortlessly into various outfits, offering versatility and comfort."
4c848b83-09cc-5613-a330-0fca458a80dd,webp,female,outwear,jacket,classic,darkslategray with black and red accents,autumn,leather,"this darkslategray bomber jacket features striking red accents on its top and black sleeves, creating an elegant yet bold statement piece. the jacket has a classic design with functional zipper closure and sleek leather finish that exudes sophistication and elegance. it offers warmth and style for autumn days, pairing effortlessly with various outfits. its trim fit ensures a modern silhouette while maintaining comfort. this jacket can be worn casually with jeans and a tee for a relaxed look or paired with a dress for a more formal occasion."
47d32a26-0056-5d62-b40d-b0e4407f4e89,webp,female,outwear,coat,classic,black with white accents,all-seasons,fabric,"this elegant black coat features a sophisticated design with a contrasting white collar that adds a touch of sophistication and elegance. it comes equipped with a functional belt, allowing for easy adjustment to create a tailored fit. the classic style of this coat makes it versatile enough to be worn during various occasions such as formal events, business meetings, or casual evenings. its smooth fabric feels luxurious against the skin while providing comfort and warmth. this piece can easily transition from daytime to evening wear by pairing it with simple yet chic accessories like a scarf or gloves."
17919c0b-dd97-5457-ad7f-ab817680c936,webp,female,outwear,jacket,classic,darkslategray with brown and fur,autumn-winter,leather with fur,"this darkslategray leather bomber jacket features a luxurious fur collar that adds warmth and sophistication. the sleek design includes a mid-length fit, offering both comfort and style. its classic elegance makes it perfect for everyday wear during autumn and winter months. pair this jacket with skinny jeans and boots for a chic urban look, or dress it up with a cocktail dress for a night out. it exudes an air of refinement and understated glamour."
fd062c7b-921d-5905-a7a3-277967c6f283,webp,female,outwear,jacket,classic,darkslategray with brown and black accents,autumn,leather,this elegant darkslategray leather jacket features a chic brown belt tied securely around the waist for an effortlessly sophisticated look. its understated classic style complements both casual and formal ensembles alike. the jacket's supple leather feels luxurious against the skin while offering durability and comfort. pair this piece with dark jeans and a crisp white button-down shirt for a smart-casual outfit suitable for city strolls or evenings on the town.
5dc107c6-4743-525e-acfb-d7dab60e57bf,webp,female,outwear,jacket,classic,darkslategray with brown accents and fur collar,winter,leather,"this elegant darkslategray leather jacket features a luxurious fur collar that adds warmth and sophistication. the classic style complements both casual and formal outfits. with its structured silhouette and understated detailing, this piece is versatile enough for everyday wear while also suitable for special occasions. its smooth leather exterior offers durability and comfort, making it an ideal choice for winter months when layering is essential. pair it with skinny jeans and a cozy sweater for a chic daytime look, or dress it up with a dressy top and slacks for a sophisticated evening ensemble."
5851d36e-7d91-5138-a30c-e5d38ae1da2e,webp,female,outwear,jacket,classic,darkslategray with black accents,all-seasons,leather,"this elegant darkslategray leather jacket features luxurious black accents that enhance its sophisticated appeal. it boasts a zippered front and a zippered collar for added functionality and style. the jacket offers a timeless classic look, perfect for both formal and casual occasions. its supple leather material provides comfort and durability while showcasing impeccable craftsmanship. ideal for layering during cooler months, this piece can be worn alone on chilly days or paired with cozy sweaters and skirts for a chic ensemble."
da852dc5-f7fd-51db-ac46-f39055b86de5,webp,female,outwear,jacket,classic,darkolivegreen with brown accents,autumn,down,"this dark olive green down jacket features a cozy and warm design with a stylish brown hue. it has a classic style that can effortlessly transition from casual to more formal occasions. the hood adds an extra layer of comfort and protection against wind and rain. with its soft, fluffy interior and water-resistant exterior, this jacket provides excellent insulation and weather resistance. its sleek and streamlined silhouette enhances your overall look while maintaining warmth and functionality. pair it with skinny jeans and boots for a chic autumn ensemble or dress it up with a formal skirt and heels for a sophisticated event."
65ff0aa8-b988-5117-b896-17b1da48f1a6,webp,female,outwear,vest,classic,dimgray with gray accents,all-seasons,faux material,"this dingy gray faux vest features a collar and buttons for a classic touch. made from a lightweight synthetic fabric, this piece offers a sleek and sophisticated look suitable for various occasions. the subtle texture of the faux material enhances its elegance while providing comfort and durability. it can be worn alone as an elegant layered piece or paired with a formal dress or casual trousers for a versatile style statement. its understated color palette makes it easily adaptable to different outfits, blending seamlessly into both daytime and evening looks."
a7555a83-2c06-5780-8a71-9e5ff58f230b,webp,female,outwear,jacket,classic,darkslategray with brown accents,autumn,leather,"this elegant darkslategray leather jacket features rich brown accents that add depth and sophistication. the classic style includes traditional buttons running down the front, creating a timeless appearance. its cozy yet sophisticated design makes it perfect for autumn evenings, pairing well with both casual and business attire. the soft texture of the leather provides warmth and comfort while maintaining an air of refinement. this jacket can be worn over a simple shirt and pants for a refined look or paired with a more formal dress for a polished ensemble."
a8a8c4f5-e63d-5e88-b8b5-1811e08a49fe,webp,female,outwear,jacket,classic,darkslategray with brown accents,autumn,leather,"this darkslategray leather jacket features a classic style with a button closure. the main color is darkslategray, complemented by subtle brown accents that add depth and texture. made from high-quality leather, this jacket offers both durability and elegance. its clean lines and simple design make it versatile for various occasions, such as casual outings or formal events. it can be worn over a blouse or shirt for a sophisticated look during autumn months."
1b62a1ac-f8d3-5434-ae9c-588d0a88a3d7,webp,female,outwear,coat,classic,rosybrown with grey accents,winter,fabric with fluff and fur,"this cozy and elegant rosybrown winter coat features a luxurious grey fluffy exterior and a soft fur collar that adds warmth and sophistication. the fabric has a plush texture that feels delightfully cushiony against the skin. it boasts a classic silhouette with an a-line cut, offering a balanced and refined appearance. this coat can be effortlessly styled for both formal and casual occasions, pairing well with dresses, trousers, skirts, or jeans. its unique blend of colors—soft rosybrown and subtle grey accents—creates a chic and understated look perfect for autumn and winter months."
ec614408-afc7-571f-8f54-8dfaf04736f0,webp,female,outwear,jacket,classic,black,all-seasons,fabric,"this elegant black blazer jacket features a sophisticated design with a classic silhouette. made from high-quality fabric, it boasts a smooth texture that drapes effortlessly over the body. the zipper closure adds functionality and versatility, allowing for easy adjustments to fit and comfort. this versatile piece can be worn casually paired with skinny jeans and a tee for a contemporary look, or dressed up with a dress and heels for an office-appropriate ensemble. its understated elegance makes it suitable for both daytime and evening occasions."
fad8aa70-53e2-53de-a384-c65d02194861,webp,female,outwear,coat,classic,dimgray with brown accents,winter,fabric with fur trim,"this elegant dimgray winter coat features luxurious brown fur on its collar and cuffs, adding warmth and sophistication to your ensemble. the classic style offers a timeless appeal that compliments both formal and casual looks. its soft fabric and fur trim create an understated elegance perfect for everyday wear during autumn and winter months. pair this coat with pants or skirts for a polished look."
c511a30e-fcea-589d-bc74-d95d561ed863,webp,female,outwear,jacket,classic,darkslategray with black and fluffy fur accents,winter,fabric with fur trim,"this elegant darkslategray jacket features a luxurious fluffy fur collar that adds warmth and sophistication. its classic design provides a timeless appeal while showcasing an understated elegance. the fabric has a smooth texture, offering comfort and durability for everyday wear. the fur trim enhances its style, making it suitable for chilly evenings during winter months. this piece can be worn casually over a simple blouse and skinny jeans for a laid-back look, or paired with a sophisticated dress for a more formal occasion. it also works well as part of an outfit when layered over other garments."
e1c0206b-4944-518b-b43b-29c57cf3c875,webp,female,outwear,jacket,casual,black,all-seasons,fabric,"this black puffer jacket features a sleek design with a subtle black logo prominently displayed on the front. crafted from durable fabric, this versatile piece offers both warmth and style for everyday wear. the cozy yet chic silhouette makes it ideal for layering under heavier winter garments or pairing with casual bottoms like skinny jeans or leggings. its lightweight construction allows for ease of movement while maintaining insulation against cold weather. this jacket can effortlessly transition between different occasions, adding sophistication to casual looks."
6c76687c-2974-5fbe-95f5-3d19be1393f3,webp,female,outwear,coat,classic,darkslategray,all-seasons,wool,"this darkslategray coat features a classic design with elegant simplicity. it boasts a timeless style that can effortlessly transition from day to night. the button closure adds a sophisticated touch while showcasing the beautiful shade of dark slate gray. made from high-quality wool, this coat offers warmth and durability during various seasons. its understated elegance makes it perfect for both formal and casual occasions. pair it with slacks or jeans for a chic yet polished look."
e7c68e06-ace8-548e-ba95-9c0e78506414,webp,female,outwear,puffer-vest,casual,darkslategray with black accents,autumn,fabric with insulation,"this darkslategray puffer vest features a striking contrast with its black accents. it boasts a cozy and contemporary design with a full hood and a functional zipper for easy adjustment. the vest's insulated construction provides warmth while maintaining a lightweight feel, making it ideal for autumn days when temperatures fluctuate. its versatile style allows for both casual and semi-formal outfits, pairing well with skinny jeans, trousers, or skirts. with its soft fabric and attention to detail, this piece offers comfort and sophistication."
6fb46f9e-f1d6-506b-9162-1f7c4d8bf2ba,webp,female,outwear,coat,classic,darkslategray with purple accents,autumn,fabric,"this darkslategray coat features a classically styled collar and long sleeves, offering both warmth and elegance. the fabric is smooth and lightweight, making it suitable for autumn days when temperatures fluctuate. the subtle purple accents add an understated touch of sophistication. it can be worn casually paired with skinny jeans and boots for a modern look, or dressed up with a blouse and high heels for a more formal event. its sleek design allows it to complement various outfits, creating a polished yet versatile appearance."
877208a2-9e5c-5762-8f04-c4f0cb6b2407,webp,female,outwear,jacket,classic,black with brown accents,winter,fabric with fur trim,"this luxurious winter jacket features a classic style with a chic black base that exudes sophistication. the elegant design includes a cozy fluffy fur collar, adding warmth and an extra layer of comfort during cold weather. its smooth fabric complements the warm fur detail, creating a harmonious blend of contemporary and traditional elements. this piece can be effortlessly styled for various occasions, from smart casual evenings to more formal events. it boasts a flattering silhouette that enhances the wearer's figure while offering maximum coverage. pair this jacket with skinny jeans or trousers for a modern look, or opt for a dressier ensemble by pairing it with skirts or dresses."
ec6339e2-08fa-5eb2-88f6-9796031bdf28,jpg,female,top,hoodie-sweater,casual,darkslategray with black accents,all-seasons,fabric,"this darkslategray hooded sweater features a cozy and casual design perfect for everyday wear. the dark gray base provides a sophisticated look while the black hood adds an edgy touch. it has a relaxed fit that hugs the body comfortably, offering a versatile style that can be worn as both a standalone piece or layered under other tops. its soft fabric ensures maximum comfort throughout the day. this piece pairs well with skinny jeans, leggings, or even trousers for a chic and trendy outfit. it also works great for layering during cooler weather, adding warmth and style to your ensemble."
3738d261-2fba-5001-901d-c5f7af2f0ae1,jpg,female,top,blouse,classic,white with silver accents,all-seasons,cotton,"this elegant white blouse features subtle silver accents that add sophistication and modernity. the classic design ensures timeless appeal, making it an essential piece for any wardrobe. with its soft cotton fabric, this blouse offers comfort while maintaining a polished look. its simple yet chic cut and sleek silhouette make it versatile enough for both casual and formal occasions. whether paired with jeans for a daytime look or layered under a suit for evening events, this blouse effortlessly complements various outfits. it projects an air of refinement and confidence, suitable for both work environments and social gatherings."
c2a9d3da-5acc-5340-a5ef-b5676498d7ce,jpg,female,top,t-shirt,casual,black,all-seasons,cotton,"this black t-shirt features an edgy and trendy design with the word 'ru' repeated multiple times across the front in bold lettering. made from soft and breathable cotton fabric, this top offers comfort while showcasing a modern and stylish look. perfect for casual everyday wear, it can be paired with skinny jeans or leggings for a chic outfit. its versatile nature allows it to fit seamlessly into various outfits, whether you're heading to the gym, running errands, or hanging out with friends."
46425bfd-08d2-5b25-a165-b8455dd663aa,jpg,female,top,blouse,classic,black with white accents,all-seasons,polyester,"this chic and versatile blouse features a sophisticated design combining two distinct styles. the front boasts a sleek black color paired with a zipper for added functionality and elegance. on the other side, the white background provides a fresh contrasting touch, making this piece both classic and modern. its streamlined silhouette offers comfort while showcasing a flattering fit that enhances your figure. this versatile garment can be worn alone as an eye-catching statement piece or layered under jackets and cardigans during colder months. pair it with skinny jeans or slacks for a polished look, or opt for flowing skirts and dresses for a more casual vibe."
ba9cc7ab-7737-5b6d-9a15-0c2534ef418f,jpg,female,top,jacket,classic,black,all-seasons,fabric,"this elegant black jacket features a distinctive tie detail around the neck, adding an exquisite touch of sophistication. it boasts a tailored fit, creating a slim and streamlined silhouette that enhances the wearer's figure. the classic style lends itself effortlessly to both formal and semi-formal occasions, making it versatile for various settings such as work meetings, special events, or even dinner dates. its smooth fabric provides comfort while maintaining its smart appearance."
46068c87-41c3-59a7-a181-70c2cb6e810a,jpg,female,top,blouse,classic,black,all-seasons,cotton,"this elegant black blouse features long sleeves that flow gracefully from the shoulders, creating an airy yet sophisticated look. the classic style lends itself well to both formal and casual settings, making it versatile for various occasions. its simple yet chic design allows it to complement other pieces effortlessly, offering endless possibilities for outfit combinations. this garment offers a comfortable fit, providing a slight elongating effect on the wearer's figure while showcasing refined elegance."
2cc9a518-f376-52fe-90a5-e427e6313b6c,jpg,female,top,hoodie,sport,black with metallic accents,all-seasons,polyester,"this black nike sportswear club full zip hoodie, also known as a sweatjack, features a sporty design with a striking combination of black and metallic accents. the zipper runs down the front, offering easy access for comfort and functionality. the hood provides added warmth and style, while the fabric is lightweight and breathable, perfect for both casual workouts and everyday wear. this versatile piece can be paired with leggings or jeans for an effortless yet stylish look. its cozy and stretchy fit makes it ideal for layering under jackets during cooler months or wearing alone when temperatures rise."
4d39c180-b987-5d5d-9e9c-830e6cc2dbd9,jpg,female,top,sweatshirt,sport,darkslategray,all-seasons,fabric,"this darkslategray nike essential crew sweatshirt is an effortlessly chic piece that seamlessly transitions between casual and sporty looks. crafted from soft fabric, this sweatshirt offers comfort and versatility for everyday wear. the clean lines and minimal design make it an ideal companion for both athletic activities and relaxed days out. its cozy fit hugs the body while maintaining a contemporary look. pair it with skinny jeans or leggings for a chic street style ensemble, or layer it over a tank top and shorts for a laid-back summer vibe."
a9fc4b1c-9052-58e9-8285-0287f8f69350,jpg,female,top,sweatshirt,casual,dimgray with purple accents,all-seasons,fabric,"this dingy gray sweatshirt features a bold purple print that reads 'stay' across the front. the fabric is soft and cozy, making it perfect for everyday wear. it has a relaxed fit with an oversized cut, offering both comfort and style. this piece can be worn as a layered top under jackets during colder months or alone during warmer days. its versatile design allows it to pair well with jeans, shorts, skirts, or pants, creating casual yet chic looks."
af0d48b7-5310-5c37-8ea0-1114b4daeeb5,jpg,female,top,hoodie-sweatshirt,casual,black,all-seasons,fabric,"this black hoodie sweatshirt features a cozy and casual design perfect for everyday wear. the hooded style provides warmth and comfort while showcasing the brand's signature sleek finish. made from soft fabric, this piece offers maximum comfort and breathability. ideal for chilly evenings or lazy weekends, this hoodie can be paired effortlessly with skinny jeans, leggings, or sweatpants. its simple yet sophisticated look makes it versatile enough to blend seamlessly into various outfits, whether it's dressed up or down."
0393669b-2d4e-5b31-9338-fd1d48a5796a,jpg,female,top,dress,classic,black,all-seasons,fabric,"this elegant black dress features a sophisticated classic style that effortlessly transitions from day to night. the dress has a clean, refined silhouette with a simple yet chic button detail down the front. its understated elegance makes it perfect for both formal occasions and more casual events. it can be paired with accessories like a statement necklace or a scarf to add personality. this versatile piece can be worn alone or layered over a cardigan during cooler months. its timeless design ensures it will remain a staple in your wardrobe for years to come."
4e16fe7f-aa46-5461-a284-b6e522372b0e,jpg,female,top,sweatshirt,casual,gray with purple accents,all-seasons,fabric,"this gray sweatshirt features a striking purple design with the word 'love' printed across the front. the cozy fabric offers comfort while the vibrant purple accents add an unexpected pop of color. ideal for everyday casual wear, this piece can be paired with jeans, leggings, or shorts depending on the season. its soft texture makes it perfect for chilly days or evenings when you want to stay warm yet maintain style. this sweatshirt is versatile enough to be worn alone as a statement piece or layered under other tops."
6b2e7ef7-6425-5f4a-ba04-fbcab748a852,jpg,female,top,jacket,casual,black,all-seasons,fabric,"this black jacket features an understated elegance with its clean lines and minimal design. it has multiple zippers strategically placed for functionality and style, adding an edgy touch. the soft fabric provides comfort while maintaining a sophisticated appearance. this versatile piece can be worn as a casual layering option during spring and autumn, or dressed up for a more formal event. its sleek silhouette compliments various outfits, making it a must-have addition to any wardrobe."
701a114e-22db-55a0-94c1-a75107b83b5a,jpg,female,hat,fashion-hat,classic,black,all-seasons,fabric,"this elegant black hat features a sleek design with a string attachment that can be adjusted for a custom fit. the classic style complements both casual and formal ensembles. its understated sophistication makes it versatile enough for everyday wear while also being suitable for special occasions. the fabric material provides comfort and durability, ensuring lasting use."
a0acd5f6-2844-5de3-980e-3dcc4f2ce540,jpg,female,top,sweatshirt,sport,black,all-seasons,fabric,"this elegant black sweatshirt features a cozy design with a soft fabric that offers comfort and warmth. it has a hoodie attached at the back for added versatility and style. the sleek cut and minimalistic design make this piece perfect for everyday wear. it's ideal for layering under jackets or worn alone during chilly days. with its neutral color, it can easily be paired with various bottoms such as jeans, leggings, or skirts. this sweatshirt creates an effortless yet stylish impression."
dab556de-27ad-500a-bacf-eb8b4bded34e,jpg,female,top,coat,classic,rosybrown,autumn,leather,"this elegant rosybrown classic coat exudes sophistication and warmth. crafted from supple leather, it boasts a timeless silhouette that effortlessly transitions between casual and formal occasions. the coat features a flattering shoulder line, a gently rounded collar, and generous lapels for an airy yet refined appearance. its rosybrown hue adds a playful touch while maintaining elegance. ideal for autumn evenings, this coat pairs perfectly with tailored trousers, skirts, or dresses, creating versatile looks suitable for both work and social events."
15d0a3e8-65e1-50ab-99b4-b25e897c86a0,jpg,female,top,jacket,casual,darkslategray with black and white stripes,all-seasons,fabric,"this darkslategray cropped jacket features a bold combination of black and white stripes running vertically across its surface. it has a classic button-front closure that adds sophistication while maintaining an effortless vibe. the cropped design gives it a modern and chic look, making it ideal for casual occasions such as brunch dates, meetings, or casual events. its lightweight fabric allows for easy layering during cooler months or can be worn alone during milder seasons. this versatile piece can pair well with skinny jeans, leggings, or even trousers for a put-together yet relaxed outfit."
020ae178-bc87-5d18-8094-b334b756db0d,jpg,female,top,shirt,classic,darkslategray with black accents,all-seasons,leather,"this darkslategray leather shirt features a sophisticated classic style with a traditional button-front design. the fabric is smooth and luxurious, offering a premium feel that enhances both comfort and elegance. its understated gray tone pairs effortlessly with various outfits, creating an authoritative yet versatile look. the button-down closure adds a touch of formality while also allowing for easy adjustment. this piece can be worn casually with skinny jeans and heels for a night out, or dressed up with a suit and blazer for a more formal setting."
f8312b0d-d24f-570e-87a7-78b4ca1e92ae,jpg,female,top,sweater,casual,lightsteelblue,all-seasons,knitwear,"this lightsteelblue baby sweater features a delicate knit texture and subtle accents of buttons along its front. the sweater has a cozy and relaxed fit, showcasing a classic casual style that can be effortlessly incorporated into everyday outfits. its lightweight construction makes it suitable for all seasons, offering comfort and warmth during cooler days. the soft and breathable fabric ensures maximum comfort while the sleek design allows for versatile styling options. pair this sweater with skinny jeans or leggings for a modern look, or dress it up with a pencil skirt for a more polished appearance."
a5f987a1-b0cf-51b3-a9d1-8ce9942f67a9,jpg,female,top,blouse,classic,white and blue stripes,all-seasons,cotton,"this elegant white and blue striped blouse features a crisp white collar that adds sophistication and formal appeal. the delicate stripes create an airy and refreshing look suitable for both daytime and evening wear. its lightweight cotton fabric ensures comfort and breathability throughout the day. pair this versatile top with skinny jeans for a casual yet chic outfit, or dress it up with a pencil skirt and statement necklace for a more sophisticated ensemble."
97e447ec-a69c-5a08-92b4-d44874f74274,jpg,female,top,t-shirt,casual,black,all-seasons,organic cotton,"the organic tee is a simple yet chic black t-shirt made from high-quality organic cotton. it features a relaxed fit that hugs the body comfortably while maintaining breathability and softness against the skin. the classic style allows for versatile pairings; it can be worn casually under a blazer for a polished look or paired with jeans and sneakers for an effortless everyday outfit. its sleek black hue provides a neutral base for bold accessories and bright bottoms, making it a staple piece in any woman's wardrobe."
6d6b953c-f5fb-5159-8cc4-109a31963796,jpg,female,top,blouse,classic,gray with white and black elements,all-seasons,polyester or cotton blend,"this elegant gray blouse features a sophisticated design with subtle white accents and a modern touch of a black zipper down the front. the classic style makes it versatile for both formal and casual occasions. its tailored fit offers a smart appearance while maintaining comfort. the zipper adds an edgy element that can be worn open or closed depending on personal preference. it pairs well with trousers, skirts, or dresses for a polished look. this versatile piece works equally well during spring, summer, autumn, and winter."
2af8f7df-1902-5638-9623-9761c737adf1,jpg,female,top,sweater,classic,dimgray,all-seasons,knitwear,"this dingy gray cable-knit sweater showcases an elegant and classic design that exudes understated sophistication. the subtlety of its monochromatic hues makes it an ideal piece for creating both casual and formal looks. its cable stitch pattern adds texture and depth, offering a gentle contrast against the muted shade. the soft, cozy fabric provides warmth while maintaining comfort throughout various seasons. this versatile top can be worn as a standalone layer during chilly autumn evenings or paired with a statement necklace and pencil skirt for a business-appropriate ensemble. it pairs effortlessly with jeans for a relaxed weekend outfit or combines well with tailored trousers for a more polished appearance."
de238838-6069-5752-9ca2-61385d8d386c,jpg,female,top,blouse,classic,white and grey stripes on silver base,all-seasons,polyester,"this elegant silver blouse features a sophisticated white and grey striped pattern, creating an eye-catching contrast against its silver base. it has a flattering cut and silhouette that drapes smoothly over the body, offering a modern yet classic appeal. the fabric is lightweight and breathable, making it suitable for both formal and casual occasions. this versatile piece can be paired with skinny jeans for a chic daytime look or dress trousers for a more polished evening ensemble. its subtle stripes add sophistication while maintaining versatility, allowing it to fit seamlessly into various outfits."
394e0ca1-79b3-5f43-9970-e8a60fd018bd,jpg,female,top,sweater,classic,black,all-seasons,knitwear,"this elegant black sweater showcases a timeless classic style that effortlessly complements any outfit. crafted from high-quality knitwear, this piece offers both comfort and sophistication. the soft texture provides an inviting touch while maintaining a sleek appearance. its understated design allows for versatile pairing options, making it ideal for everyday wear or special occasions. pair it with skinny jeans for a chic casual look or dress it up with a pencil skirt and heels for a polished ensemble."
25a7fd5c-dd40-5eaf-a39c-5fc39c12fbfc,jpg,female,top,blouse,classic,black,all-seasons,cotton,"this elegant black blouse features a sophisticated cow-neck design that adds an air of sophistication and femininity. made from high-quality cotton for comfort and durability, this piece is perfect for both casual and formal occasions. the smooth fabric drapes beautifully, offering a chic silhouette that enhances your figure. pair it with skinny jeans or a flowing skirt for a timeless look. its understated elegance makes it versatile enough to be worn day-to-day or on special events."
9e2022c0-2f6d-5fe9-abf5-90cd10dcee88,jpg,female,top,blouse,casual,gray with white and blue and black and white stripes,all-seasons,cotton,"this stylish gray blouse features a unique design with alternating white and blue horizontal stripes interspersed with subtle black and white diagonal stripes, creating an eye-catching pattern that adds sophistication and flair. the fabric is made from high-quality cotton, ensuring comfort and durability throughout various occasions. its loose yet tailored fit allows for versatility in styling, pairing well with skinny jeans, skirts, or trousers. this versatile piece can be worn casually during the day or dressed up for evening events, showcasing its adaptability and elegance."
72c3bf2c-d784-57ed-9acc-c61b83e2062f,jpg,female,top,jersey,sport,darkslategray,all-seasons,polyester,"this darkslategray nike x nba jersey features a sporty style that combines comfort and style. the jersey is made from lightweight polyester fabric for maximum breathability and comfort during active wear. it has a modern fit with sleek detailing and a slightly cropped length, making it perfect for both casual and athletic occasions. the jersey showcases the iconic nike swoosh logo on one side and the nba team logo on the other, adding a touch of elegance and personality. its vibrant darkslategray color can be paired effortlessly with various bottoms such as skinny jeans, shorts, or yoga pants. this versatile piece can be worn during workouts, outdoor activities, or even as part of an urban street style outfit."
d2b865c9-9d4d-5a0a-a2e7-c5d7204b2485,jpg,female,top,blouse,classic,firebrick red with lace detailing,all-seasons,cotton or polyester blend,"this firebrick red blouse features elegant lace detailing along the collar and cuffs, adding a touch of sophistication. it has long sleeves that provide coverage and comfort while enhancing its formal appearance. the classic style makes it versatile for both daytime and evening wear, pairing well with skinny jeans, skirts, or dresses. its subtle lace embellishments add an air of refinement, making it suitable for various occasions such as business meetings, casual gatherings, or even special events."
784c71d8-fe4f-5a79-a212-1de66ce1c0b1,jpg,female,top,blouse,casual,black,all-seasons,cotton,"this elegant black blouse features delicate spaghetti straps that accentuate the neckline and provide a sophisticated yet casual look. the material is lightweight cotton, ensuring comfort throughout the day. its versatile design makes it suitable for both formal and informal occasions. pair it with skinny jeans for a chic evening out or layer it under a cardigan for a more subdued daytime ensemble."
f5996f34-2206-51d6-8a37-fad13439b5c2,jpg,female,top,blouse,classic,black,all-seasons,cotton,"this elegant classic black blouse features a long sleeve design that provides comfort and style. the gathered skirt adds a touch of femininity and enhances the overall shape of the garment. made from high-quality cotton for breathability and durability, this piece can be effortlessly styled for various occasions. pair it with skinny jeans for a casual look, or dress it up with a pencil skirt and heels for a sophisticated evening ensemble."
8212b720-3012-5109-bc59-ea1b89cc8b98,jpg,female,top,hoodie,casual,silver with grey accents,all-seasons,fabric,"this silver and grey zipped hoodie jacket features a cozy, casual design with a comfortable hood that can be pulled up for added warmth and style. made from soft fabric, this piece offers a blend of comfort and fashionability. the sleek silver and grey color scheme provides a modern and trendy look while remaining versatile enough to pair with various outfits. ideal for everyday wear, whether it's chilly evenings, brisk walks, or casual weekend get-togethers. this hoodie is perfect for creating effortless yet stylish looks that exude both comfort and sophistication."
40decef4-a9a5-57c0-81bc-579073d821f8,jpg,female,top,hoodie,casual,black with white background,all-seasons,fabric,"this cozy black hoodie features a simple yet elegant design with a white background that contrasts beautifully against its dark hue. the zipper provides easy access for warmth and comfort while maintaining style. its casual vibe makes it perfect for everyday wear whether you're lounging at home or running errands around town. with its relaxed fit and soft fabric, this hoodie will feel like second skin while offering maximum comfort. pair it with jeans or leggings for an effortless outfit that can be dressed up or down depending on your mood."
4bab9d66-9440-5599-a800-493c0c6da392,jpg,female,top,t-shirt,casual,black,all-seasons,cotton,"this cropped black t-shirt features a modern, cropped length that hits just above the hips, offering a chic and trendy look. the lightweight cotton fabric ensures comfort throughout the day while providing breathability. its sleek design allows for versatile styling options, pairing effortlessly with skinny jeans, shorts, or even leggings. ideal for casual outings, it's perfect for both daytime activities and nighttime events."
70df5532-0b4e-5a24-b878-0269d2296f72,jpg,female,top,poncho,classic,black with white stripe,all-seasons,fabric,"this black poncho features a classic design with a subtle white stripe running along the hemline. it has a cozy, oversized fit that drapes effortlessly over the body, creating an elegant yet casual look. the soft fabric provides comfort while maintaining style. perfect for layering under coats during cooler months or as a standalone piece during warmer days. this versatile piece can be worn with jeans, skirts, or trousers for a chic outfit."
edb48cd7-cfd4-56ff-9bec-11356b4c0d42,jpg,female,top,sports_bra,sport,black,all-seasons,nylon and elastane,"this nike women's sports bra is designed for maximum comfort and support during workouts. made from high-quality nylon and elastane materials, it offers exceptional breathability and moisture-wicking properties to keep you dry and cool throughout your exercise routine. the sleek black color provides a sophisticated look while maintaining functionality. its contoured design ensures that it hugs your body closely, providing optimal support and preventing chafing. this sports bra can be worn under athletic wear or as part of an active lifestyle outfit. it enhances both performance and style, making it versatile enough for various fitness activities."
9013afa1-aa0a-58c1-9c87-25acb98d46d8,jpg,female,top,jacket,classic,gray,all-seasons,fabric,"this elegant gray jacket features a unique design element where the back is draped for an eye-catching effect. the fabric is soft and lightweight, providing comfort while maintaining sophistication. its classic style makes it versatile enough to be worn during both daytime and evening events. it can easily be paired with a simple dress or pants for a chic office look, or dressed up further with accessories like scarves or jewelry for a more formal occasion. the drape at the back adds an unexpected touch that enhances its overall appeal."
7d55c2fc-0ade-5fca-92d2-e012ea0d52cc,jpg,female,top,sweater,classic,darkslategray with black accents,all-seasons,knitwear,"this darkslategray cropped crew neck sweater features subtle black accents for an elegant touch. the sleek design showcases a classic crew-neck style with a cropped length that accentuates the waistline. its lightweight yet cozy knit fabric provides comfort while maintaining warmth during cooler seasons. ideal for layering under jackets or worn alone as a chic statement piece, this versatile top can be paired with skinny jeans, skirts, or trousers for both casual and semi-formal occasions. it offers a modern take on traditional knitwear, creating a sophisticated impression."
b50e2665-c0da-523b-baeb-4599b3f62449,jpg,female,top,t-shirt,casual,darkslategray with black accents,all-seasons,cotton,this darkslategray t-shirt features a sleek and stylish design with subtle black accents. its cropped style provides a modern and chic look that adds an edge to your outfit. the lightweight cotton fabric ensures comfort while offering durability. this versatile piece can be paired with skinny jeans for a casual yet trendy ensemble or dressed up with a blazer for a more sophisticated appearance. its cropped length enhances your figure and makes it perfect for layering under jackets or sweaters during colder months.
48159d4f-b62e-5756-9c4d-51adb859b8a7,jpg,female,top,sweater,classic,black,all-seasons,knitwear,"this black sweater features a long-sleeved design with a scooped neckline, offering both comfort and elegance. the classic black hue provides versatility, allowing it to blend effortlessly into various outfits. its soft, cozy knit fabric ensures warmth during cooler months while remaining lightweight enough for year-round wear. pair this sweater with skinny jeans for a chic casual look or dress it up with a pencil skirt and heels for a more sophisticated ensemble."
6eb8c231-fd6a-5222-918a-9eb67acc733b,jpg,female,top,blouse,classic,black,all-seasons,cotton,"this elegant black blouse features long sleeves that drape gracefully down your arms, creating an airy yet sophisticated look. the sleek design offers a modern classic appeal suitable for both casual and formal occasions. made from high-quality cotton, this piece is lightweight and breathable, perfect for year-round wear. pair it with skinny jeans for a chic evening ensemble or layer it under a blazer for a polished office outfit."
7c0a0d87-0fd1-5ea2-9d8b-e1d5e6d87873,jpg,female,top,jacket,classic,dark olive green,all-seasons,leather,"this dark olive green leather jacket exudes sophistication and elegance. crafted from high-quality brown leather, this jacket features a classic silhouette with structured shoulders and a straight cut that flatters all body types. the deep olive shade adds an earthy, chic vibe, making it versatile for both daytime and evening wear. its smooth texture and supple feel provide comfort while enhancing your overall look. pair it with a cream-colored shirt for a polished office ensemble or dress it down with jeans and boots for a casual yet stylish outfit."
51edecc6-a3e1-5834-9b1e-cedbe95d23a2,jpg,female,top,sweatshirt,casual,darkslategray with black accents,all-seasons,fabric,"this darkslategray sweatshirt features the word 's' emblazoned across its chest in bold black lettering. the soft fabric offers comfort while providing a cozy layer for everyday wear. it has a relaxed fit that hugs the body slightly but allows freedom of movement. the design complements both casual and sporty looks, making it versatile enough for various occasions. pair it with skinny jeans or leggings for an urban-chic vibe or dress it down with joggers and trainers for a laid-back weekend look."
4daeeacc-b260-55c5-a5f5-8fb4b0d608d1,jpg,female,top,t-shirt,casual,black,all-seasons,cotton,"this black t-shirt features an iconic design from supreme, showcasing their signature logo repeated across the front. made from high-quality cotton for comfort and durability, this piece can be effortlessly styled for both casual and sporty looks. its simple yet bold aesthetic makes it versatile enough to pair with jeans, shorts, or even skirts for a chic outfit. the classic style of this t-shirt allows it to fit seamlessly into various wardrobe essentials while creating a confident and edgy impression."
5aaa8805-0242-5930-bf1a-c85ade66f559,jpg,female,top,sweatshirt,casual,black,all-seasons,fabric,"this black off-the-wall cropped sweatshirt is an effortlessly chic addition to your casual wardrobe. crafted from soft fabric, this piece features a cozy cropped length that pairs perfectly with skinny jeans or leggings for a modern look. the cropped design enhances the waistline while offering a playful touch to everyday outfits. its minimalist aesthetic makes it versatile enough to transition seamlessly between daytime and evening looks. whether you're running errands or relaxing at home, this sweatshirt adds comfort and style to your ensemble."
debbe8a1-66c1-543a-a4d6-f961beb0518d,jpg,female,top,crop top,casual,darkslategray with chocolate accents,all-seasons,rib knit,"this darkslategray ribbed knit crop top features subtle chocolate accents that add warmth and depth to its elegant appearance. the cropped length emphasizes the waistline while showcasing your favorite accessories or layered pieces beneath. its lightweight yet cozy fabric makes it perfect for both casual evenings and relaxed days. pair this versatile top with skinny jeans or leggings for an effortlessly chic look, or opt for layering it under a blazer for a more polished vibe."
021fbb65-65b4-5741-a2db-b06347fa5e8b,jpg,female,top,crop top,casual,black,all-seasons,polyester,"this black crop top features a snug fit that emphasizes the waistline, offering a flattering and trendy look. the cropped length reveals just enough skin to add an edgy vibe while remaining modestly covered. it has a smooth texture and a subtle sheen, making it suitable for both daytime casual wear and evening events. pair it with high-waisted pants or skirts for a chic outfit, or layer it under a blazer for a more sophisticated appearance. its versatility allows you to experiment with different styles and occasions."
045aa716-f005-5a48-8665-8c768af8eb6b,jpg,female,top,sweatshirt,casual,khaki with logo print,all-seasons,fabric,"this khaki sweatshirt features a contemporary design with a bold logo print on the front. the cozy fabric offers maximum comfort while maintaining style. it has a relaxed fit that hugs the body without being too tight, allowing for ease of movement. its versatile nature makes it perfect for everyday wear whether you're running errands, hanging out with friends, or chilling at home. pair it with skinny jeans or boyfriend jeans for a casual yet trendy look."
5c9ea4b4-ca28-5df1-b1b3-5148ef5f6dd9,jpg,female,top,blouse,classic,dimgray,all-seasons,cotton,"this elegant dimgray long-sleeve blouse features a classic design that effortlessly exudes sophistication and understated elegance. the smooth cotton fabric provides comfort and breathability while offering durability and easy care. with its tailored fit and straight silhouette, this blouse can be worn alone for a refined look or layered over other tops for added warmth during colder months. its timeless style makes it suitable for both formal and casual occasions, allowing you to transition from daytime errands to evening events seamlessly. accented by subtle buttons down the front, this piece adds a touch of refinement to your outfit."
e7bb4279-d68a-5873-ad4e-b64a50994374,jpg,female,top,sweater,casual,"dimgray with white, black, and red accents",all-seasons,knitwear,"this dingy gray sweater features a striking combination of white, black, and red elements. it boasts a subtle yet elegant pattern consisting of thin horizontal stripes in alternating white and black hues, creating an understated sophistication. a bold red heart embellishment adorns the center of the chest, adding a playful touch that enhances its appeal. the lightweight and soft knit fabric offers exceptional comfort while maintaining warmth during chilly days. this versatile piece can be worn casually for everyday wear or paired with smarter outfits for a polished look. its unique design makes it suitable for various occasions and seasons, making it an ideal addition to any wardrobe."
7b866349-664e-5ea3-af0e-410948f483a9,jpg,female,top,blouse,classic,black with white accents,all-seasons,cotton,"this elegant classic blouse features a collar design that enhances its formal appearance. it is crafted from high-quality cotton fabric, ensuring comfort and durability throughout various occasions. the combination of black as the primary color and subtle white accents adds sophistication and versatility to your wardrobe. this versatile piece can be worn alone for a casual yet chic look or paired under another top such as a white button-down shirt for a more sophisticated ensemble. its structured silhouette and tailored fit provide a polished finish, making it an ideal choice for both daytime and evening events."
b1dd5d6d-1d4e-54cc-b107-3e293c314f7c,jpg,female,top,blouse,classic,dimgray with white and blue stripes,all-seasons,cotton,this elegant dimgray blouse features a classic collar and delicate white and blue stripes that add sophistication and style. the blend of subtle colors gives it an understated yet sophisticated appearance. its versatile design makes it suitable for both formal and casual occasions. pair this blouse with a pencil skirt for a business-appropriate look or dress it down with jeans and a cardigan for a more relaxed vibe. the lightweight fabric ensures comfort throughout the day while maintaining its chic appeal.
2a3030ef-00fc-5040-b93e-5fbed186ff8e,jpg,female,top,crop top,casual,black,all-seasons,fabric,"this black crop top features a cropped length that exposes the midriff, offering a modern and stylish look. it has a comfortable fit with soft fabric for maximum comfort. the sleek design allows for easy pairing with various bottoms such as skinny jeans, shorts, or skirts. this versatile piece can be worn during casual days out or nighttime events, creating an edgy yet elegant vibe."
4e2ca1d1-b08d-5233-af2e-9ccb1c7ac6d0,jpg,female,top,sweater,classic,firebrick red,all-seasons,wool blend,"this firebrick red sweater features a classic collar and functional buttons down the front. made from a cozy wool blend fabric, this piece offers warmth and style for everyday wear. the elegant collar and subtle detailing create an understated yet sophisticated look that can be easily paired with various bottoms such as skinny jeans, trousers, or skirts. whether worn alone during autumn evenings or layered over a shirt for added warmth, this sweater adds both comfort and elegance to your wardrobe."
46471edf-22ff-599c-8b91-5814b2228cfd,jpg,female,top,sweatshirt,casual,black with navy blue and white accents,all-seasons,velvet,"this black velvet sweatshirt features navy blue accents and a crisp white logo prominently displayed on the front. the luxurious velvet fabric provides both comfort and elegance, making this piece versatile for everyday wear. it has a relaxed fit that enhances its casual style while maintaining an effortless sophistication. pair it with skinny jeans or leggings for a chic look, or opt for a pair of distressed jeans for a more laid-back vibe. this sweatshirt is ideal for transitioning between seasons, offering warmth during cooler months and adding a touch of glamour to your outfit."
99251bde-5d13-5bd5-a40c-0cd05adbd5c8,jpg,female,top,hoodie jacket,casual,beige,all-seasons,fabric,"this silver woman's beige hoodie jacket features a cozy and versatile design that effortlessly transitions between casual everyday wear and light layering options for autumn and spring seasons. the hooded jacket boasts a soft fabric material which ensures comfort while maintaining warmth. its relaxed fit provides ample room for movement and can easily accommodate layers underneath. with its understated elegance, this piece can be paired with skinny jeans, leggings, or trousers for an urban-chic look. additionally, the hoody adds an element of playfulness and versatility to any outfit, making it perfect for both chilly days and milder weather."
643f6374-678e-5cdc-9e78-e7b6aca766bb,jpg,female,top,t-shirt,casual,pink with black accents,all-seasons,cotton,"this cute and quirky pink t-shirt features the playful phrase 'snobm' written in bold black letters across the front. made from soft and breathable cotton, this top offers a cozy and casual vibe that pairs well with jeans or shorts for a laid-back look. its simple yet charming design makes it perfect for everyday wear, whether you're running errands, hanging out with friends, or enjoying a casual day at the park. the pink hue adds a pop of color to your outfit while the black lettering provides a subtle contrast that adds interest. this t-shirt can be worn alone as a standalone piece or layered under a cardigan or blazer for added style."
474c783b-3a34-5f69-8f5e-77a22c501e75,jpg,female,top,crop top,casual,"dark gray with white, blue, and yellow",all-seasons,fabric,"this dark gray crop top features a clean, sleek design that emphasizes a casual yet sophisticated style. it has a fitted silhouette, accentuating the waistline while providing comfort and ease of movement. the top boasts a bold white logo, embossed with vibrant blue and yellow hues, adding an eye-catching touch. its lightweight fabric allows for breathability and flexibility, making it perfect for everyday wear. this versatile piece can be paired with jeans, shorts, or skirts for a chic look. it creates an impression of modern elegance and trendiness."
0c0e00d0-3e73-5f39-88ab-6aa001bf300f,jpg,female,top,t-shirt,casual,black with white logo,all-seasons,cotton,"this stylish women's t-shirt features a simple yet chic design with a striking white logo emblazoned across the front. made from soft and breathable cotton fabric, this top offers comfort and versatility for everyday wear. its casual style makes it perfect for layering under blazers or pairing with jeans and shorts for a trendy look. the classic black color allows it to blend effortlessly into various outfits, creating an elegant and polished appearance."
211c195b-6d4b-5b32-b023-be2b4d903685,jpg,female,top,blouse,classic,black,all-seasons,cotton,"this elegant black blouse features a sophisticated v-neck design that enhances the wearer's neckline and provides an effortlessly chic appearance. the classic cut showcases the woman's figure while maintaining a modest yet polished look. made from high-quality cotton fabric, this garment offers comfort and breathability throughout the day. ideal for both formal and casual occasions, this versatile piece can be paired with skinny jeans for a contemporary outfit or teamed up with tailored trousers for a more refined ensemble."
c3a60457-0479-5570-927b-c63378c28e70,jpg,female,top,blouse,classic,dark olive green with brown and black,all-seasons,cotton,"this elegant dark olive green blouse features a classic design with a subtle hint of brown hues blending into its base color. the focal point is a single sleek black button adorning the center of the front, adding an understated touch of sophistication. its clean lines and timeless silhouette make it versatile for both formal and casual occasions. this piece can be paired with skinny jeans or trousers for a modern look, or worn with skirts for a polished office vibe. the fabric is lightweight yet durable, ensuring comfort throughout the day."
9cfbfcf0-c6c9-5546-a877-90fb76bb0623,jpg,female,top,blouse,classic,lightsteelblue,all-seasons,cotton,"this lightsteelblue blouse features a unique design where a tie is wrapped around the front, creating an elegant and sophisticated look. the fabric is made from high-quality cotton, ensuring comfort and durability. its classic style can be effortlessly paired with various bottoms such as skirts, pants, or dresses. this versatile piece can be worn for both formal and casual occasions, making it perfect for everyday wear or special events."
e342b7e5-5f33-5438-94ca-0efce903111f,jpg,female,top,jacket,classic,black,all-seasons,fabric,"this black cropped jacket features a distinctive design element where a tie is wrapped around the neck, adding an elegant and sophisticated touch. the cropped length ensures a modern fit, highlighting the waistline and creating a chic silhouette. made from high-quality fabric, this piece offers comfort while maintaining its stylish appearance. it can be worn as part of a formal ensemble for business occasions or paired with casual bottoms for a more relaxed look. its timeless style makes it versatile enough to transition seamlessly between different seasons."
5531191d-d384-5b3e-905c-6994a1c466b9,jpg,female,top,sweatshirt,casual,darkslategray with black accents,all-seasons,fabric,"this darkslategray sweatshirt features a bold black logo emblazoned on the front. the material is soft and cozy fabric that provides comfort and warmth. its casual style makes it perfect for everyday wear, whether you're lounging around the house or running errands. it has a relaxed fit with a slightly oversized silhouette, allowing for ease of movement while still maintaining a modern look. the dark gray base color pairs well with various outfits, making it versatile enough to be worn with jeans, leggings, or even skirts. this sweatshirt offers both functionality and style, blending practicality with elegance."
814f22ae-912f-5670-87cc-ecc2c8da9360,jpg,female,top,t-shirt,casual,black,all-seasons,cotton,"this black t-shirt features a classic round-neck design and short sleeves, offering a versatile and comfortable option for everyday wear. the simple yet elegant style makes it an ideal companion for both casual and slightly dressy occasions. its soft cotton fabric ensures comfort while maintaining its shape over time. this t-shirt can be paired with jeans, shorts, skirts, or trousers for a chic and effortless look. it pairs well with accessories like scarves, belts, or jewelry to add personality and individuality to your outfit."
66d39649-93f8-5ec8-885b-002de6473d10,jpg,female,top,jacket,fancy,black with black lace trim,all-seasons,leather,"this elegant black jacket features a sophisticated design with a subtle yet striking black lace trim on its back. the lace detail adds an element of sophistication and femininity while maintaining a timeless appearance. made from high-quality leather, this piece offers both comfort and durability. it can be worn casually during autumn evenings for a chic nighttime look or paired with dressier outfits for formal occasions such as weddings or special events. its versatile nature allows it to fit seamlessly into various wardrobe combinations."
0101a67f-097b-5269-986d-067ef0b5543f,jpg,female,top,sweatshirt,sport,darkslategray with charcoal accents,all-seasons,fabric,"this darkslategray oversized sweatshirt features charcoal accents for an intriguing blend of neutral tones. the sporty style lends itself effortlessly to both casual and athletic looks. with its cozy, oversized fit, this sweatshirt provides comfort while maintaining a chic appearance. it can be paired with skinny jeans, leggings, or even shorts for versatile outfits that reflect modern style. its relaxed cut allows for maximum movement and breathability, making it ideal for everyday wear during autumn and winter months."
a07c4b77-498f-5dc2-89e6-d5dd2451161f,jpg,female,top,sweatshirt,sport,light gray with white accents,all-seasons,fabric,"this light gray sweatshirt features striking white lettering that reads 'hotel wellness club'. it has a cozy and sporty design, offering comfort and style simultaneously. the sweatshirt boasts a casual yet sophisticated look, making it versatile for everyday wear. its soft fabric provides exceptional breathability and stretch, ensuring maximum comfort during active lifestyles or relaxed days. pair this sweatshirt with skinny jeans or leggings for an effortless outfit, perfect for workouts, leisure activities, or chilling at home. it exudes a laid-back vibe while showcasing your personal style."
b0630d44-210a-57c1-aecf-14c1b4c70e3a,jpg,female,top,bra top,sport,hot pink,all-seasons,polyester,"this hot pink nike sports bra top is an ideal choice for active wear and fitness routines. designed with comfort and support in mind, this bra top features breathable fabric that helps keep you cool during workouts. the lightweight construction ensures ease of movement while maintaining shape retention. with its sporty style, it can be paired effortlessly with leggings or shorts for a chic yet functional outfit. its vibrant hot pink hue adds a pop of color to your workout attire."
c3558f3a-38a0-530e-8117-b8a38506bcdb,jpg,female,top,sweatshirt,casual,gray with purple accents and white elements,all-seasons,fabric,"this gray sweatshirt features bold purple accents, including a wide white stripe running down the front and a large white logo emblazoned on the chest. the fabric has a soft handfeel and comfortable fit, making it ideal for casual wear during autumn or winter. its cozy nature allows for layering under jackets or over tees, while its relaxed silhouette provides an effortless style. this piece can be worn as part of a sporty outfit, paired with skinny jeans and sneakers, or dressed up with leggings and boots for a chic evening look."
c8772a99-55ea-5044-afbe-b9e2b6e96c6b,jpg,female,top,blouse,classic,black,all-seasons,cotton,"this elegant black blouse features a chic and sophisticated design that exudes timeless charm. crafted from high-quality cotton for comfort and durability, this piece offers a smooth texture and soft drape. the classic style allows it to effortlessly transition between various occasions, making it suitable for both formal and casual settings. its understated elegance complements any outfit, whether paired with tailored trousers for a polished look or worn with skinny jeans for a more relaxed vibe. this versatile top can be accessorized with jewelry or belts to add personal flair."
03dc338c-b599-5b7f-8acd-ff0ce295bc89,jpg,female,top,polo shirt,classic,darkslategray with navy and white accents,all-seasons,cotton,"this darkslategray polo shirt features a timeless classic style with a stylish navy blue embroidered logo on the chest. the fabric is made from high-quality cotton, offering comfort and breathability while maintaining durability. its clean-cut design complements both casual and formal settings, making it versatile for various occasions. it can be paired with skinny jeans or tailored trousers for a smart-casual look, or layered under a blazer for a polished business ensemble. this piece exudes elegance and sophistication, perfect for workdays, weekends, or even special events."
359ccca0-75e8-5f2f-89a3-a59545d1f95c,jpg,female,top,blouse,classic,lightsteelblue with white and black patterns,all-seasons,cotton,"this lightsteelblue blouse features a subtle yet elegant design with a white and black patterned collar that adds sophistication and interest. the fabric is made from high-quality cotton, ensuring comfort and durability. its classic style makes it versatile for various occasions, whether it's an office setting, casual outings, or even special events. the lightsteelblue hue provides a fresh and modern look while the contrasting white and black accents add a touch of elegance and detail. this blouse can be paired with skinny jeans, trousers, or skirts for a chic and polished appearance."
62491ecd-ad83-543b-9e3e-9c421b43672c,jpg,female,top,bra top,sport,darkslategray,all-seasons,polyester,"this darkslategray women's sport bra top features a sleek and functional design perfect for athletic activities. it boasts a bold logo prominently displayed on the front, adding a stylish touch while maintaining comfort during workouts. made from high-quality polyester fabric, this bra top offers breathability and durability, ensuring maximum performance during strenuous exercise sessions. its lightweight construction enhances mobility and allows for freedom of movement. ideal for yoga, running, or any other fitness routine, this bra top can also be worn under workout clothes for added support and style. with its versatile design, it pairs effortlessly with leggings, shorts, or even activewear pants."
720e525f-4ff8-5156-b416-117aaf1517c2,jpg,female,top,blouse,classic,black,all-seasons,cotton,"this elegant black blouse features a sophisticated design with a delicate bow detail adorning the front. the classic style makes it versatile for various occasions, from everyday wear to special events. crafted from soft cotton fabric, this piece offers comfort while maintaining an air of sophistication. its sleek silhouette enhances the figure, creating a polished appearance suitable for both casual and formal settings. pair it with skinny jeans for a modern look or dress it up with a skirt and heels for a chic evening ensemble."
3daaa400-3ff6-5701-b1f3-f73e34b81371,jpg,female,top,shirt,classic,dimgray,all-seasons,cotton,"this dimgray long-sleeved shirt features a classic button-down front, providing both functionality and elegance. its tailored fit and clean lines make it an ideal choice for both formal and casual occasions. the subtle gray shade adds sophistication while remaining versatile enough to be paired with various bottoms such as skirts, pants, or jeans. this shirt can effortlessly transition from office attire to weekend wear, creating a polished yet relaxed vibe."
95673e6d-491a-5737-881c-0f920ab8bc24,jpg,female,top,hoodie,casual,darkslategray with black accents,all-seasons,fabric,this darkslategray cropped hoodie features a sleek and modern design with bold black accents and the word 's printed across the front. the cropped length enhances an edgy and contemporary look while maintaining comfort. it has a cozy fabric that offers warmth and softness against the skin. ideal for layering under jackets or pairing with jeans and leggings for a casual yet stylish outfit. this hoodie exudes a chic and confident vibe perfect for everyday wear.
fd5c259f-05be-5b56-801c-9e6138179161,jpg,female,top,t-shirt,casual,white with silver accents,all-seasons,cotton,"this delightful white t-shirt features a charming round neckline and short sleeves, making it an ideal choice for everyday wear. the subtle silver accents add a touch of sophistication and modern flair. perfectly suited for casual outings, it can be paired effortlessly with skinny jeans, shorts, or skirts. its lightweight cotton fabric ensures comfort throughout the day, while its classic design allows for versatile style options. whether worn alone or layered under a cardigan, this piece elevates your look with ease."
b4047029-f07b-5f91-bb9d-367a3445de7a,jpg,female,top,jacket,classic,gray with beige accents,all-seasons,fabric,"this gray jacket features a classic style with subtle beige accents represented by a bow at the front. it has a smooth fabric texture that provides comfort and sophistication. the fit is tailored, offering a slim silhouette that enhances the wearer's figure while maintaining a modern look. ideal for both daytime and evening occasions, this piece can be paired with various bottoms such as skinny jeans, trousers, or skirts. its versatile design allows it to transition effortlessly from casual to formal settings."
6288d0af-d21e-5ee1-831e-dc5711482492,jpg,female,top,jacket,classic,darkslategray with black,all-seasons,fabric,"this cropped jacket exudes sophistication and elegance with its dark slate gray hue. the jacket features a chic and modern design, with a flattering cropped length that accentuates the waistline. its classic style allows for effortless pairing with various outfits, making it versatile enough for both daytime and evening wear. with its sleek silhouette and subtle texture, this jacket provides an air of refinement while remaining approachable. it can be paired with skinny jeans and a simple top for a casual yet polished look, or dressed up with a dress for a more formal occasion."
ee5d8cbd-c651-5b64-85b0-8da6ef6810b2,jpg,female,top,jacket,classic,black,all-seasons,leather,"this luxurious black leather jacket features elegant button detailing along both front and cuffs, showcasing refined sophistication. the supple leather material provides comfort and durability while maintaining an air of elegance. it offers a classic silhouette that can be effortlessly paired with various outfits, making it versatile for everyday wear. whether worn over a simple shirt and pants or layered under a sweater, this jacket exudes confidence and style."
7dbe47a0-733c-5bfd-8eec-0f8fea84f858,jpg,female,top,blouse,classic,black,all-seasons,cotton,"this elegant black blouse features a unique design element where a tie is wrapped around the waist, creating an eye-catching detail that adds sophistication and versatility. the classic style makes it suitable for both formal and casual occasions. its smooth cotton fabric offers comfort while maintaining a polished appearance. pair this blouse with skinny jeans for a chic daytime look or dress it up with a pencil skirt and heels for a sophisticated evening ensemble."
8ffcc74d-c715-5532-a88b-2e15c80e7556,jpg,female,top,blouse,classic,black,all-seasons,cotton,"this elegant black blouse features a sophisticated design with a delicate bow accent prominently placed on the front. the clean lines and simple yet refined aesthetic make this piece versatile for both formal and casual occasions. crafted from high-quality cotton, it offers comfort and breathability while maintaining its stylish appearance. it can be worn alone as an eye-catching top under a suit jacket or paired with pants or skirts for a polished look. its classic style makes it suitable for various events such as business meetings, dinner parties, or even everyday wear."
cc0d052e-1692-52bb-8c48-2eced6c97c41,jpg,female,top,sports bra,sport,black,all-seasons,nylon and elastane,"this nike women's sports bra top is designed for maximum comfort and performance during workouts. made from high-quality nylon and elastane materials, it offers excellent breathability and stretchiness, ensuring a snug yet comfortable fit. the sleek black color provides a timeless look that can be easily paired with various workout outfits. its modern design features a flattering, contoured shape that enhances the bust while providing support and freedom of movement. ideal for yoga, running, cycling, or any other intense activity, this bra top helps you stay cool and confident throughout your fitness routine."
3a9942ca-00d5-5aa5-a45e-0e47902429c9,jpg,female,top,blouse,classic,black with white accents,all-seasons,cotton,"this elegant classic blouse features a sophisticated design combining black as its primary color with subtle white accents through ruching on the sleeves and collar. the fabric is made from high-quality cotton, ensuring comfort and durability. its timeless style makes it suitable for both formal and casual occasions. it can be paired with trousers or skirts for a chic office look, or worn with jeans for a more relaxed vibe. this versatile piece enhances your outfit with its understated sophistication."
ba405416-3676-519b-baa0-8931e9d04ac7,webp,female,top,blouse,classic,saddlebrown,all-seasons,cotton,"this elegant saddlebrown blouse features a charming bow detail prominently placed on the front. the soft cotton fabric offers comfort and breathability while maintaining a refined appearance. with its classic style, this blouse can be effortlessly incorporated into various outfits for both daytime and evening occasions. it pairs well with skinny jeans or tailored trousers for a smart-casual look, while also complementing dresses for an office-appropriate ensemble. its understated yet sophisticated design makes it versatile enough to suit different body types and personal styles."
465d90f0-4c89-5494-9ac3-a7d748318e0a,webp,female,top,hoodie,casual,black,all-seasons,fabric,this cozy and versatile black hoodie features a stylish design with a full hood that can be pulled over for added warmth and comfort. the soft fabric provides excellent breathability and keeps you feeling relaxed throughout the day. it has a roomy fit that accommodates various body types while maintaining an effortless look. this piece is perfect for casual days when you want to stay warm but still maintain a chic appearance. pair it with skinny jeans or leggings for a laid-back outfit suitable for both indoor and outdoor activities.
cce383a2-7b7d-5011-a63d-6a7d6cdd4b31,webp,female,top,t-shirt,casual,darkslategray with brown accents,all-seasons,cotton,"this darkslategray and brown t-shirt features a round neckline and short sleeves, creating a casual yet stylish look. the subtle blend of dark gray and brown gives it an understated elegance that can be easily paired with various bottoms such as jeans, skirts, or pants. its lightweight cotton fabric ensures comfort throughout the day while maintaining breathability during warmer weather. ideal for everyday wear, this t-shirt can be dressed up or down depending on the occasion. it offers a relaxed fit with a slight stretch for added comfort and flexibility."
f160d27d-ff29-5290-8a12-fffa0392ec63,webp,female,top,blouse,classic,rosybrown with beige base,spring,linen,"this elegant rosybrown linen blouse features a delicate beige base, offering a sophisticated and understated appearance. made from lightweight linen fabric, this piece provides comfort while maintaining a polished look. the subtle color palette allows for versatile pairing options, making it ideal for both casual and business occasions. its flattering silhouette showcases a feminine shape, enhancing your figure with its tailored fit. pair it with a crisp white button-down underneath for a smart office ensemble, or wear it alone over skinny jeans for a chic street style vibe."
3d264240-6f38-56c5-9974-76ad7a09e226,webp,female,top,blouse,classic,dark olive green with brown accents,all-seasons,cotton,"this dark olive green blouse features subtle brown accents that add depth and sophistication. it has a classic button-down design, offering a versatile look for both formal and casual occasions. the blouse is made from high-quality cotton, ensuring comfort and durability. its tailored fit provides a chic and elegant appearance, making it suitable for various outfits. whether paired with skinny jeans for a modern edge or layered under a suit jacket for a polished look, this piece can be worn throughout the year."
1636bef0-035f-5961-b8ce-f9774c42a017,webp,female,top,hoodie,casual,dark gray,all-seasons,fabric,"this dark gray hoodie features a simple yet stylish design with clean lines and minimalistic aesthetics. the fabric offers comfort and breathability while maintaining its shape after multiple washes. it has a cozy, oversized fit that can be worn loosely for a relaxed vibe or cinched at the waist for a more defined look. its casual style makes it versatile enough to pair with jeans, shorts, skirts, or pants for everyday wear. the hooded design provides warmth and protection from the elements, making it suitable for all seasons. this piece adds an effortless chic touch to any outfit, perfect for those who prefer understated elegance."
58c377c6-ba4d-51d0-a52e-cb429fe6359d,webp,female,top,jacket,sport,light grey with silver accents,all-seasons,fabric blend,"this sporty calvin klein sweatshirt jacket features a cozy, lightweight fabric blend that offers comfort and versatility for everyday wear. the light grey base color with subtle silver accents adds an elegant touch while maintaining a casual vibe. its relaxed fit and slightly oversized cut provide ample room for layering under outerwear during cooler months or as a standalone piece on milder days. this jacket can be paired effortlessly with jeans, leggings, or skirts for both casual and sporty looks. it exudes a modern and chic appeal suitable for various occasions."
a7c80717-ead0-52c5-bdab-735c1f40d43e,webp,female,top,sweater,classic,black,all-seasons,wool,this elegant black sweater features a sophisticated collar and functional buttons running down the front. it boasts a timeless classic style that can effortlessly transition from everyday wear to more formal occasions. the subtle texture of the wool adds warmth and comfort while maintaining a polished appearance. this versatile piece can be paired with skinny jeans for a casual yet chic look or worn with tailored trousers and heels for a smart ensemble.
ac94c6a5-7144-5ed2-a924-97cd9057a339,webp,female,top,shirt,casual,camel,all-seasons,cotton,"this oversized shirt in camel features a relaxed fit and a loose, bohemian style. the fabric is made from soft, breathable cotton, ensuring comfort throughout the day. its unique shape allows for versatility in styling, whether paired with skinny jeans for a casual look or layered under a blazer for a more polished vibe. the camel shade adds warmth and sophistication to any outfit, making it an ideal choice for both autumn and winter seasons."
06c1de1f-1473-503e-9b14-cc0cf9fc2e0d,webp,female,top,polo shirt,classic,darkslategray with green stripes and white and blue accents,all-seasons,cotton,"this darkslategray polo shirt features a sophisticated classic style with subtle yet striking green stripes interspersed with delicate white and blue accents. the cut and silhouette provide a timeless fit that compliments both casual and business-appropriate settings. made from high-quality cotton, this piece offers comfort and durability while maintaining an elegant appearance. ideal for layering under blazers during autumn or spring seasons, pairing effortlessly with trousers or skirts for a polished look. its versatile nature allows it to transition seamlessly between work environments and social occasions."
fe8b808f-719d-5a94-af4a-c6082ab6d608,webp,female,top,shirt,classic,black,all-seasons,cotton,"this classic long-sleeved shirt is made from high-quality cotton fabric, offering both comfort and durability. its elegant black color allows for versatile styling options across various occasions. the long sleeves provide coverage and warmth while maintaining a sleek appearance. it can be paired with skinny jeans for a casual look or dressed up with slacks and heels for a more formal setting. this piece exudes sophistication and versatility, making it an essential addition to any woman's wardrobe."
1a2bc382-5164-572a-8281-696b49c798ef,webp,female,top,blouse,casual,white with silver accents,all-seasons,knitwear,"this delicate and elegant silver-the-white blouse is crafted from a soft and lightweight knit fabric that offers maximum comfort. its design features a graceful drape at the back, adding an airy, sophisticated touch. ideal for everyday wear, this versatile piece can be effortlessly styled with jeans, skirts, or trousers. it enhances your look by showcasing a subtle hint of silver, making it both trendy and timeless. perfect for casual outings, dates, or workdays where you desire a chic yet understated appearance."
ea31844e-11c0-5c4c-9139-c68ac1aafba4,webp,female,top,tank top,casual,white with silver accents,all-seasons,cotton,"this silver-tone embellished white tank top features a scooped neckline, offering an elegant yet casual look. made from soft cotton fabric, this top provides comfort while showcasing a contemporary design. the subtle silver detailing adds sophistication and shine, making it versatile for both daytime and evening wear. ideal for layering under blazers or dresses, this piece can be paired with skinny jeans, shorts, or skirts for effortless style. its sleek scoop-neckline accentuates the shoulders and décolletage, enhancing your figure."
3053d024-4f11-5fd2-aa58-5283a12de323,webp,female,top,blouse,classic,darkslategray with black accents,all-seasons,polyester,"this darkslategray and black blouse features a sophisticated scoop neckline that cascades gracefully down the front and continues with a complementary scooped back design. made from durable polyester fabric, this piece offers both comfort and style. the subtle interplay between the dark slate gray base and black accents adds an elegant touch. this versatile top can be worn for formal occasions such as business meetings or casual evenings where elegance is desired. its flattering silhouette enhances the figure while its modern cut ensures ease of movement. it pairs effortlessly with various bottoms like skirts, pants, or dresses, making it an indispensable addition to your wardrobe."
ddc6fd0e-68d5-5c1c-b97b-a10191978a5f,webp,female,top,shirt,classic,saddlebrown with maroon accents,all-seasons,cotton,"this elegant saddlebrown and maroon shirt features a refined collar and long sleeves, creating a sophisticated yet versatile piece for everyday wear. the subtle maroon accents add depth and character to the overall look, making this shirt an excellent choice for both formal and casual occasions. its classic style makes it suitable for office settings, dinners, or even special events. the comfortable cotton fabric ensures breathability and comfort throughout the day. this shirt can be paired with skinny jeans for a modern look or layered under a blazer for a more polished appearance."
