path,outfit,gender,category,style,color,season,material,description,error,category_group,uuid,ext
outfits/male/outfit_001/17c7dee4-965c-458e-a497-9166998d3bf8.jpg,outfit_001,male,jacket,classic,dark olive green with brown accents,autumn,leather with fur trim,"This dark olive green jacket exudes sophistication and warmth with its luxurious fur collar. The richness of the deep green hue complements the understated elegance of the fur detail, creating a refined appearance that effortlessly transitions from daytime casual wear to evening events. Its leather construction ensures durability and comfort while offering a cozy feel in colder weather. The classic style allows it to pair well with various outfits such as slacks, chinos, or jeans, making it versatile enough for both formal and informal occasions. Whether worn alone or layered over a sweater, this jacket adds depth and character to any outfit.",,outerwear,17c7dee4-965c-458e-a497-9166998d3bf8,jpg
outfits/male/outfit_001/8fd4e04d-22bb-49a8-b7c6-73856f79bd59.jpg,outfit_001,male,shoe,classic,darkslategray with purple sueded texture,all-seasons,sueding,"These elegant men's shoes exude sophistication and understated luxury with their darkslategray base and accentuating purple sueding finish. The sleek, minimalistic design showcases a clean-cut silhouette that emphasizes a timeless classic style. These shoes feature a smooth yet tactile sueding texture on the upper, which adds depth and visual interest while maintaining comfort and durability. Perfectly suited for formal occasions or smart-casual events, they pair effortlessly with tailored suits, chinos, or dress pants, creating a polished look. Their versatile nature allows them to transition seamlessly from daytime meetings to evening gatherings, making them an essential addition to any man's wardrobe.",,footwear,8fd4e04d-22bb-49a8-b7c6-73856f79bd59,jpg
outfits/male/outfit_001/bbb7c5c5-9407-407a-9bfd-7e2253eff0b3.jpg,outfit_001,male,sweater,classic,tan with beige accents,all-seasons,wool blend,"This tan and beige sweater features a classic style with long sleeves and a buttoned collar. Made from a wool blend, it offers warmth and comfort while maintaining a sophisticated appearance. The subtle tan and beige tones create a versatile piece that pairs well with various outfits. It has a medium weight fabric, allowing it to be worn in both cooler autumn evenings and mild winter days. Its classic design makes it suitable for both casual and semi-formal occasions. Pair it with chinos or slacks for a smart-casual look, or layer it under a suit jacket for a more formal ensemble. The buttoned collar adds a touch of elegance and allows you to adjust the fit by loosening or tightening the buttons.",,top,bbb7c5c5-9407-407a-9bfd-7e2253eff0b3,jpg
outfits/male/outfit_001/f58e7635-a5e8-4a88-b99f-c9a11e6d5f21.jpg,outfit_001,male,suit,classic,darkslategray with navy accents and white shirt,all-seasons,wool blend,"This darkslategray navy suit features a sharp cut and elegant silhouette designed for formal occasions. The fabric is a luxurious wool blend that offers comfort and durability while maintaining its shape over time. Accented by a classic belt and paired perfectly with a crisp white shirt, this ensemble exudes sophistication and confidence. Ideal for business meetings, weddings, or special events, the suit can also be adapted for more casual settings by pairing it with a sweater instead of a dress shirt. Its understated yet sophisticated design makes it versatile enough to complement various accessories such as a tie, pocket square, or cufflinks.",,outerwear,f58e7635-a5e8-4a88-b99f-c9a11e6d5f21,jpg
outfits/male/outfit_002/2ba93f2c-8d36-421b-8234-101c66e9a124.jpg,outfit_002,male,sneaker,casual,"darkslategray with black, white, and tan soles",all-seasons,synthetic,"These darkslategray sneaks feature a sophisticated design that effortlessly bridges style and functionality. The upper is crafted from high-quality synthetic materials in a deep darkslategray hue, offering both durability and comfort. The shoes boast a unique aesthetic with a combination of black, white, and tan soles, adding a playful touch while maintaining a refined appearance. Ideal for casual settings such as daily commutes, leisurely walks, or even informal social gatherings, these sneakers pair effortlessly with a variety of outfits. Whether paired with jeans, chinos, or cargo pants, they provide a stylish yet versatile option for everyday wear.",,footwear,2ba93f2c-8d36-421b-8234-101c66e9a124,jpg
outfits/male/outfit_002/3550491f-8736-47b1-9fa0-577f58f771a4.jpg,outfit_002,male,trousers,classic,darkslategray with black accents,all-seasons,wool blend,"These darkslategray wool blend trousers exude understated sophistication and elegance. Crafted from a luxurious blend of wool and a touch of synthetic fibers, they offer both comfort and durability while maintaining a refined appearance. The dark slate gray hue pairs effortlessly with various tones, making them versatile enough for everyday wear as well as formal occasions. Their classic fit ensures that these trousers complement any tailored shirt or blazer perfectly, creating a polished and professional look. The subtle black accents add depth and interest, adding character to your ensemble. Whether paired with a crisp button-down shirt for work or layered over a casual sweater on weekends, these trousers will enhance any outfit, elevating your style.",,bottom,3550491f-8736-47b1-9fa0-577f58f771a4,jpg
outfits/male/outfit_002/587680cc-5615-4d6b-b6ef-cdb7daef2075.jpg,outfit_002,male,jacket,classic,saddlebrown with red and white stripes,all-seasons,leather,"This elegant saddlebrown leather jacket features subtle yet striking red and white stripes running along its length, creating a sophisticated contrast that adds visual interest. The classic silhouette boasts a well-tailored fit, with medium width shoulders and slightly tapered sleeves that complement a variety of body types. Its smooth leather texture offers both durability and comfort, making it versatile enough for everyday wear as well as special occasions. Pair it with tailored trousers for a smart-casual look, or dress it down with jeans and a casual shirt for a more relaxed vibe. This jacket exudes understated sophistication and can easily transition from daytime errands to evening events.",,outerwear,587680cc-5615-4d6b-b6ef-cdb7daef2075,jpg
outfits/male/outfit_002/c51d2832-d055-4b8d-b226-a54bf6c543f7.jpg,outfit_002,male,sweater,casual,light gray with white accents,all-seasons,wool blend,"This light gray sweater features a subtle white accent in the form of buttons on the collar, adding a touch of elegance while maintaining a casual vibe. The cut is slightly oversized, offering comfort and versatility. Its soft wool blend material ensures warmth and durability throughout various seasons. It pairs well with chinos or jeans for a relaxed look during autumn or spring, or even under a lightweight jacket for winter. For summer, layering it over a T-shirt creates a cozy yet sophisticated ensemble.",,top,c51d2832-d055-4b8d-b226-a54bf6c543f7,jpg
outfits/male/outfit_003/a360d80f-ace8-40cd-9cae-5b59027cc359.jpg,outfit_003,male,jacket,sport,darkslategray with black accents,winter,synthetic insulation,"This darkslategray men's puffer jacket features a contemporary sport style with a bold and distinctive color palette. The main body is predominantly darkslategray, complemented by strategic black accents that add depth and sophistication. It boasts a fully functional hood for added warmth and protection from wind and rain. The jacket utilizes synthetic insulation for maximum comfort and breathability during cold weather conditions. Its streamlined design offers a modern silhouette, making it versatile enough for both casual weekend activities and more formal outdoor events. This piece pairs well with relaxed denims, chunky boots, and graphic tees for a chic yet practical look. Its cozy fit and lightweight construction ensure ease of movement while maintaining warmth.",,outerwear,a360d80f-ace8-40cd-9cae-5b59027cc359,jpg
outfits/male/outfit_003/a841d7e3-c41e-449a-9e6f-ad02ba739366.jpg,outfit_003,male,jeans,casual,black,all-seasons,denim,"These black skinny jeans are a perfect example of modern casual style. Crafted from high-quality denim, they feature a slim fit that hugs the legs closely while still offering comfort. The straight-leg design ensures a clean and classic look that pairs well with both formal and informal outfits. With their timeless black hue, these jeans can easily transition between seasons and occasions. Whether you're headed to work, running errands, or simply hanging out with friends, these jeans will add sophistication and versatility to your everyday wardrobe. They also boast a slightly distressed finish for added character and a vintage-inspired appeal. These jeans are versatile enough to be worn alone with a simple tee or layered under a sweater or blazer for a more sophisticated vibe.",,bottom,a841d7e3-c41e-449a-9e6f-ad02ba739366,jpg
outfits/male/outfit_003/c29c0060-f4c0-4012-814e-6ecd91209f20.jpg,outfit_003,male,boot,classic,darkslategray with black accents,all-seasons,leather with rubber sole,"These darkslategray boots feature a classic design with a supple black leather upper that exudes sophistication and understated elegance. The durable rubber sole ensures comfort and grip on various terrains, making them suitable for both city strolls and casual outings. The contrasting black detailing adds a subtle touch of refinement. These boots pair effortlessly with jeans, chinos, or tailored trousers, creating a smart-casual look that transitions seamlessly from daytime to evening events.",,footwear,c29c0060-f4c0-4012-814e-6ecd91209f20,jpg
outfits/male/outfit_003/e7a99b14-c023-45bb-80fc-6e40b9e0eb7d.jpg,outfit_003,male,sweater,classic,gray,all-seasons,wool,"This classic gray turtle-neck sweater exudes understated sophistication and elegance. Made from high-quality wool, it offers exceptional warmth and softness against the skin. The smooth texture and minimalistic design make it versatile enough to transition effortlessly between formal and casual settings. Its sleek turtle-neck detail provides a subtle yet sophisticated touch that complements both business attire and everyday wear. Pair it with tailored trousers for a smart-casual look or layer it over a button-down shirt for a polished vibe. It also works well under a suit jacket for a more refined appearance. With its neutral tone, this sweater blends seamlessly into various outfits, creating a cohesive and timeless ensemble.",,top,e7a99b14-c023-45bb-80fc-6e40b9e0eb7d,jpg
outfits/male/outfit_004/32e5ed57-b6f4-4259-8e2d-977e2540dc44.jpg,outfit_004,male,pants,casual,darkslategray with black,all-seasons,cotton twill,"These Stone Island darkslategray cargo pants feature a classic casual style that effortlessly transitions between everyday wear and weekend outings. Crafted from durable cotton twill fabric, they offer comfort and durability while maintaining a refined appearance. The cargo pant design includes multiple pockets on both sides and back, providing ample storage space for your essentials. With its slightly tapered leg and straight fit, these pants create a clean and modern silhouette. The dark slate gray color offers versatility, pairing well with a variety of tops and shoes. These pants are perfect for layering under jackets during colder months or worn alone in warmer weather. For a polished look, pair them with a button-down shirt and loafers for a business-casual vibe, or go for a more relaxed vibe by teaming them with a tee and sneakers.",,bottom,32e5ed57-b6f4-4259-8e2d-977e2540dc44,jpg
outfits/male/outfit_004/a289b9f6-7ea9-4ce9-b25e-567c0815e159.jpg,outfit_004,male,sneakers,sport,darkslategray black,all-seasons,leather,"These darkslategray-black leather sneakers feature clean lines and premium craftsmanship. The sleek design showcases contrasting dark gray and black hues that exude sophistication and understated elegance. With durable laces, these shoes offer comfort and style suitable for both casual and sporty occasions. Their versatile nature allows them to pair effortlessly with jeans, chinos, and even tailored pants for a polished look. Whether you're running errands or hitting the gym, these sneakers provide a modern twist on classic footwear.",,footwear,a289b9f6-7ea9-4ce9-b25e-567c0815e159,jpg
outfits/male/outfit_004/f8fdb877-c4a7-433a-a21a-ad7589e8ac27.jpg,outfit_004,male,t-shirt,casual,gray,all-seasons,cotton,"This cozy gray t-shirt features a relaxed fit and soft cotton fabric that offers comfort and breathability. The cut is slightly oversized, providing ample room for layering or wearing alone. Its simple yet versatile design makes it perfect for both casual everyday wear and more laid-back occasions. Pair it with jeans or chinos for a casual look, or dress it up with tailored pants and a blazer for a more sophisticated vibe. The gray hue complements various colors in your wardrobe, making it easy to mix and match with shirts, jackets, or cardigans.",,top,f8fdb877-c4a7-433a-a21a-ad7589e8ac27,jpg
outfits/male/outfit_005/0f1c63d5-94e6-4f22-a470-ded95fcbc980.jpg,outfit_005,male,jacket,casual,lightslategray with green accents,autumn,fabric,"This lightslategray padded jacket with green accents features a cozy hood and a functional zipper closure. The jacket's oversized silhouette provides ample warmth and comfort while maintaining a relaxed yet stylish appearance. Its padded construction offers excellent insulation against cooler autumn days. The green accents add a contemporary touch that makes it versatile enough for both casual weekends and informal weekday outings. Pair it with skinny jeans or chinos for a chic urban look, or layer it under a dressier top for a more polished vibe. It creates a sense of sophistication combined with practicality.",,outerwear,0f1c63d5-94e6-4f22-a470-ded95fcbc980,jpg
outfits/male/outfit_005/189b3bd5-a7e8-40e8-a80e-a1881aca2a15.jpg,outfit_005,male,boot,casual,darkslategray with black accents,all-seasons,leather,"The North Peak Boot is a stylish and versatile footwear option that exudes both ruggedness and sophistication. Crafted from high-quality leather, these boots offer exceptional durability and comfort. The darkslategray base color pairs beautifully with understated black accents, creating a contemporary and timeless look. These boots feature a slightly elevated heel and a durable rubber sole, ensuring both style and functionality. They are perfect for casual weekend outings, urban exploration, or even pairing with smarter attire for work or special events. Their sleek design allows them to effortlessly blend into various outfits, making them a must-have addition to any man's wardrobe.",,footwear,189b3bd5-a7e8-40e8-a80e-a1881aca2a15,jpg
outfits/male/outfit_005/81b98d87-59f0-42b8-9eda-ea85a633d67f.jpg,outfit_005,male,trousers,classic,black,all-seasons,wool blend,"These black cropped trousers are crafted from a luxurious blend of wool, offering both warmth and durability throughout various seasons. The cropped length provides a modern and trendy silhouette that adds a fresh touch to any outfit. With their clean lines and sleek design, these trousers effortlessly elevate your style while maintaining a classic appeal. The subtle texture of the wool blend gives them a refined look, making them suitable for both formal and casual occasions. Pair them with a crisp button-down shirt for a polished business ensemble or opt for a relaxed tee and blazer for a more laid-back vibe. These versatile trousers will seamlessly integrate into your existing wardrobe, enhancing your personal style and creating multiple outfit possibilities.",,bottom,81b98d87-59f0-42b8-9eda-ea85a633d67f,jpg
outfits/male/outfit_005/e2cc2668-c9dc-428e-9fa0-fcc37a7980cd.jpg,outfit_005,male,sweater,classic,darkslategray,all-seasons,knitwear,"This darkslategray sweater features a classic rib-knit texture that adds both comfort and style. The deep shade of gray compliments almost any outfit while providing a sophisticated touch. Its versatile nature makes it suitable for both casual and semi-formal occasions. It pairs well with chinos, trousers, or even jeans for a relaxed look. Alternatively, it can be layered under a blazer for a more formal ensemble. With its cozy yet elegant design, this sweater will effortlessly enhance your everyday outfits.",,top,e2cc2668-c9dc-428e-9fa0-fcc37a7980cd,jpg
outfits/male/outfit_006/3e5b76f9-f198-4925-ae2c-a998a5ac194a.jpg,outfit_006,male,sweater,casual,dark gray with red stripe,all-seasons,wool blend,"This dark gray sweater features a bold red stripe running down the center of the chest, adding a dynamic pop of color to its classic design. Made from a wool blend, it offers both comfort and warmth while maintaining a sophisticated look. The sweater has a relaxed fit, perfect for layering under jackets or as a standalone piece during cooler months. Its casual style makes it versatile enough for everyday wear, pairing well with jeans, chinos, or even dress pants. The red stripe provides an unexpected touch that elevates the overall aesthetic, making it ideal for both informal occasions and more laid-back business settings.",,top,3e5b76f9-f198-4925-ae2c-a998a5ac194a,jpg
outfits/male/outfit_006/40923f4f-6860-450c-b634-373f44851894.jpg,outfit_006,male,vest,classic,black,all-seasons,cotton blend,"This classic black cord vest features a sleek design with a zipper closure and a zippered collar, showcasing modern detailing. The cozy yet sophisticated fabric provides comfort while maintaining a polished appearance. Ideal for layering under jackets or sweaters during autumn or winter months, it pairs effortlessly with both casual and formal bottoms such as jeans, chinos, or trousers. Its versatile nature allows it to transition from everyday wear to more formal occasions when paired with dress pants and a button-down shirt.",,top,40923f4f-6860-450c-b634-373f44851894,jpg
outfits/male/outfit_006/79108cc2-fc6b-4dcc-8540-7234b0c0c3aa.jpg,outfit_006,male,t-shirt,casual,dark gray with white accents,all-seasons,cotton,"This dark gray t-shirt features a simple yet elegant design with a classic round neckline and short sleeves. The subtle white accents add a touch of sophistication while maintaining a casual vibe. Made from high-quality cotton, this shirt is breathable and comfortable for everyday wear. It pairs well with jeans for a laid-back look or trousers for a more polished appearance. Its versatile nature makes it suitable for both formal and informal occasions, allowing you to create a variety of outfits depending on your mood and setting.",,top,79108cc2-fc6b-4dcc-8540-7234b0c0c3aa,jpg
outfits/male/outfit_006/91bc1a0a-a571-4a18-a410-b7cf396025d4.jpg,outfit_006,male,jeans,classic,black,all-seasons,denim,"These classic black jeans feature a timeless style that effortlessly complements any outfit. The premium denim fabric offers durability and comfort while maintaining a sleek appearance. The subtle button detail at the back adds a touch of sophistication without being overly decorative. These jeans are versatile enough to pair with both casual and formal tops, making them perfect for everyday wear as well as special occasions. Their dark hue provides a clean canvas for experimenting with various styles and accessories.",,bottom,91bc1a0a-a571-4a18-a410-b7cf396025d4,jpg
outfits/male/outfit_006/ad6f6e06-9203-47d1-817f-4d158bee50a5.jpg,outfit_006,male,sneaker,casual,darkslategray with black accents,all-seasons,leather with rubber sole,"These darkslategray leather sneaks feature a bold and striking color that adds sophistication to any outfit. The matte finish of the leather provides a refined look while the subtle black accents enhance its style. With a durable rubber sole, these shoes offer both comfort and practicality for everyday wear. Perfect for pairing with casual jeans, chinos, or even smarter attire like trousers, they create a versatile addition to your shoe collection. Whether you're running errands, heading to work, or simply relaxing at home, these sneaks provide comfort and style in equal measure.",,footwear,ad6f6e06-9203-47d1-817f-4d158bee50a5,jpg
outfits/male/outfit_007/0c1fcdcc-10bb-48b7-ad27-dd6dfaf91700.jpg,outfit_007,male,shirt,classic,white with silver details,all-seasons,cotton,"This elegant silver-trimmed white shirt features a classic button-down collar and long sleeves, creating a sophisticated yet versatile addition to any man's wardrobe. The subtle silver detailing adds a modern touch while maintaining a timeless appeal. Ideal for both formal and casual occasions, this shirt pairs effortlessly with slacks, chinos, or jeans for a polished look. Its lightweight cotton fabric ensures comfort throughout the day, making it suitable for year-round wear. Pair it with a dark suit for a smart office ensemble or layer it under a blazer for a more relaxed yet stylish vibe.",,top,0c1fcdcc-10bb-48b7-ad27-dd6dfaf91700,jpg
outfits/male/outfit_007/1ac6accc-3814-4ca4-a6ff-14c744c0f33a.jpg,outfit_007,male,suit,classic,black,all-seasons,wool,"This classic black suit is crafted from high-quality wool fabric, providing both comfort and elegance. The suit features a traditional two-button design, offering a sophisticated and versatile look that can be worn in various settings. The slightly tapered legs create a streamlined silhouette, while the straight-cut jacket complements its timeless style. Accented by a matching black belt, this suit exudes understated sophistication and can easily be paired with a crisp button-down shirt, tie, and polished shoes for a formal event. Alternatively, it can be dressed down with a simple white tee and loafers for a more casual yet refined appearance.",,outerwear,1ac6accc-3814-4ca4-a6ff-14c744c0f33a,jpg
outfits/male/outfit_007/3c0f16ff-298f-4d3e-b184-f72e9e9e71cb.jpg,outfit_007,male,boot,classic,black,all-seasons,leather,"These sleek and sophisticated Chelsea boots are crafted from premium full-grain leather, offering both style and durability. The classic design features a slightly pointed toe and a low heel, creating a timeless look that complements both casual and formal ensembles. With their supple texture and clean lines, these boots are perfect for everyday wear while still making a statement. They pair effortlessly with jeans, chinos, trousers, and even dresses, allowing you to create versatile outfits suitable for various occasions. Whether you're heading to work, running errands, or attending social events, these Chelsea boots will elevate your outfit and add a touch of elegance.",,footwear,3c0f16ff-298f-4d3e-b184-f72e9e9e71cb,jpg
outfits/male/outfit_007/3e5b76f9-f198-4925-ae2c-a998a5ac194a.jpg,outfit_007,male,sweater,casual,dark gray with red stripe,all-seasons,wool blend,"This dark gray sweater features a subtle yet striking red stripe running across the chest, adding a touch of sophistication and visual interest. The classic fit ensures comfort while maintaining a polished appearance. Ideal for layering under jackets during autumn evenings or pairing with casual trousers and chinos in springtime. Its versatile nature allows it to transition seamlessly between formal and informal settings, making it a must-have piece for any man's wardrobe. Pair it with jeans for a relaxed weekend look or dress it up with slacks for a more refined office vibe.",,top,3e5b76f9-f198-4925-ae2c-a998a5ac194a,jpg
outfits/male/outfit_007/72509092-b23c-48f4-b412-4b89a22a1e6a.jpg,outfit_007,male,shirt,classic,black,all-seasons,cotton,"This elegant black shirt features a classic design with sharp lines and clean aesthetics. Made from high-quality cotton, it offers comfort and durability while maintaining a sophisticated look. The straight-cut silhouette ensures that it looks smart when paired with tailored trousers or chinos. Its subtle sheerness allows light to pass through slightly, adding a touch of sophistication to formal or semi-formal occasions. This versatile piece can easily transition between office settings and more casual evenings, creating a polished yet understated impression.",,top,72509092-b23c-48f4-b412-4b89a22a1e6a,jpg
outfits/male/outfit_008/0137e632-f4f8-41f1-99e5-df6c631dc00b.jpg,outfit_008,male,jeans,classic,dark blue with black detailing,all-seasons,denim,"These classic jeans feature a timeless dark blue wash with subtle black detailing that adds sophistication and depth. The cut is true-to-size with a straight leg silhouette, offering comfort and versatility. The fabric is durable denim, perfect for everyday wear while maintaining a polished look. These jeans are ideal for creating both casual and business-appropriate outfits. Pair them with a crisp button-down shirt for a smart-casual ensemble or layer over a graphic tee for a relaxed vibe. Their all-season appeal makes them essential for your wardrobe, providing versatility year-round.",,bottom,0137e632-f4f8-41f1-99e5-df6c631dc00b,jpg
outfits/male/outfit_008/8008b3bb-22e9-4356-91c5-c748e641d480.jpg,outfit_008,male,sweater,classic,black with navy accents,all-seasons,wool blend,"This black and navy turtle-neck sweater exudes understated sophistication and elegance. Made from a luxurious wool blend, it boasts a classic, tailored fit that enhances the wearer's natural physique. The subtle navy accents add depth and interest, making it versatile enough for both formal and casual occasions. Pair it with skinny jeans or chinos for a polished look, or layer it over a button-down shirt for a smart-casual vibe. Its smooth texture and slightly textured pattern create a sophisticated impression, perfect for both daytime events and evenings out.",,top,8008b3bb-22e9-4356-91c5-c748e641d480,jpg
outfits/male/outfit_008/8dc0abf1-01ac-4147-a319-4af5b2dd9453.jpg,outfit_008,male,hiking boots,sport,darkslategray,all-seasons,"nylon, rubber sole","These darkslategray hiking boots are designed specifically for men who seek both style and performance in outdoor adventures. Crafted from durable nylon materials that provide strength and comfort, these boots offer exceptional breathability and water resistance. The rubber soles ensure traction on various terrains while maintaining grip even in wet conditions. With their classic lace-up design, they boast a cozy yet sophisticated silhouette perfect for both casual weekend hikes and formal events. These boots come equipped with padded collars and tongues for enhanced comfort during long treks. They pair effortlessly with jeans, chinos, or khakis for a polished urban outdoors look. Whether you're exploring nature trails or navigating city streets, these versatile boots will elevate your overall appearance while providing unwavering support.",,footwear,8dc0abf1-01ac-4147-a319-4af5b2dd9453,jpg
outfits/male/outfit_008/cd44baf3-33a4-489d-b185-d92c3e7601c1.jpg,outfit_008,male,vest,classic,darkslategray with navy accents,all-seasons,wool blend,"This darkslategray navy vest features a classic style with a sophisticated touch. Crafted from a wool blend fabric, it offers both warmth and durability suitable for various occasions throughout the year. The zipper closure provides ease of wear while showcasing a subtle navy accent along the edges. Its understated yet elegant design makes it versatile enough to pair with casual slacks and button-down shirts during spring and autumn, as well as more formal trousers and jackets in winter. It exudes a timeless appeal that complements traditional suits while adding depth to modern ensembles.",,top,cd44baf3-33a4-489d-b185-d92c3e7601c1,jpg
outfits/male/outfit_008/f25ecdce-bfd6-4d1c-a44d-7c02256e9d19.jpg,outfit_008,male,t-shirt,casual,dimgray with white accents,all-seasons,cotton,"This drably elegant men's t-shirt features a subtle blend of dark gray and white hues, creating a sophisticated yet understated aesthetic. The round-neck design provides comfort while allowing for easy layering options, making it versatile for both formal and casual settings. Its short-sleeve length adds a modern touch, offering breathability in warmer climates. The fabric is soft and lightweight, ensuring maximum comfort throughout the day. Ideal for pairing with jeans, chinos, or khakis, this t-shirt can also be dressed up by combining it with a suit jacket or blazer for a polished look. It exudes a timeless appeal that appeals to those seeking elegance without drawing attention.",,top,f25ecdce-bfd6-4d1c-a44d-7c02256e9d19,jpg
outfits/male/outfit_009/136b25c1-ca92-4de8-85c9-12e826f36984.jpg,outfit_009,male,jeans,casual,darkslateblue,all-seasons,denim,"These darkslateblue jeans exude a sophisticated yet relaxed vibe. Crafted from durable denim fabric, they boast a classic straight-leg fit that skims the body smoothly while maintaining comfort. The subtle hue of darkslateblue adds a touch of elegance and sophistication to any outfit. These jeans are perfect for everyday wear—pair them with a crisp button-down shirt for a casual-but-chic look, or layer them under a blazer for a more formal ensemble. Their versatile nature makes them suitable for both daytime activities and evening events alike.",,bottom,136b25c1-ca92-4de8-85c9-12e826f36984,jpg
outfits/male/outfit_009/923bcf6b-5334-4277-bcae-1c5e68b5efc5.jpg,outfit_009,male,shoe,classic,darkslategray with brown sueding and black sole,all-seasons,leather sueding,"These darkslategray shoes feature a classic design with a touch of sophistication due to their elegant brown sueding texture. The brown sueding adds depth and character while maintaining a refined appearance. The contrasting black sole provides stability and enhances the overall look by creating a striking balance between neutral tones. These shoes pair effortlessly well with formal trousers, chinos, or even casual jeans, making them versatile enough for both office wear and weekend outings. Their sleek silhouette complements various styles, from smart-casual ensembles to more polished looks.",,footwear,923bcf6b-5334-4277-bcae-1c5e68b5efc5,jpg
outfits/male/outfit_009/9dd5502a-bf73-4c43-9567-f2c7d166af98.jpg,outfit_009,male,sweater,classic,camel,all-seasons,wool,"This Peruvian camel sweater features a classic round-neck design and long sleeves, offering comfort and style. Made from high-quality wool, it boasts a luxurious texture that feels soft against the skin while maintaining warmth in cooler weather. The subtle earthy tone of camel adds elegance and versatility to any outfit, making it perfect for both casual and semi-formal occasions. Pair it with dark jeans for a smart-casual look or layer it under a suit jacket for a polished appearance. Its timeless appeal ensures it will remain a staple in your wardrobe season after season.",,top,9dd5502a-bf73-4c43-9567-f2c7d166af98,jpg
outfits/male/outfit_010/23b5190b-d3fc-42bc-a791-82d30fd43d28.jpg,outfit_010,male,parka,classic,darkslategray with navy accents,autumn,fabric with faux fur trim,"This darkslategray navy parka features a sophisticated classic style with a subtle yet striking contrast between its dark base and navy accents. It boasts a cozy faux hood that provides both functionality and elegance, while the luxurious fur collar adds warmth and an elegant touch. Made from high-quality fabric with faux fur trim, this parka offers exceptional comfort and style. Its clean lines and minimalistic design make it versatile enough to pair with various outfits, whether it's casual weekend wear or smart city outings. The parka's durable construction ensures long-lasting performance in autumn weather conditions. Perfect for creating a chic, understated look, this piece will add sophistication to your outerwear collection.",,outerwear,23b5190b-d3fc-42bc-a791-82d30fd43d28,jpg
outfits/male/outfit_010/84ddb7a3-557f-4ce9-88ab-e17ffcdd3f1c.jpg,outfit_010,male,boot,casual,darkslategray with black and brown,all-seasons,leather,"These darkslategray black leather boots feature a modern design with a unique blend of materials, combining the elegance of leather with the functionality of a laced closure. The boot has a slightly pointed toe and a medium heel, offering both comfort and style. The contrasting brown sole adds depth and character to the overall appearance. These boots are versatile enough to pair with casual outfits like jeans and a tee, as well as more formal ensembles such as chinos and a blazer. They create a sophisticated yet rugged impression, making them perfect for everyday wear in various settings.",,footwear,84ddb7a3-557f-4ce9-88ab-e17ffcdd3f1c,jpg
outfits/male/outfit_010/a345be4c-09f6-4a67-9fd2-494203835a3c.jpg,outfit_010,male,pants,classic,darkslategray with black and white accents,all-seasons,denim,"These darkslategray men's pants feature a classic style with a sharp silhouette that flatters any figure. The main body of the pants is made from high-quality denim fabric, offering durability and comfort. A distinguishing feature is the inclusion of both black and white waistbands, which add a contemporary touch while also providing functional benefits such as ease in wearing belts or other accessories. These pants can be worn casually with a simple T-shirt and sneakers for everyday wear, or dressed up with a button-down shirt and dress shoes for a more formal occasion. Their versatile nature makes them suitable for various seasons, ensuring they remain part of your wardrobe year-round.",,bottom,a345be4c-09f6-4a67-9fd2-494203835a3c,jpg
outfits/male/outfit_010/c33d0d38-6f9f-4f1e-946a-ac6144ab186c.jpg,outfit_010,male,sweater,classic,dark gray,all-seasons,wool blend,"This dark gray turtle-neck sweater features a timeless classic style that effortlessly elevates any outfit. Made from a cozy wool blend fabric, it offers warmth and comfort while maintaining a sophisticated appearance. The sleek, straight-cut design allows for easy layering under jackets or blazers during colder months, or worn alone as a versatile standalone piece in warmer weather. Its smooth texture and subtle sheen add elegance, making it perfect for both casual evenings out and more formal occasions. Pair it with jeans and chinos for a relaxed yet polished look, or combine it with slacks and loafers for a smart-casual vibe.",,top,c33d0d38-6f9f-4f1e-946a-ac6144ab186c,jpg
outfits/male/outfit_011/0d8238d2-8d02-43cf-a949-619c7ea8e61b.jpg,outfit_011,male,trousers,classic,darkslategray with dark blue denim,all-seasons,denim,"These darkslategray denim trousers are crafted from a deep dark blue denim fabric that offers both durability and a sophisticated look. The classic style features a straight leg silhouette, which complements a variety of shoes and footwear options such as loafers, oxfords, or even casual sneakers. With its understated yet elegant appearance, these trousers pair well with tailored shirts, button-downs, or sweaters, creating a smart-casual ensemble perfect for work environments or weekend wear. The denim's natural texture adds a subtle rustic charm while maintaining a refined aesthetic. These trousers provide excellent comfort thanks to their lightweight construction and flexibility, making them suitable for everyday wear throughout various seasons.",,bottom,0d8238d2-8d02-43cf-a949-619c7ea8e61b,jpg
outfits/male/outfit_011/65851861-f2f0-4ef8-a19b-1445055fe830.jpg,outfit_011,male,sneakers,casual,darkslategray navy,all-seasons,sued,"These darkslategray navy sued sneakers embody understated sophistication and effortless style. Crafted from premium sued material, they boast a sleek and polished appearance that pairs seamlessly with both casual and semi-formal outfits. The smooth texture of the sued fabric adds a touch of luxury while maintaining durability and comfort. Ideally suited for everyday wear, these shoes are perfect for a variety of occasions ranging from weekdays at work to weekend getaways. Their classic design makes them versatile enough to complement trousers, chinos, jeans, or even shorts. To maximize versatility, consider pairing them with lighter fabrics during warmer months or layering them with thicker socks in colder weather.",,footwear,65851861-f2f0-4ef8-a19b-1445055fe830,jpg
outfits/male/outfit_011/da1317b9-75ee-4fbb-9e2f-af97bef45975.jpg,outfit_011,male,t-shirt,casual,white with silver detailing,all-seasons,cotton,"This silver-trimmed white t-shirt features a classic round neckline and short sleeves, making it versatile for everyday wear. The subtle yet striking silver trim around the collar and cuffs adds sophistication while remaining understated. Its lightweight cotton fabric ensures comfort throughout the day, whether worn alone as a base layer or paired with casual trousers or jeans. It pairs well with chinos, cargo pants, or even denim shorts, offering flexibility in both formal and relaxed settings. The simple design allows it to complement various accessories such as silver jewelry or neutral-colored bags, creating a polished look suitable for both workweek and weekend activities.",,top,da1317b9-75ee-4fbb-9e2f-af97bef45975,jpg
outfits/male/outfit_012/0e7291dc-a202-44e8-b091-86e95e5e8262.jpg,outfit_012,male,trousers,classic,darkslategray with charcoal accents,all-seasons,wool blend,"These cropped trousers are crafted from a luxurious wool blend that provides both comfort and durability. The deep darkslategray hue exudes sophistication and elegance, while subtle charcoal accents add depth and interest. The cropped length ensures a modern and tailored fit, making these trousers ideal for a variety of occasions. They pair effortlessly with a crisp button-down shirt for a business-casual look or can be styled with a bold sweater for a more relaxed vibe. Their classic style makes them versatile enough to transition seamlessly between daytime meetings and evening events.",,bottom,0e7291dc-a202-44e8-b091-86e95e5e8262,jpg
outfits/male/outfit_012/573c61b6-4d9a-478c-b2e1-c25f46ae8ef1.jpg,outfit_012,male,jacket,casual,black,all-seasons,stretchy fabric,"This black jacket is designed for maximum comfort and versatility. Made from a soft, stretchy fabric that molds to your body's contours, it offers both ease of movement and a flattering fit. The casual style makes it perfect for everyday wear, whether you're running errands, hanging out with friends, or simply chilling at home. Its unstructured design allows it to pair effortlessly with various bottoms such as jeans, chinos, or trousers. The sleek black color complements almost any outfit, making it an essential addition to any man's wardrobe.",,outerwear,573c61b6-4d9a-478c-b2e1-c25f46ae8ef1,jpg
outfits/male/outfit_012/810991e4-0160-4bff-8e3a-72a1823af633.jpg,outfit_012,male,sweater,classic,light gray with white accents,winter,wool,"This light gray cable-knit sweater features subtle white accents that add a touch of elegance and sophistication. The classic cable pattern provides texture and depth, creating a warm and cozy look perfect for chilly autumn and winter days. Its loose fit allows for maximum comfort while maintaining a refined appearance. Pair this sweater with dark jeans or khakis for a casual yet polished outfit, or dress it up with slacks and a button-down shirt for a more formal ensemble. The lightweight wool material ensures breathability and durability, making it versatile enough for layering under jackets or wearing alone. This piece evokes a sense of warmth, refinement, and timeless style.",,top,810991e4-0160-4bff-8e3a-72a1823af633,jpg
outfits/male/outfit_012/9684484f-bcd1-4ce7-87f5-c65015834d51.jpg,outfit_012,male,sneakers,casual,gray,all-seasons,leather,"These gray sneakers feature clean lines and a timeless design that exudes sophistication while maintaining a casual vibe. The lace-up closure adds versatility and allows for a custom fit. Made from high-quality leather, these shoes offer comfort and durability. They are suitable for everyday wear, perfect for pairing with jeans, chinos, or dress pants. These sneakers create a modern yet understated look, making them ideal for both workweek commutes and weekend excursions.",,footwear,9684484f-bcd1-4ce7-87f5-c65015834d51,jpg
outfits/male/outfit_013/43f0a4d2-7816-4bf8-ba9d-d55b8fb8fbf1.jpg,outfit_013,male,sweater,classic,dimgray with brown accents,all-seasons,wool blend,"This drab gray sweater features a sophisticated classic style with a refined collar and traditional buttons down the front. The subtle inclusion of warm brown accents adds depth and texture, creating a chic yet understated appearance. Ideal for both casual and business settings, this piece pairs effortlessly with trousers, slacks, or jeans for a polished look. Its versatile nature makes it suitable for year-round wear, transitioning seamlessly from autumn evenings to winter days. With its tailored fit and cozy warmth, this sweater will enhance your everyday wardrobe while showcasing your personal taste in style.",,top,43f0a4d2-7816-4bf8-ba9d-d55b8fb8fbf1,jpg
outfits/male/outfit_013/8d6e1907-7bdb-4fcc-984f-6f1a91d3c765.jpg,outfit_013,male,boot,classic,black,all-seasons,sued,"These classic Chelsea boots are made from premium black sued material, offering both style and comfort. The sleek design features a smooth upper with a subtle texture that enhances its appearance. The lace-up closure provides a custom fit while also adding to the traditional appeal. These boots are versatile enough to pair with casual outfits like jeans and chinos, as well as dressier ensembles such as slacks and suits. Their all-seasons nature makes them suitable for various weather conditions, making them a must-have addition to any man's wardrobe.",,footwear,8d6e1907-7bdb-4fcc-984f-6f1a91d3c765,jpg
outfits/male/outfit_013/a14dd25e-8304-4b54-a59e-ed3e1b6bf6a9.jpg,outfit_013,male,cargo pants,classic,darkslategray with navy undertones,all-seasons,denim,"These darkslategray cargo pants embody the classic style of a timeless staple in men's apparel. Made from durable denim fabric, they offer comfort and versatility suitable for both casual and semi-formal occasions. The pants feature multiple functional pockets, providing ample storage space for everyday essentials while maintaining a sophisticated appearance. The subtle navy undertones enhance the depth and sophistication of the dark gray shade, making them versatile enough to pair with a variety of tops, shirts, and jackets. Whether worn casually with a tee and sneakers for weekend outings or paired with a button-down shirt and loafers for work, these cargo pants effortlessly transition between different settings.",,bottom,a14dd25e-8304-4b54-a59e-ed3e1b6bf6a9,jpg
outfits/male/outfit_014/014c5305-00d1-48c3-87c6-e80bbdd92492.jpg,outfit_014,male,sweater,classic,darkslategray with brown accents,all-seasons,wool,"This darkslategray turtle-neck sweater features subtle brown accents that add depth and texture to its classic design. Made from premium wool, it offers warmth and durability suitable for both cool autumn evenings and chilly winter days. The smooth, soft fabric provides comfort while maintaining a polished appearance. Its slightly relaxed fit allows for easy layering under jackets or over shirts, creating versatile looks for various occasions. Pair it with dark jeans or trousers for a sophisticated business casual outfit, or wear it with khakis and loafers for a more formal ensemble.",,top,014c5305-00d1-48c3-87c6-e80bbdd92492,jpg
outfits/male/outfit_014/4ec56541-eb9f-4bf2-93c4-b1072d24661b.jpg,outfit_014,male,jeans,classic,black with dark blue detailing,all-seasons,denim,"These Mango Slim Straight Jeans feature a classic design that exudes sophistication and versatility. Made from high-quality denim fabric, these jeans offer both comfort and style. The slim fit enhances the wearer's figure while maintaining a modern silhouette. The dark blue stitching and detailing add a subtle touch of elegance, making them suitable for both casual and semi-formal occasions. These jeans pair well with a variety of tops, such as button-down shirts, t-shirts, or sweaters, allowing for endless outfit combinations. They also work perfectly under coats during colder months or as part of a chic summer ensemble. With their timeless look and comfortable fit, these jeans are ideal for everyday wear and will complement any man's wardrobe.",,bottom,4ec56541-eb9f-4bf2-93c4-b1072d24661b,jpg
outfits/male/outfit_014/9892c0eb-e145-4213-9297-859c5818672a.jpg,outfit_014,male,boot,classic,darkslategray with black detailing,all-seasons,leather,"These darkslategray Chelsea boots feature a classic design with understated elegance. Crafted from premium leather, they boast a sophisticated texture that adds depth and sophistication to any outfit. The boot's slender silhouette offers comfort while maintaining a stylish appearance. Its sleek profile complements both casual and formal attire, making it versatile enough for everyday wear or special occasions. The contrasting black detailing enhances its modern appeal, creating a subtle yet impactful look. Pair these boots with skinny jeans and a button-down shirt for a polished office vibe, or opt for chinos and a casual sweater for a relaxed weekend ensemble.",,footwear,9892c0eb-e145-4213-9297-859c5818672a,jpg
outfits/male/outfit_015/11dd67b3-84cd-4dd6-9575-1815f527722f.jpg,outfit_015,male,sweater,classic,dark gray with white accents,all-seasons,wool blend,"This dark gray turtle-neck sweater features a clean and classic design that exudes understated sophistication. The soft wool blend fabric provides warmth and comfort while maintaining a lightweight feel perfect for both autumn and winter months. Its subtle white accents add a touch of elegance and contrast against the dark base color. The smooth texture of the fabric enhances its tactile appeal, making it an ideal piece for layering beneath jackets or worn alone as a cozy top. It pairs effortlessly with chinos, trousers, or skinny jeans for a smart-casual look. For formal occasions, combine it with a suit jacket and slacks for a polished ensemble.",,top,11dd67b3-84cd-4dd6-9575-1815f527722f,jpg
outfits/male/outfit_015/496a2824-cd17-45ba-adaf-d8d87d10b943.jpg,outfit_015,male,boot,classic,darkslategray with black accents,all-seasons,leather with rubber sole,"These darkslategray leather boots feature a classic design with understated elegance. The black leather upper provides a sophisticated look while the rubber sole ensures comfort and durability in various weather conditions. The smooth texture of the leather complements casual and formal outfits alike, making them versatile for everyday wear. These boots pair well with dark pants, jeans, or even chinos for a smart-casual ensemble. They also work perfectly with suiting jackets and dress shirts for a polished business outfit.",,footwear,496a2824-cd17-45ba-adaf-d8d87d10b943,jpg
outfits/male/outfit_015/7e649228-7d2b-4d51-80aa-d137166c03e6.jpg,outfit_015,male,jacket,casual,black,winter,fabric/polyester,"This black puffer jacket features a hood and hoodie design, providing both warmth and style during chilly winter days. The cozy fabric offers excellent insulation while maintaining a sleek and modern appearance. Its hood adds comfort and practicality, allowing you to keep your head warm and protected from wind and rain. The casual style makes it versatile enough to pair with jeans, track pants, or even formal trousers for a more polished look. It can also be worn under a dressier outfit for added warmth without compromising on elegance. With its distinctive hoodie element, this jacket stands out as a trendy and functional piece that effortlessly transitions between everyday wear and weekend adventures.",,outerwear,7e649228-7d2b-4d51-80aa-d137166c03e6,jpg
outfits/male/outfit_015/dc7cc0e4-e340-4671-b163-38f74e64a919.jpg,outfit_015,male,jeans,casual,dark slategray with dark blue accents,all-seasons,denim,"These cropped jeans feature a dark blue base with subtle darkslategray accents, creating a unique and modern look. The cropped length emphasizes a sleek and contemporary silhouette, offering a perfect balance between comfort and style. The denim fabric provides a classic yet versatile option that pairs well with both casual and semi-formal outfits. With its cropped fit, these jeans can be styled with a variety of tops, from tees and button-down shirts to blazers and vests. They also work great as part of a monochrome outfit, showcasing the dark tones effectively. These jeans create a sense of sophistication while remaining practical and easy-to-wear.",,bottom,dc7cc0e4-e340-4671-b163-38f74e64a919,jpg
outfits/male/outfit_016/af4b945e-50fe-4403-89a9-6db54c9f5dc9.jpg,outfit_016,male,sneakers,casual,dark gray with white accents,all-seasons,leather,"These dark gray sneakers feature a sleek and understated design that pairs well with both casual and formal attire. The shoes boast a classic shape with a clean, minimalist aesthetic, offering comfort and style in equal measure. The white soles add a playful contrast against the dark gray upper, making them versatile enough for everyday wear. These sneakers can be paired with jeans, chinos, shorts, or even dress pants for a more polished look. Their lightweight construction ensures they are easy to slip on and off, while still providing support and durability.",,footwear,af4b945e-50fe-4403-89a9-6db54c9f5dc9,jpg
outfits/male/outfit_016/b74acf29-a5db-488f-817a-4fad12d0feb6.jpg,outfit_016,male,jeans,casual,light blue with lightslategray ragged details,all-seasons,denim,"These jeans feature a classic casual style with a timeless light blue hue that effortlessly complements various outfits. The distinctive lightslategray ragged detailing adds a playful and rugged touch, making them perfect for both everyday wear and weekend adventures. With their relaxed fit and slightly distressed look, these jeans provide comfort while maintaining a stylish appearance. They pair well with simple tees, button-down shirts, or even layered over a hoodie for a chilled vibe. Whether you're heading to the coffee shop, running errands, or hanging out with friends, these jeans will add versatility and charm to your outfit.",,bottom,b74acf29-a5db-488f-817a-4fad12d0feb6,jpg
outfits/male/outfit_016/c0a31797-725a-4c5b-a244-dccd364a63aa.jpg,outfit_016,male,t-shirt,casual,dark gray with white accents,all-seasons,cotton,"This dark gray t-shirt features a classic round neckline and short sleeves, offering a simple yet versatile design that compliments both casual and more relaxed settings. The subtle white accents provide a touch of elegance while maintaining a modern vibe. Ideal for layering under jackets during autumn or spring, pairing well with jeans, chinos, or shorts. Its lightweight fabric ensures comfort throughout the day, making it perfect for everyday wear.",,top,c0a31797-725a-4c5b-a244-dccd364a63aa,jpg
outfits/male/outfit_017/7f15df80-375a-4403-9139-b054c879ff78.jpg,outfit_017,male,sweater,casual,"darkslategray with navy, white, and orange",all-seasons,wool blend,"This darkslategray sweater features a classic navy and white stripe pattern accented by bright orange embroidery on the chest. The fabric is a cozy wool blend that provides warmth and comfort throughout various seasons. Its relaxed fit and casual style make it perfect for everyday wear. Pair it with skinny jeans or chinos for a laid-back look, or dress it up with tailored trousers and a button-down shirt for a more sophisticated vibe. The contrasting colors create a visually appealing and unique appearance that adds personality to any outfit.",,top,7f15df80-375a-4403-9139-b054c879ff78,jpg
outfits/male/outfit_017/84c31a49-86e1-4dc7-8452-c0082043a724.jpg,outfit_017,male,jeans,casual,dark gray,all-seasons,denim,"These dark gray jeans feature a classic straight-leg silhouette that enhances the wearer's figure while maintaining a relaxed and casual vibe. The fabric is made from durable denim, ensuring comfort and longevity. A simple yet effective style choice, these jeans can easily be paired with a variety of tops and shoes for both daytime and evening looks. For instance, they look great with a white button-up shirt for a smart-casual ensemble, or combined with a plain t-shirt and sneakers for a more laid-back outfit. The jeans' versatile nature makes them suitable for various occasions, whether it's running errands, meeting friends, or attending casual gatherings.",,bottom,84c31a49-86e1-4dc7-8452-c0082043a724,jpg
outfits/male/outfit_017/d08d2246-0a15-412b-bef3-0c456e1edf03.jpg,outfit_017,male,sneakers,sport,rosybrown with golden accents,all-seasons,leather,"These stylish men's sport sneakers feature a rosybrown base with vibrant golden accents that add a touch of elegance and playfulness. Crafted from premium leather, these shoes offer both comfort and durability. The sleek, modern design includes a lightweight construction, breathable mesh lining, and a shock-absorbing sole for optimal support during long walks or workouts. Ideal for casual weekends, they pair effortlessly with jeans, shorts, or even smart-casual outfits. Their bold yet understated appearance makes them perfect for adding personality to your everyday ensemble.",,footwear,d08d2246-0a15-412b-bef3-0c456e1edf03,jpg
outfits/male/outfit_018/2b7332a3-a394-46db-b0d4-2e5a330851de.jpg,outfit_018,male,trousers,classic,darkslategray with brown accents,all-seasons,wool blend,"These elegant dark slate gray trousers feature subtle brown accents that add warmth and sophistication to their classic design. Crafted from a luxurious wool blend, these trousers boast a well-tailored fit with smooth, refined lines and straight legs that accentuate a timeless silhouette. The fabric's durability makes them suitable for both formal and casual occasions, providing comfort throughout the day while maintaining a polished appearance. Paired with a crisp button-down shirt and a smart blazer, they create a sophisticated ensemble perfect for business meetings or evening events. Alternatively, these trousers can be dressed down with a casual knit sweater and loafers for a more relaxed yet stylish look.",,bottom,2b7332a3-a394-46db-b0d4-2e5a330851de,jpg
outfits/male/outfit_018/3bd88143-4e9e-4419-8395-4c4d55ef3d02.jpg,outfit_018,male,sneaker,casual,darkslategray with brown and white,all-seasons,leather,"These darkslategray leather sneaks feature a sophisticated design with a subtle blend of dark gray and earthy brown hues. The shoes boast a classic style that can effortlessly transition from everyday casual wear to more formal occasions when paired appropriately. The contrasting white sole adds a playful touch while maintaining a polished appearance. The leather upper offers comfort and durability, making them suitable for both city strolls and active lifestyles. These sneaks pair well with jeans, chinos, or trousers for a versatile outfit that exudes understated elegance.",,footwear,3bd88143-4e9e-4419-8395-4c4d55ef3d02,jpg
outfits/male/outfit_018/3e5bbd3a-2baa-4374-9303-e4c6262d0484.jpg,outfit_018,male,t-shirt,casual,dimgray with white accents,all-seasons,cotton,"This drab gray t-shirt features a clean-cut round-neck design and short sleeves, offering a simple yet sophisticated aesthetic. The subtle white accents provide a fresh touch while maintaining a casual vibe. It is versatile enough to pair effortlessly with both smart-casual and laid-back ensembles. Its lightweight cotton fabric ensures comfort throughout the day, making it ideal for warm weather or layering under jackets during cooler months. Whether worn alone as a base layer or paired with jeans and blazers, this t-shirt delivers a timeless appeal that complements various occasions.",,top,3e5bbd3a-2baa-4374-9303-e4c6262d0484,jpg
outfits/male/outfit_018/be56d607-f742-439b-a466-289a8edc6008.jpg,outfit_018,male,jacket,classic,gray with brown and white checks,autumn,wool blend,"This gray jacket features a charming pattern of brown and white checks that add both warmth and sophistication. The jacket has a traditional classic style with well-tailored lines and a slightly oversized fit that enhances its modern appeal. The buttons are made from a durable brown material, adding an earthy touch to the overall design. It is perfect for autumn days when you need something cozy yet elegant. Pair it with chinos or jeans for a casual look, or dress it up with a suit for a business meeting or event. Its versatile nature makes it suitable for various occasions, creating a sophisticated impression while maintaining comfort.",,outerwear,be56d607-f742-439b-a466-289a8edc6008,jpg
outfits/male/outfit_019/2b7332a3-a394-46db-b0d4-2e5a330851de.jpg,outfit_019,male,trousers,classic,darkslategray with brown accents,all-seasons,wool blend,"These classic dark slate gray wool blend trousers feature subtle brown accents that add depth and texture to their elegant appearance. The straight leg design provides a modern yet timeless silhouette, perfect for both formal and casual occasions. The fabric is lightweight enough for spring and autumn wear but retains warmth during colder months, making them versatile year-round. These trousers pair effortlessly with a crisp button-down shirt for a business-casual look or with a relaxed knit sweater for a more laid-back vibe. Their understated sophistication allows them to complement a variety of accessories, from simple loafers to sleek oxfords.",,bottom,2b7332a3-a394-46db-b0d4-2e5a330851de,jpg
outfits/male/outfit_019/5ed9c539-31c6-4916-9652-658b18eb6fea.jpg,outfit_019,male,polo shirt,classic,beige,all-seasons,cotton,"This beige polo shirt features a classic style with a button-down collar and a traditional three-button placket at the front. The fabric is made from high-quality cotton, offering comfort and breathability while maintaining its shape after multiple washes. Its muted shade of beige makes it versatile enough to pair effortlessly with both casual and smart-casual ensembles. It has short sleeves with a slightly tapered hem that enhances the overall fit and adds sophistication. The polo shirt's clean lines and minimal design allow it to blend seamlessly into various outfits, making it suitable for everyday wear, weekend leisure, or even formal occasions when paired with tailored trousers and shoes.",,top,5ed9c539-31c6-4916-9652-658b18eb6fea,jpg
outfits/male/outfit_019/5fb1ed13-5c4b-4158-bbd7-132d579dd965.jpg,outfit_019,male,loafer,classic,darkslategray with black accents,all-seasons,leather,"This darkslategray loafer showcases a classic style with understated elegance. The leather upper features a distinctive black buckle centered on the front, adding a touch of sophistication and functionality. Its clean lines and minimal design make it versatile enough for both formal and casual occasions. Perfectly suited for everyday wear, this shoe pairs effortlessly with chinos, trousers, or jeans. It offers comfort and support while maintaining a polished appearance that complements any outfit. Pair it with tailored suits for a smart-casual look or dress it down with a simple pair of jeans for a relaxed vibe.",,footwear,5fb1ed13-5c4b-4158-bbd7-132d579dd965,jpg
outfits/male/outfit_019/be56d607-f742-439b-a466-289a8edc6008.jpg,outfit_019,male,jacket,classic,gray with brown and white checks,autumn,wool blend,"This classic checkered jacket features a sophisticated gray base with intricate brown and white checked pattern, offering a timeless elegance that compliments both casual and formal occasions. The warm wool blend fabric provides comfort and insulation during autumn months. The jacket's design showcases its traditional appeal through its structured silhouette and subtle detailing, such as the functional buttons in complementary brown tones. Its versatile nature allows it to effortlessly transition between work attire and weekend outings. It pairs well with tailored trousers or jeans, enhancing one's appearance while adding a polished touch to everyday looks.",,outerwear,be56d607-f742-439b-a466-289a8edc6008,jpg
outfits/male/outfit_020/b2abf1e3-a604-49a0-b5ad-6d6994c3f56f.jpg,outfit_020,male,loafers,classic,darkslategray with navy sueding and black sole,all-seasons,leather,"These darkslategray navy sued loafers feature elegant sueding in both dark slate gray and navy hues, creating a sophisticated visual effect. The classic design includes a timeless, sleek profile with a refined shape that showcases the quality craftsmanship. The black rubber sole provides comfort and durability while enhancing the overall aesthetic appeal. These shoes are versatile enough to complement a variety of outfits, from smart casual ensembles to formal occasions. They can be paired effortlessly with chinos, slacks, or even jeans for a polished look. With their understated elegance and attention to detail, these loafers create a sense of sophistication and style.",,footwear,b2abf1e3-a604-49a0-b5ad-6d6994c3f56f,jpg
outfits/male/outfit_020/c30b2676-756a-4e3e-bf1f-932e07fce8fe.jpg,outfit_020,male,trousers,classic,beige,all-seasons,cotton blend,"These tan beige trousers are crafted from a comfortable cotton blend fabric that offers both durability and breathability. The classic straight leg silhouette provides a timeless look that pairs effortlessly with a variety of tops and shoes. With their understated yet sophisticated color, these trousers can elevate casual weekday looks while also fitting seamlessly into more formal settings. They feature a clean finish with no embellishments or distractions, allowing them to blend effortlessly into any outfit. These trousers are perfect for layering over button-down shirts during autumn evenings or paired with a crisp white shirt in springtime. Their versatile nature makes them suitable for everyday wear as well as special occasions.",,bottom,c30b2676-756a-4e3e-bf1f-932e07fce8fe,jpg
outfits/male/outfit_020/e9ae1bcc-30f7-4311-b2b9-94fef28bf97f.jpg,outfit_020,male,shirt,classic,white with silver buttons,all-seasons,cotton,"This elegant classic shirt features a crisp white base, accented by shiny silver buttons running along the front placket and cuffs. With its long sleeves and traditional button-down collar, it exudes sophistication and versatility. Ideal for both formal and semi-formal occasions, this shirt can easily transition from workdays to weekend events. Its clean lines and simple design make it easy to pair with various bottoms such as chinos, trousers, or slacks. The subtle silver detailing adds a touch of modern flair while maintaining a timeless appeal.",,top,e9ae1bcc-30f7-4311-b2b9-94fef28bf97f,jpg
outfits/male/outfit_020/f64928d4-e263-4365-a184-fc18a0cd1c4f.jpg,outfit_020,male,jacket,classic,darkslategray with navy accents,all-seasons,wool blend,"This darkslategray navy blazer jacket features a classic design with a single button closure, showcasing a sophisticated elegance that exudes both style and sophistication. The deep grayish-blue hue pairs well with neutral tones such as cream, charcoal, or light blue, creating a polished and understated look. Its straightforward single-button front allows for effortless dressing while maintaining a refined appearance. The wool blend fabric provides warmth and durability, making it suitable for various seasons, from autumn evenings to chilly winter days. It can easily be paired with dress pants, khakis, or even jeans for a smart-casual ensemble. The subtle navy accents add depth and dimension, enhancing its overall appeal. Whether worn during work meetings, formal events, or casual outings, this versatile jacket elevates any outfit.",,outerwear,f64928d4-e263-4365-a184-fc18a0cd1c4f,jpg
outfits/male/outfit_021/113437de-b5da-4678-91cb-2995831aabcf.jpg,outfit_021,male,suit,classic,dimgray with black belt,all-seasons,wool or wool blend,"This dimgray suit features a sharp and classic appearance, crafted from premium wool or wool blend fabric, providing both comfort and sophistication. The suit includes a belt loop design, allowing you to add a complementary black belt that enhances its formal appeal. Its understated yet elegant tone makes it versatile enough for various occasions, whether it's a business meeting, a formal event, or even a more casual daytime setting when paired with a button-down shirt and loafers. The slim fit and tailored lines create a modern silhouette while maintaining timeless style, showcasing your personal flair in a refined manner.",,outerwear,113437de-b5da-4678-91cb-2995831aabcf,jpg
outfits/male/outfit_021/38e7c125-4d24-4927-9617-54c77404a52c.jpg,outfit_021,male,shirt,classic,lightsteelblue,all-seasons,cotton,"This light steel blue shirt features a timeless classic style with a long sleeve and a button-down collar. The fabric is made from high-quality cotton, ensuring comfort and durability throughout wear. Its gentle shade of light steel blue offers a subtle yet elegant appearance that complements both formal and casual settings. Ideal for business meetings, dinners, or weekends, this shirt pairs effortlessly with slacks, chinos, or even jeans. It can also be worn under a suit jacket for a more polished look. The long sleeves provide added coverage while maintaining breathability in warm weather conditions.",,top,38e7c125-4d24-4927-9617-54c77404a52c,jpg
outfits/male/outfit_021/82abed7b-adfd-453e-a2cc-29ac64173d28.jpg,outfit_021,male,loafers,classic,darkslategray with navy and red accents,all-seasons,leather,"These elegant darkslategray loafers feature a sleek navy upper paired with striking red soles that add a bold pop of color. The classic style exudes sophistication and understated elegance, making them perfect for both formal and semi-formal occasions. With their smooth leather construction, these shoes offer comfort and durability while maintaining a refined appearance. The contrasting red soles create a modern twist, allowing you to stand out from the crowd without being overly flashy. These versatile loafers pair effortlessly with slacks, chinos, or even jeans, offering endless possibilities for your daily outfit choices.",,footwear,82abed7b-adfd-453e-a2cc-29ac64173d28,jpg
outfits/male/outfit_021/8a376749-ad46-4098-b144-2bbb55dd752c.jpg,outfit_021,male,jacket,classic,darkslategray with navy accents,autumn,leather,"This darkslategray Navy Blaze Jacket exudes sophistication and understated elegance. Crafted from high-quality leather, it features a timeless classic style that effortlessly transitions between casual and formal occasions. The subtle blend of darkslategray and navy adds depth and character to its appearance, making it versatile enough for various settings. Its structured silhouette enhances the wearer's frame while maintaining comfort and mobility. Paired with a button-down shirt and slacks for a business-ready look, or layered over a sweater and jeans for a weekend chic vibe, this jacket showcases versatility in both function and aesthetics. It oozes confidence and class, providing an authoritative presence wherever worn.",,outerwear,8a376749-ad46-4098-b144-2bbb55dd752c,jpg
outfits/male/outfit_022/2474b6cd-d223-4c5f-b0c1-f9d1e5bc5d89.jpg,outfit_022,male,suit,classic,gray with white and brown accents,all-seasons,wool blend,"This classic gray suit is a versatile choice for both formal and semi-formal occasions. The suit features a traditional two-button design with slim fitting lapels that provide a modern yet refined look. The fabric is made from a high-quality wool blend, ensuring comfort and durability throughout the day. Paired with a crisp white button-down shirt and a complementary brown tie, this ensemble exudes elegance and sophistication. It works well in various settings such as business meetings, weddings, or special events. For maximum impact, consider coordinating your accessories like a brown belt and polished shoes to complete the look.",,outerwear,2474b6cd-d223-4c5f-b0c1-f9d1e5bc5d89,jpg
outfits/male/outfit_022/2dde4d43-3f5f-4371-bf9b-5657c656424c.jpg,outfit_022,male,shirt,classic,"white with silver, blue and white stripes",all-seasons,cotton,"This elegant classic shirt features a crisp white base with subtle silver undertones that add sophistication. The shirt boasts a striking blue and white stripe pattern running down its length, creating a polished yet modern look. It has a button-down collar and a trim fit, ensuring a sleek and tailored appearance. Its lightweight cotton fabric allows for comfort in both warm and cool weather, making it suitable for all seasons. Pair this shirt with dark trousers and a suit jacket for a formal business setting, or dress it down with chinos and loafers for a more casual but still refined ensemble.",,top,2dde4d43-3f5f-4371-bf9b-5657c656424c,jpg
outfits/male/outfit_022/923544bb-b08c-4b6a-9e5d-e7acc2b49102.jpg,outfit_022,male,jacket,classic,darkslategray with navy accents,all-seasons,wool blend,"This darkslategray navy blazer jacket features a timeless classic style with a simple yet elegant design. It has a single button closure that adds sophistication and formality. The dark gray base with subtle navy accents creates a versatile and sophisticated look suitable for both formal and semi-formal occasions. Its wool blend fabric ensures comfort and durability throughout various seasons. This jacket can be worn casually over a button-down shirt and chinos for a casual yet polished appearance, or paired with a dress shirt and slacks for a more formal setting. Its tailored fit and sleek lines make it perfect for creating an effortlessly stylish ensemble.",,outerwear,923544bb-b08c-4b6a-9e5d-e7acc2b49102,jpg
outfits/male/outfit_022/f5c5373b-0602-4c87-83c9-309db1c83fb3.jpg,outfit_022,male,loafer,classic,dimgray with brown accents,all-seasons,leather,"These dimgray loafers feature a classically elegant design with a sophisticated touch of understated elegance. The loafer's supple leather upper exudes timeless style and comfort, crafted in a rich dimgray hue that adds depth and sophistication to any outfit. Accented by a contrasting brown sole, these shoes provide both durability and style. Ideal for formal occasions such as business meetings, weddings, or special events, they also pair effortlessly with casual looks like chinos, jeans, or slacks. The smooth texture and minimalist detailing make them versatile enough to complement various ensembles while showcasing your personal taste.",,footwear,f5c5373b-0602-4c87-83c9-309db1c83fb3,jpg
outfits/male/outfit_023/0f7b4922-5485-4001-a0cc-322b53a1ddfe.jpg,outfit_023,male,trousers,classic,darkslategray with black accents,all-seasons,wool blend,"These elegant darkslategray wool blend trousers feature subtle black accents that add depth and sophistication to their classic design. The slender fit and tapered leg create a refined silhouette that enhances the wearer's figure while maintaining comfort. They are perfect for both formal occasions and business settings, offering versatility in various climates due to their all-seasons suitability. These trousers pair effortlessly with tailored jackets, button-down shirts, and polished shoes, creating a timeless and professional look. Their understated elegance makes them an essential piece for anyone seeking a chic and sophisticated wardrobe.",,bottom,0f7b4922-5485-4001-a0cc-322b53a1ddfe,jpg
outfits/male/outfit_023/290d1ed9-2e39-4fab-a6d5-2efa9967a86c.jpg,outfit_023,male,shirt,classic,darkslategray with white accents,all-seasons,cotton,"This darkslategray shirt features a classic collar and long sleeves, making it a versatile piece that complements both formal and casual outfits. The deep gray shade provides a sophisticated yet understated appearance, perfect for creating polished looks. The addition of subtle white accents on the buttons and cuffs adds a touch of elegance and contrast. It has a traditional fit, allowing for ease of movement while maintaining a sharp silhouette. Pair it with chinos or trousers for a business-appropriate ensemble, or dress it down with jeans and a tie for a weekend look. Its smooth texture and breathable fabric make it suitable for year-round wear, from spring through autumn.",,top,290d1ed9-2e39-4fab-a6d5-2efa9967a86c,jpg
outfits/male/outfit_023/412c4151-397c-40fb-9aa9-68c4abb60bfe.jpg,outfit_023,male,jacket,classic,darkslategray with navy accents,autumn,leather,"This darkslategray navy blaze jacket features a classic design with a single button closure. Made from premium leather, it's both durable and luxurious. The subtle blend of dark slate gray and navy blue gives it a sophisticated yet understated look. It has a timeless silhouette that exudes elegance while maintaining a sense of formality. Ideal for autumn evenings, this jacket pairs effortlessly with chinos, slacks, or jeans. Its sleek appearance makes it perfect for business meetings, casual gatherings, or weekend excursions. Pair it with a crisp shirt and dark pants for a polished ensemble.",,outerwear,412c4151-397c-40fb-9aa9-68c4abb60bfe,jpg
outfits/male/outfit_023/5c7bd06c-5438-46b3-84ce-c4aa9229545a.jpg,outfit_023,male,loafer,classic,darkslategray black,all-seasons,leather,"These darkslategray-black leather loafers feature a classic design with a sophisticated aesthetic that exudes understated elegance. The smooth leather upper provides a luxurious feel while the leather sole ensures comfort and durability. With its sleek silhouette and refined detailing, these shoes complement both casual and formal attire. Pair them with tailored pants, chinos, or even skinny jeans for a polished look. Their timeless style makes them perfect for any occasion, from everyday wear to special events.",,footwear,5c7bd06c-5438-46b3-84ce-c4aa9229545a,jpg
outfits/male/outfit_024/958abc40-6c6c-4247-bcea-3edf943cc536.jpg,outfit_024,male,shirt,classic,dark gray with white accents,all-seasons,cotton,"This dark gray shirt features a classic design with a smart white collar and long sleeves. It has a smooth texture and a clean finish that gives it a polished appearance suitable for both formal and semi-formal occasions. The subtle contrast between the dark gray base and the bright white accents adds depth and elegance to its overall look. Its straight-cut silhouette enhances its traditional appeal while maintaining a modern flair. Pair this shirt with chinos or slacks for a sophisticated office outfit, or dress it down with jeans for a more casual yet stylish ensemble.",,top,958abc40-6c6c-4247-bcea-3edf943cc536,jpg
outfits/male/outfit_024/e922b1bb-4d51-47ea-a644-6b25f49d7712.jpg,outfit_024,male,jacket,classic,dimgray with black accents,all-seasons,wool blend,"This dimgray jacket features a subtle charcoal gray tone with undertones of blue, providing a sophisticated and understated look. It boasts a classic style with a distinct black collar and button detailing that adds elegance and contrast. The wool blend fabric offers warmth and durability, making it suitable for various seasons. Its slim fit ensures a modern silhouette while maintaining comfort. The jacket's clean lines and minimalistic design make it versatile enough to pair with both casual and formal attire. Whether worn over a shirt and tie for a business meeting or paired with a basic tee and jeans for weekend errands, this jacket effortlessly complements a wide range of outfits.",,outerwear,e922b1bb-4d51-47ea-a644-6b25f49d7712,jpg
outfits/male/outfit_024/f3516541-2c19-48bd-bf09-55e9f3d0a956.jpg,outfit_024,male,loafer,classic,darkslategray with brown accents,all-seasons,leather,"This darkslategray loafer showcases a classic design with a touch of sophistication. Its timeless style makes it suitable for both formal and casual occasions. The shoe features a rich brown leather upper that compliments the deep gray tone, creating a harmonious blend of earthy undertones. The brown sole adds depth and enhances the overall aesthetic appeal. With its smooth texture and sleek lines, this loafer exudes elegance and comfort. It pairs well with tailored suits, dress pants, chinos, or even smart-casual outfits. Whether you're heading to work, attending a special event, or simply running errands, this versatile shoe will elevate your look.",,footwear,f3516541-2c19-48bd-bf09-55e9f3d0a956,jpg
outfits/male/outfit_024/f4c0d809-7e94-4d22-891c-3d2213f15c89.jpg,outfit_024,male,trousers,classic,darkslategray with black waistband,all-seasons,woven fabric,"These dark slate gray trousers feature a sophisticated classic style with a smart touch. The main body of the pants is crafted from a high-quality woven fabric, providing both comfort and durability. The striking contrast comes from its black waistband, which adds a chic and contemporary element to the design. The trousers have a straight leg silhouette that hugs the shape of the legs gracefully while offering ease of movement. Perfect for creating polished business attire or smart casual looks, these trousers pair well with button-down shirts, vests, sweaters, and blazers. They can also be styled effortlessly with a plain tee and a blazer for weekend outings or weekdays in the office. With their elegant appearance and versatile nature, they enhance any man's wardrobe by adding sophistication and style.",,bottom,f4c0d809-7e94-4d22-891c-3d2213f15c89,jpg
outfits/male/outfit_025/1ac6accc-3814-4ca4-a6ff-14c744c0f33a.jpg,outfit_025,male,suit,classic,black,all-seasons,wool,"This classic black suit features a traditional two-button design with sharp lapels that accentuate its elegant appearance. The fabric is made from high-quality wool, ensuring comfort and durability throughout various occasions. The suit comes complete with a matching black belt, adding a polished touch to your ensemble. It is versatile enough to be worn in both formal and semi-formal settings, making it ideal for business meetings, weddings, or special events. Pair it with a crisp white button-down shirt and a coordinating tie for a timeless look.",,outerwear,1ac6accc-3814-4ca4-a6ff-14c744c0f33a,jpg
outfits/male/outfit_025/27c50159-ebd4-4e59-b3b6-3d68308688f5.jpg,outfit_025,male,shirt,classic,light blue with silver accents,all-seasons,cotton,"This elegant light blue shirt features a refined button-down collar and long sleeves, offering a sophisticated touch to any outfit. Made from high-quality cotton, it boasts a comfortable yet polished feel that compliments both formal and casual settings. The subtle silver accents add a contemporary flair, making it versatile enough for various occasions. It pairs effortlessly with dark trousers for a smart-casual look, or it can be worn under a suit jacket for a more formal appearance. Its clean lines and classic design make it a staple in any man's wardrobe, suitable for everyday wear as well as special events.",,top,27c50159-ebd4-4e59-b3b6-3d68308688f5,jpg
outfits/male/outfit_025/3b30ed65-d798-4873-9ca3-1ee6d3d5f16c.jpg,outfit_025,male,suit,classic,darkslategray with purple and black,all-seasons,wool blend,"This elegant darkslategray suit features a bold combination of purple and black hues, creating a sophisticated and modern appearance. The suit's classic design includes a well-tailored fit, providing a streamlined silhouette that enhances the wearer's posture and confidence. The contrasting purple shirt adds a dynamic touch, offering a striking visual impact while maintaining formal attire appropriateness. This ensemble is perfect for business meetings, formal events, or even special occasions where style meets functionality. It pairs effortlessly with crisp white or light-colored shirts for a polished look, as well as bold accessories like navy blue ties or vibrantly colored pocket squares. Its versatile nature allows for various matching options, making it an essential piece in any man's wardrobe.",,outerwear,3b30ed65-d798-4873-9ca3-1ee6d3d5f16c,jpg
outfits/male/outfit_025/f3516541-2c19-48bd-bf09-55e9f3d0a956.jpg,outfit_025,male,loafers,classic,darkslategray with brown accents,all-seasons,leather,"These darkslategray loafers feature a stylish combination of dark gray upper material and subtle brown leather detailing on the sole. The shoe's sleek design provides a timeless classic look that pairs effortlessly with both casual and formal attire. With its low profile and smooth leather texture, these shoes create a sophisticated impression while maintaining comfort. They can easily be worn with trousers, chinos, or even smart-casual outfits such as jeans and sweaters. These loafers are versatile enough to transition seamlessly from daytime meetings to evening events.",,footwear,f3516541-2c19-48bd-bf09-55e9f3d0a956,jpg
outfits/male/outfit_026/1b75991e-431c-419e-b112-6c39f090f54a.jpg,outfit_026,male,cardigan,classic,darkslategray with navy accents,autumn,wool blend,This darkslategray navy cardigan sweater showcases a classic design with sleek navy accents along the trim and buttons. The material is a high-quality wool blend that provides warmth and comfort during chilly autumn evenings. Its cozy yet sophisticated appearance makes it ideal for formal occasions or casual outings alike. The cardigan's buttoned closure adds versatility in styling options—whether worn open over a collared shirt or buttoned up for a more polished look. Pair it with dark slacks or jeans for a contemporary ensemble that exudes both style and functionality.,,outerwear,1b75991e-431c-419e-b112-6c39f090f54a,jpg
outfits/male/outfit_026/1d1f51f1-6472-4aa9-b6dc-02d4def4ca84.jpg,outfit_026,male,trousers,classic,darkslategray with brown accents,all-seasons,cotton,"These classic dark slate gray trousers feature a timeless design with subtle brown accents that add depth and sophistication. The drawstring waist provides a comfortable fit while enhancing the overall look. Made from high-quality cotton, these trousers offer breathability and durability perfect for everyday wear. Their versatile style makes them suitable for both casual and semi-formal occasions. Pair them with a button-down shirt and loafers for a polished business look, or opt for a more relaxed vibe by pairing them with a chambray shirt and slip-on shoes.",,bottom,1d1f51f1-6472-4aa9-b6dc-02d4def4ca84,jpg
outfits/male/outfit_026/d71f7bce-a2fc-445b-b492-503cb56f732c.jpg,outfit_026,male,shirt,classic,white and blue stripes with silver trim,all-seasons,cotton,"This elegant silver-tone striped shirt features a crisp white collar and a delicate balance of blue and white horizontal stripes, creating a sophisticated yet approachable look. The subtle silver detailing around the cuffs and collar adds a modern touch while maintaining a classic appeal. Its lightweight cotton fabric ensures comfort throughout the day, making it ideal for both formal and casual occasions. Pair it with dark slacks for a polished business attire ensemble or dress it down with jeans and chinos for a more relaxed vibe. The clean lines and versatile design make it easy to incorporate into various outfits, showcasing its adaptability across different contexts.",,top,d71f7bce-a2fc-445b-b492-503cb56f732c,jpg
outfits/male/outfit_026/f3516541-2c19-48bd-bf09-55e9f3d0a956.jpg,outfit_026,male,loafers,classic,darkslategray with brown accents,all-seasons,leather,"This darkslategray loafer showcases a classic design that effortlessly transitions between formal and casual settings. The shoe features a luxurious brown leather upper, which complements its deep darkslategray hue. Its rounded toe and sleek silhouette create a timeless appearance, making it perfect for both everyday wear and special occasions. The brown leather sole adds durability and enhances the overall aesthetic appeal. Paired with chinos or dress pants, this loafer elevates any outfit, offering comfort and style simultaneously.",,footwear,f3516541-2c19-48bd-bf09-55e9f3d0a956,jpg
outfits/male/outfit_027/218aac21-b1e4-4444-b6fc-4b6ab3ba127f.jpg,outfit_027,male,cardigan,classic,dimgray,all-seasons,wool,"This dimgray cardigan sweater features a classic style with traditional buttons down the front. Made from high-quality wool, it offers warmth and comfort while maintaining a sophisticated appearance. The subtle gray tone pairs well with both casual and formal ensembles, making it versatile enough for everyday wear as well as special occasions. Its relaxed fit allows for layering under jackets or over shirts, providing a cozy look that transitions seamlessly between autumn and winter months. This piece can easily be paired with slacks, jeans, or chinos for a polished yet comfortable outfit.",,outerwear,218aac21-b1e4-4444-b6fc-4b6ab3ba127f,jpg
outfits/male/outfit_027/7e859ab1-cc64-4cfe-a9c9-4751e9bd6f16.jpg,outfit_027,male,loafer,classic,darkslategray black,all-seasons,leather,"These darkslategray-black leather loafers feature a luxurious, understated elegance perfect for both formal and casual occasions. The smooth, high-quality leather upper exudes sophistication while providing comfort and durability. The classic style with a low-profile design complements various ensembles effortlessly. With its sleek, timeless appearance, these shoes are ideal for pairing with chinos, trousers, dress pants, or even smart-casual looks. They also blend seamlessly with jeans for a more relaxed vibe. The leather sole ensures stability and support, making them versatile enough for everyday wear. These loafers create a sophisticated impression, enhancing your overall outfit's appeal.",,footwear,7e859ab1-cc64-4cfe-a9c9-4751e9bd6f16,jpg
outfits/male/outfit_027/f0386865-ca62-4988-969c-fac47dd6306b.jpg,outfit_027,male,trousers,casual,black with navy accents,all-seasons,stretch fabric,"These black trousers with subtle navy accents are crafted from a high-quality stretch fabric that offers exceptional comfort and flexibility. The casual style features a relaxed fit, making them ideal for everyday wear. With their stretchy nature, these pants provide a snug yet comfortable feel, ensuring freedom of movement while maintaining a sleek appearance. Perfect for pairing with a button-down shirt, a casual sweater, or even a plain T-shirt for a versatile look. They create a modern and effortless impression, suitable for both office settings and informal occasions.",,bottom,f0386865-ca62-4988-969c-fac47dd6306b,jpg
outfits/male/outfit_027/f8de81f3-0fc1-4526-94e1-58e5f0fe4b22.jpg,outfit_027,male,shirt,classic,white with silver details,all-seasons,cotton,"This elegant classic white shirt features a long sleeve design and a smart button-down collar. The primary color is crisp white, complemented by subtle silver buttons and trim detailing that adds sophistication and class. Ideal for both formal and semi-formal occasions, this shirt can be paired with dark trousers or slacks for a polished look, or layered under a suit jacket for a more sophisticated vibe. Its versatile nature makes it suitable for year-round wear, from spring's lighter fabrics to autumn's heavier materials. Pair it with navy blue or charcoal pants for a business-ready ensemble, or mix it up with colorful accessories like a tie in bright hues for a playful twist.",,top,f8de81f3-0fc1-4526-94e1-58e5f0fe4b22,jpg
outfits/male/outfit_028/9d1135bc-e77c-434d-b440-f98fa65203e4.jpg,outfit_028,male,jacket,classic,black,all-seasons,leather,"This black bomber jacket features a sleek and timeless design with a classic zipper closure and a zippered collar. Made from premium leather, it offers both style and durability. The clean lines and minimalist aesthetic make it versatile enough to pair with various outfits. Whether worn casually over a tee and jeans or paired with smarter attire like slacks and a button-down shirt, this jacket exudes sophistication and elegance. Its understated appearance allows it to blend effortlessly into any outfit while still standing out as a statement piece.",,outerwear,9d1135bc-e77c-434d-b440-f98fa65203e4,jpg
outfits/male/outfit_028/b4425a8b-ca7e-4c6e-b1bc-8ef0551e0e4e.jpg,outfit_028,male,pants,classic,black,all-seasons,cotton,"These classic black pants feature a smart and sophisticated design, offering a timeless appeal that complements various styles. The drawstring waist adds versatility, allowing you to adjust the fit according to your preference. With its straight leg silhouette, these pants provide comfort while maintaining an elegant appearance. Perfect for both casual and formal occasions, they can easily transition from weekend relaxation to work attire. Match them with a crisp button-down shirt for a business look or pair them with a relaxed T-shirt and blazer for a more laid-back vibe.",,bottom,b4425a8b-ca7e-4c6e-b1bc-8ef0551e0e4e,jpg
outfits/male/outfit_028/b7739e55-efae-43d6-aa9f-c81d905d54b5.jpg,outfit_028,male,loafers,classic,darkslategray with navy sued upper and white sole and silver buckle,all-seasons,navy sued,"These darkslategray navy sued loafers feature a striking contrast with their white sole and elegant silver buckle. The luxurious sued texture adds depth and sophistication to the classic loafer design. Perfectly suited for both formal and casual occasions, these shoes provide comfort while maintaining an air of elegance. Pair them with tailored trousers and a crisp button-down shirt for a polished business look, or dress them down with chinos and a sweater for a more relaxed vibe. Their timeless style ensures they will complement almost any outfit, making them a versatile addition to your shoe collection.",,footwear,b7739e55-efae-43d6-aa9f-c81d905d54b5,jpg
outfits/male/outfit_028/c0f81113-b64d-4fe7-9bf0-cd396c64a2db.jpg,outfit_028,male,sweater,classic,black with navy accents,all-seasons,wool blend,"This classic black sweater features subtle navy accents that add depth and sophistication. With its round neckline and long sleeves, it offers both comfort and style. The fabric is made from a high-quality wool blend, ensuring warmth and durability throughout the year. It pairs effortlessly with dress pants for a smart casual look or jeans for a more relaxed vibe. The rounded neckline gives it a modern touch while maintaining timeless appeal. Its versatile nature makes it suitable for various occasions, from everyday wear to weekend getaways.",,top,c0f81113-b64d-4fe7-9bf0-cd396c64a2db,jpg
outfits/male/outfit_029/08b2bf8c-9664-4951-91a5-e3830b90dc9d.jpg,outfit_029,male,sneaker,casual,dark gray with white and blue accents,all-seasons,synthetic,"These dark gray sneaks feature a unique design combining subtle white and bright blue accents, offering a fresh and contemporary look. The upper is crafted from synthetic materials, ensuring durability and comfort while maintaining a sleek appearance. With a clean white sole, these shoes add a playful touch to any casual outfit. They are perfect for everyday wear, whether you're heading to the gym, running errands, or casually strolling around town. Pair them with jeans, chinos, or even shorts for a versatile and stylish ensemble.",,footwear,08b2bf8c-9664-4951-91a5-e3830b90dc9d,jpg
outfits/male/outfit_029/84c31a49-86e1-4dc7-8452-c0082043a724.jpg,outfit_029,male,jeans,casual,dark gray,all-seasons,denim,"These dark gray jeans feature a classic fit with a straight leg design that provides comfort and versatility. The slightly distressed finish adds a casual vibe while maintaining a sophisticated look. Paired with a crisp white belt, these jeans create a balance between formality and relaxation. They are perfect for everyday wear, from running errands to casual dates. These jeans can easily be paired with a variety of tops, such as a simple tee, button-down shirt, or even a graphic tee for a more laid-back style. For a complete outfit, consider adding a blazer or cardigan for a transition from day to night.",,bottom,84c31a49-86e1-4dc7-8452-c0082043a724,jpg
outfits/male/outfit_029/c65ebf47-5ade-479a-b778-28fb33c23ea8.jpg,outfit_029,male,t-shirt,casual,silver stone wash,all-seasons,cotton,"This silver stone wash t-shirt exudes a laid-back yet stylish vibe, perfect for everyday wear. The stone wash finish adds depth and texture, giving the fabric a distressed appearance that complements both casual and more formal ensembles. Its relaxed fit allows for easy layering under jackets or sweaters during cooler months while still feeling comfortable on its own in warmer weather. Pair it with chinos or jeans for a clean and contemporary look. The soft cotton material ensures comfort throughout the day, making it ideal for both office environments and weekend activities.",,top,c65ebf47-5ade-479a-b778-28fb33c23ea8,jpg
outfits/male/outfit_029/db140a2b-9ddd-467e-a135-2b9af27180e2.jpg,outfit_029,male,sweater,casual,darkslategray with white logo,all-seasons,wool blend,"This darkslategray men's sweater features a bold white logo prominently displayed on the front. The fabric is made from a high-quality wool blend that provides warmth and comfort throughout various seasons. Its casual style makes it versatile enough for everyday wear, whether it's paired with jeans for a relaxed look or layered under a blazer for a more sophisticated vibe. The deep gray hue adds a subtle sophistication while the white logo offers a pop of contrast that enhances the overall aesthetic appeal. It can easily be styled with chinos, cargo pants, or even khakis for a polished yet laid-back appearance.",,top,db140a2b-9ddd-467e-a135-2b9af27180e2,jpg
outfits/male/outfit_030/1aaa71ea-fe00-46f0-8701-195df229a502.jpg,outfit_030,male,pants,casual,darkslategray,all-seasons,denim,"These darkslategray cargo pants are made from durable denim fabric, offering both comfort and style. The cargo pant features multiple pockets, providing ample storage space for everyday essentials. With its slightly relaxed fit and straight leg design, these pants offer a versatile look that pairs well with various tops and shoes. The dark gray shade adds sophistication while remaining casual enough for everyday wear. These pants are perfect for layering under jackets during colder months or pairing with lighter shirts in warmer weather. They can also be dressed up with a blazer or dress shirt for a more formal occasion.",,bottom,1aaa71ea-fe00-46f0-8701-195df229a502,jpg
outfits/male/outfit_030/b0e3e6f4-d3e6-46cf-a7b2-3eaa3bb193ad.jpg,outfit_030,male,sneakers,sport,dark olive green with black and red accents,all-seasons,synthetic leather and rubber sole,"These dark olive green sneakers feature a sporty yet sophisticated design. The upper is crafted from high-quality synthetic leather that provides both comfort and durability. Accented with striking black and red details, these shoes exude a modern edge while maintaining versatility for everyday wear. The rubber sole ensures excellent grip and traction on various surfaces. These sneakers pair effortlessly with casual outfits such as jeans and sweatshirts, creating a chic and relaxed look. They also work well with more formal ensembles like tailored trousers and polo shirts, offering a blend of style and functionality.",,footwear,b0e3e6f4-d3e6-46cf-a7b2-3eaa3bb193ad,jpg
outfits/male/outfit_030/c28f8fc8-2dbb-47ea-bf9e-5fac6eaf6cba.jpg,outfit_030,male,hoodie,casual,darkorange,all-seasons,fabric,"This darkorange hoodie features the iconic phrase 'I Love You' printed in bold black letters across the front. The cozy fabric provides comfort while maintaining a casual vibe. Its relaxed fit and oversized hood create a laid-back style that can easily transition from day-to-night wear. Pair it with jeans or chinos for a casual outfit, or combine it with dress pants for a more sophisticated look. The soft texture and unique design make it versatile enough to complement various outfits, from streetwear to weekend loungewear.",,outerwear,c28f8fc8-2dbb-47ea-bf9e-5fac6eaf6cba,jpg
outfits/male/outfit_031/b0e3e6f4-d3e6-46cf-a7b2-3eaa3bb193ad.jpg,outfit_031,male,sneakers,sport,dark olive green with black and red accents,all-seasons,synthetic leather and rubber sole,"These dark olive green sport sneakers feature a modern design with black and red accents that add flair and style. The upper is made from synthetic leather, providing durability and comfort while maintaining a sleek appearance. The sturdy rubber sole ensures excellent grip on various surfaces, making them suitable for both indoor and outdoor activities. These shoes are perfect for casual wear, complementing athletic ensembles, street-style looks, or even smart-casual outfits. Their versatile nature allows them to blend effortlessly with jeans, tracksuits, or tailored trousers. Whether you're hitting the gym, running errands, or just looking for a fresh pair of kicks, these sneakers offer functionality and style.",,footwear,b0e3e6f4-d3e6-46cf-a7b2-3eaa3bb193ad,jpg
outfits/male/outfit_031/c29034b1-655c-4197-90cf-6c38fd16a8a4.jpg,outfit_031,male,pants,casual,dark olive green,all-seasons,cotton twill,"These dark olive green cargo pants are perfect for adding a touch of military chic to your casual outfit. Made from durable cotton twill fabric, they offer both comfort and style. The classic cargo pant design features multiple pockets on each leg, providing ample storage space for everyday essentials like keys, phones, or small accessories. With its olive green hue, these pants complement earthy tones and neutral shades while standing out against brighter hues. They pair well with button-down shirts, v-neck tees, or even graphic tees for a laid-back yet polished look. Whether you're running errands around town or heading out for a casual dinner date, these cargo pants will ensure you look smart and put together.",,bottom,c29034b1-655c-4197-90cf-6c38fd16a8a4,jpg
outfits/male/outfit_031/fce0c0ef-c1be-4136-aef2-a87bdd4d17aa.jpg,outfit_031,male,hoodie,casual,darkslategray with black,all-seasons,cotton blend,"This darkslategray Stone Island hoodie features a classic casual style with understated elegance. Made from a cozy cotton blend fabric, it offers both comfort and durability. The hooded design provides warmth and protection against chilly weather while maintaining a stylish look. The color combination of darkslategray and black creates a sophisticated yet versatile appearance that complements various outfits. It can be worn alone during autumn evenings or layered over a shirt and sweater in winter. For a more urban vibe, pair it with skinny jeans and combat boots for a modern street style outfit. Alternatively, it can also be paired with khakis and loafers for a refined casual look.",,outerwear,fce0c0ef-c1be-4136-aef2-a87bdd4d17aa,jpg
outfits/male/outfit_032/08b2bf8c-9664-4951-91a5-e3830b90dc9d.jpg,outfit_032,male,sneaker,sport,dark gray with white and blue accents,all-seasons,synthetic,"These sporty dark gray sneakers feature a contrasting white and blue design on the upper part. The shoes have a smooth synthetic material that provides comfort and durability. The white sole adds a fresh touch and enhances the overall look. These sneakers are perfect for both casual and athletic wear. They can be paired with jeans, tracksuits, or even smart-casual outfits. Their versatile style makes them suitable for everyday use, whether you're heading to the gym, running errands, or attending a more relaxed social event.",,footwear,08b2bf8c-9664-4951-91a5-e3830b90dc9d,jpg
outfits/male/outfit_032/b74acf29-a5db-488f-817a-4fad12d0feb6.jpg,outfit_032,male,jeans,casual,light blue with lightslategray ragged detailing,all-seasons,denim,"These jeans feature a classic casual style with a unique twist. The primary color is light blue, giving them a fresh and contemporary look. However, they stand out due to their distinctive lightslategray ragged detailing, which adds texture and depth to the overall appearance. The jeans have a relaxed fit, providing ample comfort while maintaining a stylish silhouette. The ragged edges create a rugged and worn-in look that complements both laid-back and sophisticated outfits alike. These jeans are perfect for everyday wear, pairing well with simple T-shirts, graphic tees, button-down shirts, or even layered under jackets during colder months. They also work great as part of a more formal outfit when combined with a dress shirt and polished shoes.",,bottom,b74acf29-a5db-488f-817a-4fad12d0feb6,jpg
outfits/male/outfit_032/cf8b7af2-f094-4ba2-937d-a52cb99b6ff3.jpg,outfit_032,male,t-shirt,casual,darkslategray with gold accents,all-seasons,cotton,"This darkslategray T-shirt features the words 'snuk' printed in eye-catching gold on the front. Made from soft cotton, it has a relaxed fit that allows for comfort while maintaining style. The subtle gold lettering adds a touch of sophistication without being too formal. It can be worn casually during both daytime and evening activities, pairing well with jeans, shorts, chinos, or even dress pants. Its all-seasons versatility makes it suitable for year-round wear, whether it's layered under a sweater in colder months or paired with lighter layers in warmer seasons.",,top,cf8b7af2-f094-4ba2-937d-a52cb99b6ff3,jpg
outfits/male/outfit_032/f4722b56-5aae-49c0-aeca-c31c2e130142.jpg,outfit_032,male,jacket,classic,dark olive green with brown accents,autumn,leather,"This dark olive green bomber jacket exudes sophistication and elegance with its classic style and understated appeal. Crafted from premium leather, it showcases a zipper closure that offers both functionality and a modern touch. The natural olive tone complements various color palettes effortlessly, making it versatile for autumn and winter outfits. With its streamlined silhouette and slightly padded shoulders, this jacket enhances your look while providing warmth and comfort. It pairs well with casual trousers, jeans, or dress pants, creating a polished yet relaxed vibe. Whether you're pairing it with a crisp button-down shirt for a smart-casual ensemble or layering it over a tee and hoodie for weekend leisure, this jacket ensures you remain stylishly dressed in every situation.",,outerwear,f4722b56-5aae-49c0-aeca-c31c2e130142,jpg
outfits/male/outfit_033/0cfbba76-7224-410a-a48b-0fe6e0c7f7bf.jpg,outfit_033,male,sneakers,casual,darkslategray with logo,all-seasons,leather,"These darkslategray sneakers feature a classic casual style with understated elegance. The leather upper provides durability and comfort while maintaining a refined appearance. The subtle logo detail adds a touch of sophistication without being overly ostentatious. Ideal for everyday wear, these shoes pair effortlessly with jeans, chinos, or even smart-casual attire such as dress pants and a button-down shirt. Their all-seasons versatility makes them suitable for both warm and cool weather, offering excellent grip on various surfaces. These sneakers exude an urban chic vibe that enhances any outfit, making them a versatile addition to your shoe collection.",,footwear,0cfbba76-7224-410a-a48b-0fe6e0c7f7bf,jpg
outfits/male/outfit_033/117a8a41-46ac-447e-bb58-6a8fa9be1fc2.jpg,outfit_033,male,sweatpants,casual,darkslategray with yellow logo,all-seasons,fabric,"These darkslategray men's sweatpants feature a bold yellow logo printed on one side, providing a striking contrast that adds flair to any outfit. Made from cozy fabric, they offer comfort while maintaining style. The casual design makes them suitable for everyday wear, whether lounging around the house, running errands, or relaxing after a workout. These sweatpants pair well with a variety of tops, such as T-shirts, hoodies, or button-down shirts, allowing you to create versatile looks that blend effortlessly between relaxed and stylish. They also work great when layered under jackets or sweaters during colder weather.",,bottom,117a8a41-46ac-447e-bb58-6a8fa9be1fc2,jpg
outfits/male/outfit_033/397b9304-63f4-4c58-914d-725b1b1b2433.jpg,outfit_033,male,crop top,casual,white with silver detailing,all-seasons,cotton,"This sleek and versatile crop top features a bold silver detail on its front, adding a modern flair to your outfit. With a cropped design that stops just above the waistline, it's perfect for showcasing your favorite bottoms such as jeans, shorts, or even skirts. The short sleeves provide a comfortable fit while the round neck adds a touch of elegance. Ideal for both casual days out and more relaxed events, this crop top pairs effortlessly with jeans for a chilled vibe or dress pants for a smarter look. It's lightweight yet durable, making it suitable for all seasons.",,top,397b9304-63f4-4c58-914d-725b1b1b2433,jpg
outfits/male/outfit_033/d74f1927-b6ad-414c-9c8f-6eb8994de54f.jpg,outfit_033,male,shirt,casual,darkslategray with gray and black plaid pattern,all-seasons,cotton,"This darkslategray plaid shirt features a subtle yet sophisticated gray and black checkered design that adds depth and texture to its appearance. The fabric is made from high-quality cotton, ensuring comfort and durability throughout various occasions. Its casual style makes it suitable for both formal and informal settings, providing versatility in everyday wear. The slightly fitted cut enhances the wearer's physique while maintaining a classic look. Pair this shirt with chinos or jeans for a laid-back vibe, or opt for smarter attire by combining it with slacks and a blazer for a polished finish. The plaid pattern provides a unique twist compared to standard solid-colored shirts, making it stand out among traditional options.",,top,d74f1927-b6ad-414c-9c8f-6eb8994de54f,jpg
outfits/male/outfit_034/61ff011a-903e-4203-99e1-6622e0822813.jpg,outfit_034,male,sneakers,sport,"gray with white, red, and brown accents",all-seasons,synthetic leather and rubber,"These sporty gray sneakers feature a bold design that includes white and red accents on the upper part, contrasting sharply against the dominant gray tone. The brown sole adds a unique touch of warmth and depth to the overall appearance. With their versatile style, these shoes can effortlessly transition from casual outdoor activities to everyday wear. They pair well with jeans, shorts, tracksuits, and even smart-casual ensembles like chinos and button-down shirts. Their durable synthetic leather construction ensures comfort and longevity while maintaining a sleek aesthetic.",,footwear,61ff011a-903e-4203-99e1-6622e0822813,jpg
outfits/male/outfit_034/b74acf29-a5db-488f-817a-4fad12d0feb6.jpg,outfit_034,male,jeans,casual,light blue with lightslategray ragged details,all-seasons,denim,"These casual ragged jeans feature a light blue base color with subtle lightslategray distressed detailing along the hems and legs. The jean cut is relaxed yet fitted through the thighs and hips, creating a comfortable and modern look. The ragged edges add an edgy vibe while maintaining a versatile style that works well for both everyday wear and weekend outings. These jeans pair effortlessly with a variety of tops such as graphic tees, button-down shirts, or even layered sweaters. For a more polished appearance, team them with a dressy blazer or a simple chambray shirt. Their versatility makes them perfect for transitioning between seasons, from spring and summer to autumn and winter.",,bottom,b74acf29-a5db-488f-817a-4fad12d0feb6,jpg
outfits/male/outfit_034/cc847808-c556-4e05-8640-46a5f8ef43f3.jpg,outfit_034,male,hoodie,casual,dark gray with 'baby club' words,all-seasons,fabric,"This dark gray hoodie features the casual and playful design of the words 'Baby Club' printed in bold white font across the front. The cozy fabric offers comfort while maintaining a relaxed style suitable for everyday wear. It has a standard fit that hugs the body gently, providing both style and warmth. With its casual appeal, this hoodie pairs well with jeans, shorts, or even chinos during warmer months. For colder days, layer it under a sweater or jacket for added insulation. Its versatile nature makes it ideal for both weekend relaxation and light-activity settings.",,outerwear,cc847808-c556-4e05-8640-46a5f8ef43f3,jpg
outfits/male/outfit_035/b3bd10d8-fe9f-4f3d-89d4-d80394207bfa.jpg,outfit_035,male,sneaker,casual,darkslategray with brown and white,all-seasons,sued leather,"These darkslategray and brown sued sneaks feature a distinctive texture from the sueded leather upper that gives them a luxurious feel. The subtle matte finish of the sueding complements the natural tones of the brown, creating a sophisticated yet understated look. The contrasting white sole adds a pop of brightness, enhancing both comfort and style. These shoes are perfect for casual days where you want to mix classic sophistication with modern simplicity. They pair effortlessly with chinos, jeans, or even dress pants for a polished outfit. Their versatile design makes them suitable for both urban adventures and weekend relaxation.",,footwear,b3bd10d8-fe9f-4f3d-89d4-d80394207bfa,jpg
outfits/male/outfit_035/b74acf29-a5db-488f-817a-4fad12d0feb6.jpg,outfit_035,male,jeans,casual,light blue with lightslategray ragged detailing,all-seasons,denim,"These light blue jeans feature a casual, rugged aesthetic with distinct lightslategray ragged detailing along the hems and legs. The jean cut is relaxed, providing a laid-back vibe while maintaining comfort and versatility. The lightweight denim offers a flexible fit that adapts well to different body types, making them suitable for everyday wear. They pair effortlessly with a variety of tops—from tees and button-down shirts to sweaters—and can easily transition from daytime activities to nighttime events. Whether you're running errands, going on a hike, or hanging out with friends, these jeans provide both style and functionality.",,bottom,b74acf29-a5db-488f-817a-4fad12d0feb6,jpg
outfits/male/outfit_035/b7a35b2e-f074-47af-8057-c050d717fc33.jpg,outfit_035,male,cardigan,classic,dark gray with beige accents,all-seasons,wool blend,"This dark gray cardigan sweater features subtle beige accents that add a touch of warmth and sophistication. It has a classic style with a button closure, providing both functionality and elegance. The wool blend material ensures comfort and durability throughout various seasons. Its slightly oversized fit allows for versatility in layering options, making it suitable for both casual and business settings. Pair it with chinos and loafers for a smart-casual look, or dress it down with jeans and boots for a more relaxed vibe.",,outerwear,b7a35b2e-f074-47af-8057-c050d717fc33,jpg
outfits/male/outfit_036/7ef58680-7b9a-41f5-8b92-70a33a8f1b4e.jpg,outfit_036,male,vest,classic,darkslategray with black accents,all-seasons,wool blend,"This darkslategray vest features a classic design with a sleek and sophisticated appearance. It has a smooth texture and is crafted from a high-quality wool blend, ensuring both comfort and durability. The vest has a zipper down the front, adding functionality and ease of wear. Its dark gray tone pairs effortlessly with various outfits, making it versatile enough for formal occasions as well as more casual settings. Pair it with slacks or jeans for a smart-casual look, or combine it with a button-down shirt for a polished ensemble. The subtle black accents provide a hint of contrast, enhancing its elegance while maintaining a contemporary appeal.",,top,7ef58680-7b9a-41f5-8b92-70a33a8f1b4e,jpg
outfits/male/outfit_036/9591f8c1-5292-4633-b208-1d51db67841c.jpg,outfit_036,male,sneaker,sport,darkslategray with black accents,all-seasons,leather,"These darkslategray leather sneaks feature a sleek, sporty design with contrasting black accents that add depth and sophistication. The durable leather construction ensures comfort and longevity while the gum soles provide excellent grip on various surfaces. They are perfect for urban environments where style meets functionality. These shoes pair effortlessly with casual looks such as skinny jeans and sweatshirts, creating a chic yet practical outfit for everyday wear. Additionally, they can also be dressed up by pairing them with tailored trousers and blazers for a more formal setting.",,footwear,9591f8c1-5292-4633-b208-1d51db67841c,jpg
outfits/male/outfit_036/a1236b71-08a3-40c0-89ba-8dda57ab3c15.jpg,outfit_036,male,t-shirt,casual,indianred with white background and red logo,all-seasons,cotton,"This Indian Red T-Shirt features a clean-cut design with a simple yet stylish red logo emblazoned on the front in white. Made from high-quality cotton, it offers both comfort and durability. The casual style makes it perfect for everyday wear, whether paired with jeans for a laid-back look or as part of a more formal outfit when combined with trousers or chinos. Its versatile nature allows it to fit seamlessly into various wardrobes and occasions. Whether you're heading to the gym, running errands, or just relaxing at home, this T-Shirt provides a stylish and practical solution.",,top,a1236b71-08a3-40c0-89ba-8dda57ab3c15,jpg
outfits/male/outfit_036/c03d0df1-627a-4d03-913b-794a0a47ef11.jpg,outfit_036,male,jacket,classic,black,all-seasons,leather,"This classic black bomber jacket features a clean, sleek design with minimalistic detailing. It has a full-length zipper running down the front, offering easy access and precise fit control. The jacket's durable leather construction ensures long-lasting durability while maintaining its luxurious feel. With its timeless style, this piece is versatile enough to transition effortlessly from casual weekends to smart-casual events. Pair it with skinny jeans and a crisp button-down shirt for a polished look or wear it alone over a tee for a more relaxed vibe.",,outerwear,c03d0df1-627a-4d03-913b-794a0a47ef11,jpg
outfits/male/outfit_036/cc3fcdac-5555-493a-938a-c8774a4896f4.jpg,outfit_036,male,pants,classic,black,all-seasons,cotton,"These classic black pants feature a slim fit with a slight taper at the bottom, offering a contemporary yet understated appearance. The addition of a belt loop and a functional belt enhances both comfort and style. These pants are perfect for everyday wear, pairing well with a button-down shirt for a business casual look or dressed down with a simple tee and a blazer for a more relaxed vibe. Their all-seasons design makes them versatile enough to adapt to various weather conditions.",,bottom,cc3fcdac-5555-493a-938a-c8774a4896f4,jpg
outfits/male/outfit_037/4ab55093-afcb-4419-8422-714750526378.jpg,outfit_037,male,sweater,casual,dark gray with white and black accents,all-seasons,wool blend,"This dark gray sweater features a cozy and luxurious wool blend construction that provides warmth and comfort throughout various seasons. The subtle white and black logo on the front adds a modern touch while maintaining a casual yet stylish appearance. It has a relaxed fit, allowing for easy layering under jackets or over shirts, making it versatile for both formal and informal occasions. Pair it with chinos or jeans for a polished look during autumn or winter months, or combine it with shorts and light pants in spring or summer for a laid-back vibe.",,top,4ab55093-afcb-4419-8422-714750526378,jpg
outfits/male/outfit_037/5586d3b2-2dff-42cd-903c-547ee27a193e.jpg,outfit_037,male,t-shirt,casual,gray,all-seasons,cotton,"This classic gray t-shirt features a simple yet versatile design that effortlessly compliments any outfit. Made from soft cotton fabric, it offers comfort and breathability suitable for both warm and cool weather. The clean-cut style and minimalist aesthetic make it perfect for everyday wear, whether paired with jeans and sneakers for a casual look or layered under a cardigan for a more sophisticated vibe. Its neutral tone allows it to blend seamlessly into various ensembles, creating a timeless and polished appearance.",,top,5586d3b2-2dff-42cd-903c-547ee27a193e,jpg
outfits/male/outfit_037/ae746663-58dd-437f-8085-7281308bbcfc.jpg,outfit_037,male,jeans,casual,denim blue,all-seasons,denim,"These jeans feature a classic straight leg design with a mid-rise fit that comfortably hugs the hips and thighs while allowing freedom of movement. The denim fabric is sturdy yet soft, offering durability and comfort throughout daily wear. Paired with a crisp white button-down shirt, these jeans create a versatile casual look suitable for both weekend activities and everyday errands. Their neutral shade complements various top choices, making them an essential piece in any man's wardrobe.",,bottom,ae746663-58dd-437f-8085-7281308bbcfc,jpg
outfits/male/outfit_038/2611f4f8-caa4-4768-a711-8a09a17a595a.jpg,outfit_038,male,sneaker,sport,dark gray with white accents,all-seasons,synthetic leather and rubber,"These dark gray sporty sneakers feature a clean design with subtle white accents on both the upper and the sole. The upper is made from synthetic leather, offering durability and comfort while maintaining a sleek appearance. The contrasting white sole adds a fresh touch and enhances visibility during low-light conditions. These shoes are perfect for casual outdoor activities such as running, hiking, or simply everyday wear. They pair well with light-colored pants, shorts, or even denim jeans for a modern and versatile look. Whether you're heading to the gym, exploring nature, or just running errands around town, these sneakers provide both style and functionality.",,footwear,2611f4f8-caa4-4768-a711-8a09a17a595a,jpg
outfits/male/outfit_038/6178787b-4772-4e42-946f-00662906adba.jpg,outfit_038,male,pants,outdoor,dark olive green,autumn,nylon,"These dark olive green The North Face cargo pants are perfect for outdoor adventures and casual wear alike. Crafted from durable nylon fabric, these pants offer both style and functionality. With multiple pockets designed to hold all your essentials, they provide ample storage space while maintaining a sleek appearance. The cut is slightly relaxed but still offers a comfortable fit that hugs the body without being too tight. The lightweight yet sturdy material ensures breathability in warm weather and durability during outdoor activities. These pants can easily transition from hiking trails to city streets, pairing well with tees, hoodies, or even dress shirts for a more formal look. Their camouflage-like coloring makes them versatile enough to blend into nature while standing out as a statement piece.",,bottom,6178787b-4772-4e42-946f-00662906adba,jpg
outfits/male/outfit_038/8d2e0c8f-4520-4e46-8c0c-fa17eece5fcb.jpg,outfit_038,male,sweater,classic,darkslategray,all-seasons,wool,"This darkslategray sweater features a classic rib-knit texture that adds a touch of sophistication and warmth. The deep gray shade pairs effortlessly with various outfits, creating a refined yet understated look. Its subtle ribbed design enhances its appeal by offering both comfort and style. It can be worn alone as a layering piece during autumn or winter months, or paired with dress pants and a button-down shirt for a more formal ensemble. Additionally, it complements casual looks when combined with jeans and a simple T-shirt. The versatile nature of this sweater makes it suitable for various occasions while maintaining elegance.",,top,8d2e0c8f-4520-4e46-8c0c-fa17eece5fcb,jpg
outfits/male/outfit_039/26de2dc3-a304-4d04-a025-fe4e3098ead0.jpg,outfit_039,male,jacket,casual,dimgray with black and red accents,all-seasons,fabric blend,"This dimgray jacket with black and red accents showcases a cozy and contemporary design that effortlessly transitions between casual and informal settings. The fabric blend ensures comfort while maintaining durability. Featuring a hoodie-style collar, this jacket offers both style and functionality, providing warmth and protection from the elements. It has a slightly oversized fit, giving it a relaxed yet stylish appearance. The combination of gray, black, and red hues creates a versatile look that pairs well with various outfits. Whether worn as part of a layered ensemble during autumn evenings or paired with jeans and a tee on chilly spring days, this jacket provides flexibility in styling options. Its unisex aesthetic makes it suitable for both men and women looking for a practical and fashion-forward outer layer.",,outerwear,26de2dc3-a304-4d04-a025-fe4e3098ead0,jpg
outfits/male/outfit_039/5cd0b354-5533-4993-aca3-11fe322105f6.jpg,outfit_039,male,jeans,casual,denim blue,all-seasons,denim,"These jeans feature a classic fit with a straight leg silhouette that skims the legs from waist to ankle. The denim fabric is durable and comfortable, providing a blend of style and functionality. The dark indigo hue with slight fading and distressing adds character and personality to the jeans. They are versatile enough to pair with a variety of tops, from casual tees to button-down shirts, making them perfect for everyday wear. Whether you're heading to work, running errands, or going out on the weekend, these jeans offer a laid-back yet polished look.",,bottom,5cd0b354-5533-4993-aca3-11fe322105f6,jpg
outfits/male/outfit_039/79d50206-fd4a-419a-875f-65ebad1e0f99.jpg,outfit_039,male,shoes,casual,dimgray with yellow and black accents,all-seasons,leather,"These children's shoes feature a sleek dimgray base with playful yellow and black accents that add a modern touch. The shoes have a classic lace-up design with a rounded toe, creating a casual yet stylish appearance. Made from high-quality leather, these shoes offer comfort and durability while providing a sophisticated look. They are perfect for everyday wear, ideal for pairing with jeans, shorts, or even smart-casual outfits. These shoes create an impression of versatility and elegance, making them suitable for various occasions.",,footwear,79d50206-fd4a-419a-875f-65ebad1e0f99,jpg
outfits/male/outfit_039/fd867d78-823c-4c65-a2e0-f1f09e174ac4.jpg,outfit_039,male,t-shirt,casual,white with silver accents,all-seasons,cotton,"This elegant silver-tinted white t-shirt features a round neckline and short sleeves, offering a contemporary twist on classic design. The subtle addition of silver highlights adds sophistication and versatility, making it suitable for both casual and semi-formal occasions. The soft cotton fabric ensures comfort while maintaining a polished appearance. It pairs effortlessly with jeans, chinos, or trousers, creating a modern and stylish look that compliments a variety of bottoms. Whether worn alone under a blazer or layered beneath a cardigan, this t-shirt showcases clean lines and refined detailing, embodying the essence of understated style.",,top,fd867d78-823c-4c65-a2e0-f1f09e174ac4,jpg
outfits/male/outfit_040/b7b8e839-29ca-4ae9-8c7a-ea5797868c4a.jpg,outfit_040,male,shorts,casual,denim blue with dimgray highlights,all-seasons,denim,"These denim shorts feature a classic casual style with a comfortable fit and a timeless appearance. The deep indigo hue with subtle gray undertones gives them a unique appeal that adds sophistication while maintaining a relaxed vibe. They have a straight leg cut and medium rise, offering versatility in pairing with various tops and shoes. The shorts are versatile enough to wear during both warm summer days and cooler autumn evenings. To enhance their look, they can be paired with a basic black belt, creating a polished yet laid-back ensemble suitable for everyday wear.",,bottom,b7b8e839-29ca-4ae9-8c7a-ea5797868c4a,jpg
outfits/male/outfit_040/ef395ecb-2221-4acf-a00a-382f95b6c08b.jpg,outfit_040,male,sneakers,casual,gray with white accents,all-seasons,leather,"These gray puer sneakers feature a sleek and modern design with understated elegance. The main body is made from high-quality leather, providing both comfort and durability. White accents on the sides add a touch of brightness and contrast, making them versatile for various occasions. With their classic yet contemporary style, these shoes pair effortlessly with casual outfits such as jeans and cargo pants, creating a laid-back yet sophisticated look. They also complement smart-casual ensembles like chinos and button-down shirts, enhancing the overall aesthetic appeal. These puer sneakers offer exceptional comfort thanks to their breathable materials and cushioned soles, ensuring all-day wearability.",,footwear,ef395ecb-2221-4acf-a00a-382f95b6c08b,jpg
outfits/male/outfit_040/fd867d78-823c-4c65-a2e0-f1f09e174ac4.jpg,outfit_040,male,t-shirt,casual,white with silver detailing,all-seasons,cotton,"This elegant silver-trimmed white t-shirt features a timeless round neckline and short sleeves, offering a versatile and contemporary look. The subtle silver accents enhance its appeal, making it perfect for both daytime casual wear and more formal occasions. Its lightweight cotton fabric ensures comfort throughout the day, while its classic style lends itself well to various outfits. Pair it with jeans for a relaxed vibe or dress it up with slacks and a blazer for a polished ensemble. Its simple yet sophisticated design allows it to complement a variety of accessories and bottoms, creating a stylish and effortlessly chic appearance.",,top,fd867d78-823c-4c65-a2e0-f1f09e174ac4,jpg
outfits/male/outfit_041/2db20025-153e-4ece-850c-cf0b18acbb57.jpg,outfit_041,male,jacket,classic,darkslategray with black accents,all-seasons,leather,"This darkslategray bomber jacket features a sleek, modern design with its classic shape and understated elegance. The jacket's fabric is made from high-quality leather, offering both durability and style. Its distinctive feature includes a zipper closure that runs along the front, providing ease of wear while showcasing the jacket's clean lines. A zippered collar adds an additional layer of functionality and sophistication, enhancing the overall aesthetic appeal. The dark grey tone pairs effortlessly with various outfits, making it versatile enough for everyday casual wear as well as more formal occasions. It can be worn alone during milder weather or layered over a shirt and sweater in colder conditions. Pairing it with jeans and boots creates a chic urban look, while combining it with slacks and loafers gives off a polished vibe suitable for work or social events.",,outerwear,2db20025-153e-4ece-850c-cf0b18acbb57,jpg
outfits/male/outfit_041/6e02a0fc-c95f-44ce-bfbd-8863f7ffc0ed.jpg,outfit_041,male,pants,casual,dark slate gray with black denim details,all-seasons,denim,"These dark slate gray denim pants feature a classic casual style that effortlessly transitions between daytime and evening wear. The fabric is made from high-quality denim, offering both durability and comfort. The deep gray shade adds a sophisticated touch while still maintaining a relaxed vibe. The pants have a straight leg cut with a medium rise, creating a timeless silhouette that flatters most body types. They also include distressed detailing and subtle washes, adding character and individuality. These pants pair well with a variety of tops such as button-down shirts, graphic tees, or sweaters. For a more formal look, they can be paired with a blazer or sport coat. In warmer weather, they work perfectly with sandals or low-top sneakers, while in colder months, they complement boots or loafers. Their versatile nature makes them an essential piece for any man's wardrobe.",,bottom,6e02a0fc-c95f-44ce-bfbd-8863f7ffc0ed,jpg
outfits/male/outfit_041/c01d2b7c-1b78-4545-9e07-266d8e84de63.jpg,outfit_041,male,sneakers,casual,darkslategray with black accents,all-seasons,canvas and rubber,"These Converse CT Ox shoes embody the classic appeal of casual wear while showcasing a sophisticated darkslategray colorway. The shoe features canvas uppers in a deep, matte gray shade that pairs effortlessly with both neutral and bold outfits. Its clean lines and minimalist design highlight its timeless style, making it suitable for everyday wear. The black rubber sole provides durability and traction, ensuring comfort and support throughout the day. These shoes are perfect for pairing with jeans, chinos, or even shorts during warmer months. Their versatile nature allows them to transition seamlessly from streetwear to more formal settings, creating a polished yet relaxed look.",,footwear,c01d2b7c-1b78-4545-9e07-266d8e84de63,jpg
outfits/male/outfit_041/fee0e678-97a3-4b2a-848d-643c6a3d9d3d.jpg,outfit_041,male,t-shirt,casual,silver with grey details,all-seasons,cotton,"This silver-tone t-shirt features a subtle grey background with a bold, contemporary design that reads simply as the letter 'D'. The fabric is made from high-quality cotton, ensuring comfort and breathability throughout wear. Its casual style makes it versatile enough for everyday use, whether paired with jeans and chinos during weekdays or worn under a blazer for a more polished look. The sleek design allows it to blend effortlessly into various outfits, making it ideal for both causal and semi-formal settings. The silver shade gives it a modern touch while still maintaining versatility in terms of matching with different bottoms and accessories.",,top,fee0e678-97a3-4b2a-848d-643c6a3d9d3d,jpg
outfits/male/outfit_042/0a96254a-d4ff-4f76-aca6-71ca4c155b49.jpg,outfit_042,male,sneaker,sport,"tan with white, red stripe, blue triangle",all-seasons,synthetic,"These tan and white sport sneakers feature a unique design with a red stripe running along the sides and a bold blue triangle accent situated prominently on one side. The clean yet playful aesthetic makes them versatile enough for both casual and sporty outfits. With their lightweight synthetic material, they provide comfort while maintaining style. These shoes pair well with jeans, shorts, and even dress pants for a more formal look. They also work perfectly with colorful tops and vibrant accessories to create dynamic outfits.",,footwear,0a96254a-d4ff-4f76-aca6-71ca4c155b49,jpg
outfits/male/outfit_042/6cc6db62-b3bd-4b40-88bb-be0d4374d2fd.jpg,outfit_042,male,jeans,casual,blue with lightslategray ragged details,all-seasons,denim,"These jeans feature a rugged and distressed appearance with deep blues enhanced by subtle lightslategray accents that create a unique aesthetic. The fabric is composed of high-quality denim that provides both comfort and durability. The jeans have a relaxed fit with slightly frayed hems and raw edges, offering a casual yet stylish vibe. They pair well with a variety of tops such as tees, button-down shirts, or sweatshirts, creating a versatile look suitable for everyday wear. Whether worn with a graphic tee for a laid-back weekend outfit or paired with a crisp button-up for a more polished vibe, these jeans provide endless possibilities for styling.",,bottom,6cc6db62-b3bd-4b40-88bb-be0d4374d2fd,jpg
outfits/male/outfit_042/8f18e5f8-0da5-4d21-94cf-bec8f1527e79.jpg,outfit_042,male,sweater,classic,wheat with white accents,all-seasons,wool blend,"This wheat-colored sweater with white accents features a classic round neckline and long sleeves, creating a timeless and sophisticated look. Made from a wool blend fabric, it offers warmth and comfort while maintaining its elegance. The subtle tones of wheat and white give the piece a versatile appeal that pairs well with various outfits. Its understated design allows it to be worn in both formal and casual settings, making it ideal for everyday wear. Pair it with dark jeans or chinos for a polished look, or layer it over a button-down shirt for a more dressed-up appearance.",,top,8f18e5f8-0da5-4d21-94cf-bec8f1527e79,jpg
outfits/male/outfit_043/6811dc98-2151-47bb-bebf-3b6da0c9f8ed.jpg,outfit_043,male,sweatshirt,casual,dimgray with off white logo,all-seasons,fabric,"This drab gray sweatshirt features a subtle off-white logo that adds a playful touch to its understated appearance. Made from soft fabric, it provides comfort while maintaining a cozy fit. The casual style makes it ideal for everyday wear, whether it's chilling at home, hanging out with friends, or running errands around town. Its relaxed fit ensures maximum comfort, while the slightly longer length gives it a modern vibe. Pair it with jeans or chinos for a laid-back outfit, or combine it with track pants for a sporty look. For added warmth, layer it over a tee or shirt on colder days.",,top,6811dc98-2151-47bb-bebf-3b6da0c9f8ed,jpg
outfits/male/outfit_043/c01d2b7c-1b78-4545-9e07-266d8e84de63.jpg,outfit_043,male,sneakers,casual,darkslategray with black accents,all-seasons,canvas and rubber,"These Converse CT Ox shoes feature a classic darkslategray canvas upper with contrasting black rubber detailing, creating a modern yet understated look. The shoe's chiseled toe cap and vulcanized sole provide comfort and durability. Ideal for everyday wear, these shoes pair effortlessly with jeans, chinos, shorts, or even smart-casual ensembles like khakis and button-down shirts. Their casual style makes them perfect for a day at the office, a night out on the town, or a weekend adventure. With their timeless design and versatile appeal, they enhance both formal and informal outfits alike.",,footwear,c01d2b7c-1b78-4545-9e07-266d8e84de63,jpg
outfits/male/outfit_043/caf10dd7-7eba-47e9-b447-2514a8274de7.jpg,outfit_043,male,jeans,casual,darkslategray,all-seasons,denim,"These darkslategray jeans feature a classic straight leg silhouette that effortlessly transitions between casual and more formal settings. The denim fabric is soft yet durable, offering comfort throughout the day while maintaining its shape over time. The deep gray hue gives off a sophisticated vibe, making them versatile enough to pair with various tops and shoes. Whether worn with a simple tee and sneakers for a laid-back look or paired with a button-down shirt and boots for a slightly dressed-up appearance, these jeans provide endless styling possibilities. They are ideal for everyday wear, work environments, or even weekend adventures.",,bottom,caf10dd7-7eba-47e9-b447-2514a8274de7,jpg
outfits/male/outfit_044/15203996-3034-4ed3-bfb8-31cc1c82a4c0.jpg,outfit_044,male,sneaker,sport,"dark gray with white, red, and blue stripes",all-seasons,leather,"These dark gray leather sport sneakers feature a bold design with contrasting white, red, and blue stripes running along the sides. The clean lines and sleek cut create a modern and stylish silhouette that complements both casual and more formal outfits. The leather material provides comfort and durability while enhancing the overall aesthetic appeal. These shoes are perfect for everyday wear, offering versatility in matching them with various ensembles such as jeans, shorts, chinos, or even tailored trousers. Their sporty style also makes them ideal for athletic activities and casual weekends.",,footwear,15203996-3034-4ed3-bfb8-31cc1c82a4c0,jpg
outfits/male/outfit_044/89b3f75f-a872-48cb-9f87-c93cb5391ea7.jpg,outfit_044,male,shorts,casual,lightseagreen with white logo,all-seasons,cotton,"These light seagreen shorts feature a crisp and fresh aquatic hue that exudes a casual yet sophisticated vibe. The primary color is complemented by a bold white logo emblazoned on the front, adding a modern touch to the design. Crafted from high-quality cotton, these shorts offer both comfort and durability, making them perfect for everyday wear. Their relaxed fit and mid-rise waist ensure they flatter various body types while providing a versatile style option. These shorts pair well with a variety of tops such as tees, button-down shirts, or even layered under jackets during colder weather. They also work perfectly with sandals or loafers for a laid-back summer look or even dressier shoes like oxfords for a more polished appearance.",,bottom,89b3f75f-a872-48cb-9f87-c93cb5391ea7,jpg
outfits/male/outfit_044/aa8aa8c2-9670-4a75-9cea-4f8fab0d1a90.jpg,outfit_044,male,sweatshirt,casual,lightseagreen with 'sorry' and 'rich country club' printed in white,all-seasons,fabric blend,"This light seagreen sweatshirt features bold white print that reads 'sorry' across the front and 'rich country club' on the back. The casual yet stylish design offers a unique twist on traditional sportswear. Made from a comfortable fabric blend, it boasts a relaxed fit and cozy texture suitable for both chilly days and mild evenings. It pairs well with jeans, khakis, or shorts for a laid-back look perfect for casual gatherings, weekends, or daily wear. The subtle humor adds personality while maintaining a smart appearance, making it ideal for both personal style expression and versatile everyday wear.",,top,aa8aa8c2-9670-4a75-9cea-4f8fab0d1a90,jpg
outfits/male/outfit_045/03708272-d156-4cff-ae0e-6d184faa1c55.jpg,outfit_045,male,pants,classic,black with white waistband,all-seasons,denim,"These classic black pants feature a subtle design element with a contrasting white waistband that adds a touch of sophistication. The fabric is made from durable denim, offering both comfort and style. With its straight leg cut and mid-rise fit, these pants provide a versatile option for everyday wear. They pair effortlessly with a variety of tops, whether it's a crisp button-down shirt, a casual tee, or even a more formal blazer. For a business setting, they complement a sharp suit jacket while maintaining a casual vibe. Their timeless appearance makes them suitable for both daytime and evening occasions.",,bottom,03708272-d156-4cff-ae0e-6d184faa1c55,jpg
outfits/male/outfit_045/6782b0cb-da41-4b91-ae77-ef3d09a66ed5.jpg,outfit_045,male,t-shirt,casual,dimgray with white accents,all-seasons,cotton,"This drab gray t-shirt features a subtle white logo emblazoned prominently on the front chest area. The simple yet understated design allows it to blend effortlessly into various casual outfits while still providing a touch of individuality. Its lightweight cotton construction ensures comfort throughout the day, making it suitable for both warm and cool weather. Paired with jeans or khakis, this piece can create a chic and relaxed look perfect for everyday wear. Additionally, its neutral tone makes it versatile enough to match with a variety of bottoms and accessories, allowing for endless style combinations.",,top,6782b0cb-da41-4b91-ae77-ef3d09a66ed5,jpg
outfits/male/outfit_045/7b0c21bb-a009-4b03-b8a5-8b06c6c8a19f.jpg,outfit_045,male,sneakers,sport,dark gray with white and black accents,all-seasons,synthetic leather and rubber sole,"These dark gray sporty sneakers feature a striking contrast of white and black accents, showcasing a bold logo embossed on one side. The sleek and modern design pairs well with both casual and athletic ensembles. Ideal for everyday wear, these shoes provide comfort while adding style to your outfit. Their synthetic leather upper ensures durability and breathability, making them suitable for various weather conditions. Combine them with jeans, chinos, or even dress pants for a versatile look that transitions seamlessly from day to night.",,footwear,7b0c21bb-a009-4b03-b8a5-8b06c6c8a19f,jpg
outfits/male/outfit_045/d0923a2c-676c-4e25-a573-688807234c5b.jpg,outfit_045,male,jacket,classic,darkslategray with black and white,all-seasons,leather,"This darkslategray leather jacket features a subtle yet sophisticated design with a striking white stripe running along one side. The classic style lends itself well to both formal and casual occasions, making it versatile enough for everyday wear. Its understated elegance pairs effortlessly with trousers, jeans, or chinos, offering a smart look that compliments a variety of outfits. Whether worn alone as a statement piece or layered over shirts and sweaters, this jacket adds depth and sophistication to any ensemble.",,outerwear,d0923a2c-676c-4e25-a573-688807234c5b,jpg
outfits/male/outfit_046/364a67d4-14ed-4602-8d31-002119266adf.jpg,outfit_046,male,sneakers,casual,dark gray with white accents,all-seasons,leather and rubber,"These dark gray sneakers feature white accents that add a touch of brightness to their understated appearance. The shoes have a clean and modern design with a classic silhouette that suits both casual and semi-formal occasions. The leather upper provides comfort and durability while the rubber sole ensures grip on various surfaces. These sneakers are perfect for everyday wear, whether you're walking around town or heading to the gym. They pair well with jeans, chinos, shorts, and even dress pants. For maximum style impact, try them with bright-colored socks or a bold outfit.",,footwear,364a67d4-14ed-4602-8d31-002119266adf,jpg
outfits/male/outfit_046/e2945245-50f7-4e4b-a913-da91ae49a3f3.jpg,outfit_046,male,swimshorts,casual,brown with burgundy accents,summer,polyester,"These The North Coast brown swim shorts feature a chic blend of earthy brown and bold burgundy hues, offering a striking visual impact. Crafted from lightweight polyester fabric, these shorts boast a modern and relaxed fit that provides optimal comfort during water activities. With a classic style, they are perfect for both poolside lounging and casual beach outings. Their durable construction ensures long-lasting performance even under rigorous use. These shorts pair well with light tops, T-shirts, or rash guards for an effortless look. They create a casual vibe while adding a hint of sophistication to your summer wardrobe.",,bottom,e2945245-50f7-4e4b-a913-da91ae49a3f3,jpg
outfits/male/outfit_046/effd2dee-2b38-492d-afb1-20484f49706a.jpg,outfit_046,male,t-shirt,casual,dimgray with white and red,all-seasons,cotton,"This drab gray t-shirt features a clean-cut style with a simple design that allows it to effortlessly blend into various outfits. The white base provides a neutral canvas while the bold red stripe encircling the neckline adds a pop of color and sophistication. It has a relaxed fit, perfect for layering under jackets or worn alone as part of a casual ensemble. Its lightweight cotton fabric ensures comfort throughout the day, making it suitable for both warm summer days and cooler autumn evenings. Pair it with dark jeans or chinos for a laid-back yet polished look.",,top,effd2dee-2b38-492d-afb1-20484f49706a,jpg
outfits/male/outfit_047/41d5c330-1a1e-4fc1-9fc1-c95528cc109d.jpg,outfit_047,male,leggings,athletic,darkslategray,all-seasons,nylon/elastane blend,"These The North Face women's leggings feature a darkslategray color that adds sophistication to your athletic ensemble. Crafted from a durable nylon/elastane blend, these leggings offer both comfort and performance, making them ideal for active lifestyles. With a modern fit and smooth finish, they provide a flattering silhouette while ensuring freedom of movement during workouts or casual wear. These leggings boast moisture-wicking technology to keep you dry and comfortable throughout your activities. Their stretchy fabric provides superior flexibility and support, enhancing mobility and allowing you to move freely without restriction. Whether you're hitting the gym, running errands, or just lounging around, these leggings deliver style and functionality in equal measure. Pair them with a colorful top or layer over a sweater for a chic yet practical look.",,bottom,41d5c330-1a1e-4fc1-9fc1-c95528cc109d,jpg
outfits/male/outfit_047/4e0cb428-97cb-34ef-9f97-7b3cf2a3f09a.jpg,outfit_047,male,t-shirt,casual,slategray with white accents,all-seasons,cotton,"This slategray t-shirt features a classic round-neck design and short sleeves, offering a simple yet sophisticated style. The subtle gray shade pairs well with both formal and casual ensembles, creating a versatile addition to any man's wardrobe. Its lightweight cotton fabric ensures comfort throughout the day while maintaining breathability in warm weather. The combination of slategray and white accents adds a modern touch that enhances versatility and elegance. This top can easily be paired with jeans, chinos, or even dress pants for a more polished look. For a sporty vibe, team it up with joggers or shorts for an effortless weekend outfit.",,top,4e0cb428-97cb-34ef-9f97-7b3cf2a3f09a,jpg
outfits/male/outfit_047/cae7cdbe-1ee7-46d5-a8be-c55e283e47f0.jpg,outfit_047,male,jacket,classic,darkslategray,all-seasons,wool,"This darkslategray wool jacket features a classic style with a deep, matte finish that exudes sophistication and understated elegance. It has functional zippers on both sides, offering versatility in wearability. The sleek design allows for easy layering during colder months, while its timeless appearance makes it suitable for various occasions. Its soft texture provides warmth and comfort, making it ideal for chilly days. The jacket's minimalistic approach to detailing enhances its versatile nature, allowing it to blend effortlessly into a variety of outfits. Pair it with casual trousers and boots for a weekend look, or dress it up with slacks and a button-down shirt for a more formal setting.",,outerwear,cae7cdbe-1ee7-46d5-a8be-c55e283e47f0,jpg
outfits/male/outfit_047/f94089fa-ec08-48d3-8926-e464aefb3991.jpg,outfit_047,male,sneaker,casual,rosybrown with grey and white accents,all-seasons,sued,"These rosybrown sued sneaks feature a subtle grey base that enhances their sophistication while maintaining a casual vibe. The soft yet durable sued material provides comfort and breathability, making them suitable for everyday wear. The distinctive white sole adds a playful touch, creating a contemporary and sporty aesthetic. These shoes pair effortlessly with both casual and semi-formal outfits, offering versatility in different contexts. They can be worn with jeans, chinos, or even shorts during warmer months, showcasing their adaptability across various seasons. With their sued texture and understated design, these sneaks offer style and functionality in one.",,footwear,f94089fa-ec08-48d3-8926-e464aefb3991,jpg
outfits/male/outfit_048/29f2cf53-c894-385f-ba9e-2b8357deeb17.jpg,outfit_048,male,t-shirt,casual,black with white logo,all-seasons,cotton,"This black t-shirt features a simple yet sophisticated design with a clean white logo prominently displayed on the front. The cut is classic and comfortable, with a regular fit that hugs the body while maintaining ease of movement. It boasts a soft, breathable cotton fabric that feels great against the skin and provides excellent comfort throughout the day. Its versatile nature makes it perfect for both casual weekend wear and everyday outfitting. Pair it with jeans or chinos for a relaxed look, or dress it up with tailored trousers and a blazer for a more polished appearance. The black-and-white combination adds a touch of elegance and sophistication, making it a staple piece in any man's wardrobe.",,top,29f2cf53-c894-385f-ba9e-2b8357deeb17,jpg
outfits/male/outfit_048/52c2d2b2-8c19-3d62-bbf1-2dbfb81dd703.jpg,outfit_048,male,sneakers,casual,darkslategray black with white soles,all-seasons,leather,"These darkslategray-black sneakers feature striking contrasting white soles that add a modern twist to their classic design. The leather upper offers both durability and comfort, while the sleek and understated style makes them versatile enough for everyday wear. Ideal for casual outings such as walking around town or running errands, these shoes also pair well with jeans, chinos, or even dress pants for a more polished look. Their subtle dark gray shade pairs effortlessly with various tones, from navy blue to earthy hues like olive green or mustard yellow. The white soles provide a fresh touch, making them perfect for adding brightness to monochromatic ensembles.",,footwear,52c2d2b2-8c19-3d62-bbf1-2dbfb81dd703,jpg
outfits/male/outfit_048/f7f15ee8-e291-40da-8320-4b9bfd205b2a.jpg,outfit_048,male,pants,casual,darkslategray,all-seasons,denim,"These darkslategray cargo pants are an excellent addition to your casual wardrobe. Crafted from durable denim fabric, they feature multiple pockets perfect for carrying essentials while maintaining a modern aesthetic. The unique dark gray shade adds sophistication and depth to any outfit. With their relaxed fit and comfortable design, these pants are ideal for everyday wear. They pair well with a variety of tops such as tees, button-down shirts, or even graphic T-shirts. For a more formal look, consider pairing them with a crisp button-up shirt and polished shoes. These pants also work great in colder months when layered under jackets or coats.",,bottom,f7f15ee8-e291-40da-8320-4b9bfd205b2a,jpg
outfits/male/outfit_049/370cf0a4-d79a-4149-b5a5-8e7164fdb553.jpg,outfit_049,male,sneakers,casual,darkslategray with logo,all-seasons,leather,"These darkslategray sneakers feature a clean and understated design that pairs well with both casual and formal ensembles. The shoes have a timeless style and a sophisticated touch due to their subtle gray shade. The logo embossed on the side adds a touch of personality while maintaining a low-key appearance. These shoes boast excellent comfort thanks to their breathable leather upper and supportive sole. They are versatile enough to be worn with jeans, chinos, shorts, or even dress pants, making them suitable for everyday wear. Their neutral color palette allows them to blend effortlessly into various outfits, creating a polished yet relaxed look.",,footwear,370cf0a4-d79a-4149-b5a5-8e7164fdb553,jpg
outfits/male/outfit_049/9030081a-0d94-434a-9da8-3beaa8d6fb48.jpg,outfit_049,male,t-shirt,casual,black with white logo,all-seasons,cotton,"This black t-shirt features a minimalist design with a simple yet striking white logo emblazoned prominently on the chest. The soft cotton fabric provides comfort and breathability, making it suitable for everyday wear in various contexts. Its versatile nature allows it to be paired effortlessly with jeans, chinos, or even shorts during warm weather. Whether worn alone under a jacket or layered beneath a sweater, this t-shirt adds a subtle touch of sophistication while remaining casual enough for daily activities. Its timeless appeal makes it ideal for both office environments and leisurely outings.",,top,9030081a-0d94-434a-9da8-3beaa8d6fb48,jpg
outfits/male/outfit_049/ef33fe56-90a3-4579-8a07-d8eea385d7c7.jpg,outfit_049,male,shorts,casual,darkslategray with black and white stripes,all-seasons,cotton,"These darkslategray men's shorts feature a striking design with bold black and white stripes running along the sides. The fabric is made from high-quality cotton, ensuring comfort and durability throughout various activities. With its casual style, these shorts are perfect for everyday wear, whether you're relaxing at home, hanging out with friends, or going on a casual outing. The black and white stripes add a contemporary touch that complements a variety of top choices, such as t-shirts, polo shirts, or even button-down shirts. These shorts create a relaxed yet stylish impression, making them versatile enough to pair with sandals in warmer months or with boots during cooler seasons.",,bottom,ef33fe56-90a3-4579-8a07-d8eea385d7c7,jpg
outfits/male/outfit_050/04965d82-a0c4-4b7e-9f4a-78187a97f1af.jpg,outfit_050,male,sneakers,sport,dark gray with white accents,all-seasons,mesh and synthetic materials,"These dark gray sporty sneakers feature a distinctive white mesh design that adds a modern touch. The clean lines and minimalist aesthetic make them versatile enough for both casual and athletic settings. The combination of dark gray and white creates a sophisticated yet approachable look. These shoes have a comfortable fit, providing excellent support and breathability thanks to the mesh upper. They pair well with jeans, shorts, tracksuits, and even smart-casual ensembles like chinos and shirts. Whether you're hitting the gym, running errands, or just relaxing at home, these sneakers offer style and functionality in equal measure.",,footwear,04965d82-a0c4-4b7e-9f4a-78187a97f1af,jpg
outfits/male/outfit_050/86b4cc60-0b13-3c49-858c-68f379999592.jpg,outfit_050,male,t-shirt,casual,dimgray with white and black and white logo,all-seasons,cotton,"This drably elegant t-shirt features a sophisticated gray base with a minimalistic yet striking black and white logo design emblazoned across its chest. The cut and silhouette offer a classic fit that hugs the body comfortably while remaining understated. Its casual style makes it versatile enough for everyday wear, whether paired with jeans for a laid-back look or layered beneath smarter attire for a more polished vibe. The combination of subtle gray tones and bold black and white accents allows for effortless versatility in matching with various bottoms and accessories. This piece can easily transition from informal gatherings to weekend loungewear.",,top,86b4cc60-0b13-3c49-858c-68f379999592,jpg
outfits/male/outfit_050/e04de413-30d4-36b0-a5f2-2b22a80a601d.jpg,outfit_050,male,shorts,casual,dimgray with white and black,summer,cotton,"These dingy gray shorts feature a clean-cut design with a subtle yet stylish white base that contrasts against a slim black stripe running along one side. The fabric is made from lightweight cotton, offering comfort and breathability perfect for warm summer days. Ideal for casual weekend wear, these shorts pair effortlessly with simple T-shirts, polo shirts, or even button-downs for a more polished look. They also complement various sandals or loafers for a versatile everyday outfit. The understated yet distinctive detailing makes them suitable for both laid-back outdoor activities and informal social gatherings.",,bottom,e04de413-30d4-36b0-a5f2-2b22a80a601d,jpg
outfits/female/outfit_001/2ba801fe-b76d-4971-8e35-95fec5253a15.jpg,outfit_001,female,boots,classic,black with brown detailing,all-seasons,leather,"These elegant black The Row Chelsea boots feature a classic style that effortlessly transitions from day to night. Made from premium leather, they boast a suède finish on the upper which adds a luxurious touch. The subtle brown detailing enhances the overall look, creating a sophisticated and understated aesthetic. With their mid-calf height and pointed toe, these boots offer both comfort and style. They are perfect for pairing with skinny jeans, trousers, dresses, or skirts, making them versatile enough for various occasions. Whether you're heading to work, running errands, or attending a special event, these boots will elevate your outfit while providing comfort all day long.",,footwear,2ba801fe-b76d-4971-8e35-95fec5253a15,jpg
outfits/female/outfit_001/67566f00-f6ca-4382-8a5a-6e610dd9cc36.jpg,outfit_001,female,jeans,casual,slategray with blue ragged details,all-seasons,denim,"These slategray ragged jeans feature a unique design with bold blue ragged detailing along the legs, creating a modern and edgy look. The jean cut is slightly flared at the bottom, offering comfort while maintaining style. The fabric is durable denim that provides structure and support, making these jeans suitable for everyday wear. The casual style allows them to pair effortlessly with a variety of tops, from tees to sweaters, showcasing versatility in both warm and cool weather. Whether paired with a simple tee and boots or a blouse and heels, these jeans create a laid-back yet sophisticated vibe.",,bottom,67566f00-f6ca-4382-8a5a-6e610dd9cc36,jpg
outfits/female/outfit_001/b88a42e7-9937-468f-8dae-895f53afdc07.jpg,outfit_001,female,sweater,classic,light gray with white accents,all-seasons,knitwear,"This light gray turtle-neck sweater features delicate white accents that add sophistication and elegance. The frayed edges provide a touch of casual chic, making it versatile enough for both formal and relaxed occasions. Its classic design allows it to effortlessly transition between daytime and evening looks. Pair it with skinny jeans or leggings for a modern street style vibe, or opt for a more refined look by combining it with tailored trousers and a pencil skirt. The soft knit fabric offers comfort while maintaining its smart appearance, making it suitable for all seasons. Whether worn alone as a layering piece under jackets or dresses, or paired with bold accessories like chunky jewelry or statement bags, this sweater adds depth and texture to any outfit.",,top,b88a42e7-9937-468f-8dae-895f53afdc07,jpg
outfits/female/outfit_001/d47f4ce3-3a5c-4170-97b4-9dce1c2eb1dc.jpg,outfit_001,female,parka,casual,rosybrown with beige accents,autumn,faux fur and fabric,"This rosybrown beige parka features a luxurious faux fur collar that adds warmth and style to its cozy design. The parka has a flattering fitted waistline that accentuates the figure while maintaining a casual vibe. It boasts a roomy hood that provides ample coverage and protection from the elements. With its soft faux fur lining and lightweight yet durable fabric construction, this piece is perfect for autumn days when temperatures drop but it's too warm for heavy coats. Pair it with skinny jeans and boots for a chic look or dress it up with a blazer and leggings for a more sophisticated ensemble.",,outerwear,d47f4ce3-3a5c-4170-97b4-9dce1c2eb1dc,jpg
outfits/female/outfit_002/8e0f0afe-482c-43f0-80ac-e6335c6686f7.jpg,outfit_002,female,coat,classic,tan beige,winter,faux fur,"This tan beige faux fur coat exudes elegance and sophistication. The classic style features a straight cut that flows gracefully from shoulders to hem, creating a chic and streamlined silhouette. It has a full-length design, offering warmth and protection against cold weather while maintaining a polished appearance. The luxurious texture of the faux fur adds softness and comfort, making it an ideal choice for formal occasions or special events. Paired with a tailored dress or pants, this coat enhances your outfit's overall style and adds a touch of luxury. Its versatile nature allows it to transition effortlessly between daytime and evening looks, ensuring versatility in various settings.",,outerwear,8e0f0afe-482c-43f0-80ac-e6335c6686f7,jpg
outfits/female/outfit_002/d47f4ce3-3a5c-4170-97b4-9dce1c2eb1dc.jpg,outfit_002,female,turtle-neck-sweater,classic,navy-blue,all-seasons,wool-blend,"This navy-blue turtle-neck sweater features a classic style that exudes elegance and sophistication. Made from a wool-blend fabric, it offers warmth and comfort while maintaining a polished appearance. The subtle texture adds depth to its design, creating a luxurious feel. The high-neckline provides coverage and modesty, making it suitable for both formal and casual occasions. Pair it with skinny jeans or trousers for a chic and sophisticated look. For a more relaxed vibe, team it with boyfriend jeans and a pair of boots. Its timeless appeal makes it versatile enough to wear in various seasons, whether it's autumn's cozy evenings or winter's frosty days.",,top,d47f4ce3-3a5c-4170-97b4-9dce1c2eb1dc,jpg
outfits/female/outfit_002/f8e4b432-0380-48a2-a6af-0d35b8a1ef45.jpg,outfit_002,female,boots,classic,darkslategray with burgundy accents,all-seasons,leather,"These darkslategray leather ankle boots with burgundy accents feature a classic style that exudes sophistication and elegance. The lace-up design adds a touch of femininity while the heel offers a stylish lift. Crafted from high-quality leather, these boots are both durable and comfortable, making them suitable for various occasions. Pair them with a dress for a chic evening look or with skinny jeans for a more casual yet polished vibe. Their understated yet bold color combination makes them versatile enough to complement almost any outfit, creating a sophisticated impression.",,footwear,f8e4b432-0380-48a2-a6af-0d35b8a1ef45,jpg
outfits/female/outfit_003/2b779e0d-fd22-48db-8b13-c75ff83ce7bd.jpg,outfit_003,female,hoodie,casual,dark gray with checker print on sleeves,all-seasons,cotton,"This dark gray hoodie features a subtle yet striking checker pattern that runs along both sleeves, adding a playful touch to its otherwise understated design. The soft cotton fabric ensures comfort throughout the day while maintaining durability. It has a relaxed fit with roomy armholes and a cozy hood, making it ideal for casual outings or chilling at home. The hoodie's minimalist aesthetic pairs well with jeans, leggings, or even skirts for a versatile look. Its checkered sleeves can complement various outfits by creating a balance between trendiness and timelessness. Whether worn alone as a layering piece or paired with another top, this hoodie offers flexibility in style options.",,outerwear,2b779e0d-fd22-48db-8b13-c75ff83ce7bd,jpg
outfits/female/outfit_003/dfe6555f-b5d9-4afc-ba5b-a974129ce23c.jpg,outfit_003,female,jeans,casual,light blue with lightslategray ragged details,all-seasons,denim,"These light blue jeans feature a unique design with subtle lightslategray ragged detailing along the hems and legs, adding a contemporary touch to their classic jean style. The lightweight denim fabric provides comfort while maintaining durability, making them perfect for everyday wear. With a slightly distressed look, these jeans offer a relaxed fit that skims the body, creating a modern silhouette. They pair well with a variety of tops, from casual tees to sleek blouses, and can be dressed up or down depending on the occasion. Whether worn casually during weekends or paired with statement accessories for a night out, these jeans effortlessly blend into any outfit.",,bottom,dfe6555f-b5d9-4afc-ba5b-a974129ce23c,jpg
outfits/female/outfit_003/fadcfefd-bd96-40c4-a78c-49b49d16230a.jpg,outfit_003,female,t-shirt,casual,dark gray with white and floral print,all-seasons,cotton,"This dark gray t-shirt features a charming white floral print prominently displayed on its front. The subtlety of the design allows it to blend effortlessly into various casual outfits while adding a touch of elegance. Made from high-quality cotton, it offers comfort and breathability suitable for everyday wear. Its relaxed fit and slightly longer length create a chic, feminine silhouette that can be worn alone as a layering piece under outerwear or paired with skinny jeans and shorts for a stylish look. It pairs well with a variety of bottoms such as pants, skirts, or dresses, allowing versatility in both formal and informal settings.",,top,fadcfefd-bd96-40c4-a78c-49b49d16230a,jpg
outfits/female/outfit_003/fbbe3e80-4749-4944-ba9f-2315aad3a2dc.jpg,outfit_003,female,heels,classic,darkslategray with black accents,all-seasons,leather,"The darkslategray the black leather pointed heel is a timeless and elegant addition to any woman's wardrobe. Crafted from premium leather, these shoes boast a sleek pointed toe design that adds sophistication and grace to any outfit. The dark gray base contrasts beautifully against the deep black accents, creating a chic and modern aesthetic. These heels are perfect for both formal occasions and more casual events, offering versatility in style and occasion. They provide comfort and support thanks to their well-crafted construction and cushioned sole, ensuring long wearability without sacrificing style. Pair them with a dressy skirt or pants for a polished look, or complement them with a bold outfit for a dramatic statement.",,footwear,fbbe3e80-4749-4944-ba9f-2315aad3a2dc,jpg
outfits/female/outfit_004/280f4ad6-80e4-46fa-aa78-1b5eda8d3e2c.jpg,outfit_004,female,pants,casual,darkslategray,all-seasons,fabric,"These darkslategray sweat pants feature a cozy and comfortable fit, designed for effortless everyday wear. Made from soft fabric, they offer maximum comfort while maintaining style. The high waist provides support and enhances the silhouette, making them perfect for casual days or weekend relaxation. These pants can easily be paired with a variety of tops such as tees, hoodies, or crop tops, creating versatile looks suitable for both daytime and evening activities. Their relaxed fit allows for freedom of movement, ideal for running errands, lounging at home, or even light workouts. With their neutral gray tone, these pants complement a wide range of outfits, blending seamlessly into your existing wardrobe.",,bottom,280f4ad6-80e4-46fa-aa78-1b5eda8d3e2c,jpg
outfits/female/outfit_004/e714b47f-c62c-498c-a52a-a22db1f96104.jpg,outfit_004,female,sneakers,casual,dark gray with golden accents,all-seasons,leather,"These dark gray Golden Goose Superstar leather sneakers exude a chic yet casual vibe, showcasing luxurious detailing in their golden accents. The leather upper provides a smooth, supple feel while maintaining durability and style. The iconic branding on the side adds a touch of playfulness and recognizability. These shoes feature a comfortable, sporty design that transitions seamlessly from day-to-day wear to weekend outings. They pair effortlessly with skinny jeans, shorts, dresses, and even casual trousers, creating versatile looks suitable for both city strolls and social gatherings. Their classic style makes them a timeless addition to any woman's shoe collection.",,footwear,e714b47f-c62c-498c-a52a-a22db1f96104,jpg
outfits/female/outfit_004/edf173e2-6067-4934-b454-6329f39f49b5.jpg,outfit_004,female,cardigan,classic,darkslategray,all-seasons,wool,"This darkslategray cardigan sweater features a classic style with a subtle grey tone that adds sophistication to any outfit. It has a smooth texture and soft hand feel typical of high-quality wool. The button closure provides versatility in sizing and styling options, allowing you to adjust the fit according to your preference. With its timeless design, this piece can effortlessly transition from daytime casual looks to more formal occasions. Pair it with skinny jeans and pointed-toe pumps for a chic evening ensemble, or layer it over a flowy maxi dress for a romantic vibe during springtime. Its simple yet elegant appearance makes it perfect for creating polished outfits while maintaining comfort.",,outerwear,edf173e2-6067-4934-b454-6329f39f49b5,jpg
outfits/female/outfit_005/887645c4-4c04-4ec6-b5e7-ed6734b1546e.jpg,outfit_005,female,loafer,classic,tan suède,all-seasons,suède,"This Peruvian-made loafer features a classic silhouette with elegant tan suède upper that effortlessly transitions between daytime and evening wear. The smooth, soft texture of the suède provides a luxurious feel against the skin while maintaining durability. Its clean lines and minimalist design make it versatile enough to pair with both casual and formal outfits. Ideal for workdays, weekend excursions, or special occasions, this shoe showcases its understated sophistication through its subtle yet sophisticated style. Paired with slacks, skirts, dresses, or even jeans, this loafer ensures you will look polished and put-together no matter what the occasion.",,footwear,887645c4-4c04-4ec6-b5e7-ed6734b1546e,jpg
outfits/female/outfit_005/b2e7b346-11cb-482d-a36f-b40f55166bb8.jpg,outfit_005,female,pants,classic,silver,all-seasons,linen,"These elegant silver linen straight crop pants from Silver the Row exude sophistication and comfort. Crafted from lightweight yet durable linen fabric, these pants feature a clean-cut straight leg silhouette that accentuates the modern woman's figure while maintaining a classic aesthetic. The subtle sheen of the linen gives them a chic and refined appearance suitable for both daytime and evening occasions. With their cropped length, they provide a flattering fit that pairs effortlessly with tailored tops, blazers, or casual tees. These pants are ideal for creating versatile looks whether you're attending a business meeting, running errands, or going out on the town. Their all-seasons versatility makes them a must-have addition to any wardrobe.",,bottom,b2e7b346-11cb-482d-a36f-b40f55166bb8,jpg
outfits/female/outfit_005/cee044f9-57a8-419d-8032-4a77c4412034.jpg,outfit_005,female,coat,classic,light gray with ivory accents,all-seasons,cashmere,"This light gray cashmere coat features subtle ivory accents that add sophistication and elegance. Its classic style makes it versatile enough for both daytime and evening wear. The soft texture of the cashmere ensures comfort while maintaining warmth during cooler months. The long length gives it a sophisticated appearance, perfect for layering over dresses or tops and bottoms alike. It can easily transition from office meetings to casual evenings by pairing it with different accessories such as scarves, belts, or jewelry. Its understated design allows it to blend effortlessly into various outfits, creating an air of refinement and poise.",,outerwear,cee044f9-57a8-419d-8032-4a77c4412034,jpg
outfits/female/outfit_006/3b0c714c-3b23-40cb-b0e0-93664aa5166a.jpg,outfit_006,female,jeans,casual,black,all-seasons,denim,"These cropped jeans are designed for a modern, trendy look. The cropped length highlights the legs while maintaining a sleek appearance. Made from durable denim fabric, these jeans offer comfort and style. They feature a dark black hue that complements various outfits and provides a chic, edgy vibe. Perfect for everyday wear, they pair well with a variety of tops such as tees, tanks, blouses, or graphic tees. For a more polished look, team them with a crisp button-down shirt and heels. These jeans also work great with casual tops like sweatshirts or crop tops for a relaxed yet sophisticated vibe.",,bottom,3b0c714c-3b23-40cb-b0e0-93664aa5166a,jpg
outfits/female/outfit_006/67bd6ae1-eac6-44b1-9184-5e55444a7cdd.jpg,outfit_006,female,jacket,classic,darkslategray with black accents,all-seasons,leather,"This darkslategray leather jacket features a classic style with a timeless elegance. It has a button closure that adds a sophisticated touch. The dark gray base provides a subtle yet striking appearance, complemented by the deep black accents that enhance its sophistication. Its smooth texture and supple feel make it perfect for layering over dresses or tops during autumn evenings or winter days. The jacket's versatile design allows it to blend effortlessly into various outfits—pair it with skinny jeans and a statement necklace for a chic evening look, or wear it with a casual shirt and skinny pants for a more relaxed vibe. With its sleek lines and minimalistic detailing, this jacket exudes understated class and refinement.",,outerwear,67bd6ae1-eac6-44b1-9184-5e55444a7cdd,jpg
outfits/female/outfit_006/75490e63-7f7a-4f8f-a88a-4186d2b03429.jpg,outfit_006,female,ankle boots,classic,darkslategray with black accents,all-seasons,leather,"These darkslategray leather ankle boots feature a sleek and sophisticated design that exudes elegance and sophistication. The boot's clean lines and minimalistic aesthetic make them versatile enough to pair with both casual and formal outfits. With their dark gray base and subtle black detailing, these boots add a touch of chic modernity to any outfit. They boast a classic ankle length, offering comfort and support while enhancing your style. Pair them with a pencil skirt and a crisp button-down shirt for a polished business look, or combine them with skinny jeans and a statement top for a trendy urban vibe.",,footwear,75490e63-7f7a-4f8f-a88a-4186d2b03429,jpg
outfits/female/outfit_006/b5676aab-7c44-475a-bbcf-4af1a583d52a.jpg,outfit_006,female,tank top,casual,white with silver cut outs,all-seasons,cotton,"This elegant white tank top features a daring cut-out neckline that showcases silver details, adding a touch of sophistication and glamour. The soft cotton fabric ensures comfort while maintaining a sleek appearance. Its versatile design makes it ideal for both daytime casual wear and evening events when paired with accessories like a statement necklace or jewelry. It pairs effortlessly with skinny jeans, shorts, or skirts, creating a chic look suitable for various occasions.",,top,b5676aab-7c44-475a-bbcf-4af1a583d52a,jpg
outfits/female/outfit_007/2bf421d8-9905-40f3-b7f1-6d9d9c34d765.jpg,outfit_007,female,jacket,classic,darkslategray with black accents,all-seasons,faux leather,"This elegant darkslategray faux leather jacket features a striking blend of sophistication and contemporary style. The sleek design showcases a classic fit with a smooth texture that feels luxurious against the skin. Its faux collar adds a touch of elegance while maintaining a casual vibe. Perfectly suited for autumn evenings when you want to stay warm yet look effortlessly chic, this jacket pairs seamlessly with skinny jeans, pencil skirts, or dress pants. It's versatile enough to wear on weekdays during work meetings or on weekends for brunch dates and dinner outings. The matte finish enhances its understated charm, making it an ideal addition to your closet for creating sophisticated yet modern looks.",,outerwear,2bf421d8-9905-40f3-b7f1-6d9d9c34d765,jpg
outfits/female/outfit_007/62608929-60b0-4d83-9cd1-5b478b578a44.jpg,outfit_007,female,ankle boots,classic,darkslategray with black leather trim,all-seasons,leather,"These elegant darkslategray ankle boots feature a classic style that exudes sophistication and understated elegance. Crafted from high-quality leather, they offer comfort and durability. The sleek design includes a row of subtle black leather panels that add texture and depth, creating a chic contrast against the deep gray tone. With its sleek lines and minimal detailing, these boots are versatile enough to pair effortlessly with both casual and formal ensembles. Whether worn with skinny jeans, a pencil skirt, or a long dress, these ankle boots provide a polished look while maintaining a contemporary edge.",,footwear,62608929-60b0-4d83-9cd1-5b478b578a44,jpg
outfits/female/outfit_007/64fcdb82-3c35-4654-b8cd-8fc9b10dc085.jpg,outfit_007,female,jeans,casual,darkslategray,all-seasons,denim,"These darkslategray jeans feature a relaxed fit with a classic straight leg silhouette. The fabric is made from durable denim that provides comfort and long-lasting wear. They have a slightly distressed look with subtle fading and slight rips at the knees, adding a casual yet stylish vibe. These jeans are perfect for everyday wear, whether you're running errands, going out with friends, or attending casual events. Pair them with a simple white tee or a crisp button-down shirt for a cohesive outfit. Their dark gray shade complements a variety of tops and shoes, making them versatile enough to transition between spring, summer, autumn, and winter.",,bottom,64fcdb82-3c35-4654-b8cd-8fc9b10dc085,jpg
outfits/female/outfit_007/eeb80ddb-b94c-4da7-901f-be84aa7d3b78.jpg,outfit_007,female,knit top,classic,darkslategray with black accents,all-seasons,knitwear,"This darkslategray knit top features a high-neck design that offers both sophistication and elegance. The fabric is soft and breathable, making it suitable for layering under jackets or wearing alone during milder weather. Its subtle gray tone complements various skin tones while its dark undertones provide a sophisticated touch. Pair it with pants or skirts for a polished look or dress it down with jeans for a more casual vibe. Its classic style allows for versatile applications in both formal and informal settings.",,top,eeb80ddb-b94c-4da7-901f-be84aa7d3b78,jpg
outfits/female/outfit_008/1bfe50ff-e9bf-4452-abf3-1e84b6f8787a.jpg,outfit_008,female,sweater,classic,darkslategray with black and gold accents,all-seasons,wool blend,"This elegant darkslategray sweater features a luxurious wool blend fabric that exudes sophistication and warmth. It boasts a timeless classic style with a subtle touch of gold, showcased through a single prominent gold button adorning its front. The sleek, understated design allows this piece to effortlessly complement various outfits while maintaining a polished appearance. Its versatile nature makes it suitable for both casual evenings and more formal occasions. Pair it with skinny jeans and ankle boots for a chic evening look, or layer it over a dress for a sophisticated daytime ensemble.",,top,1bfe50ff-e9bf-4452-abf3-1e84b6f8787a,jpg
outfits/female/outfit_008/2f136486-7588-4601-859b-dd3a3df0f301.jpg,outfit_008,female,jeans,casual,lightslategray,all-seasons,denim,"These lightslategray jeans feature a relaxed fit that provides comfort and ease while maintaining a stylish appearance. The jeans have a slightly distressed finish, adding character and authenticity to their design. With slight fading around the knees and hems, they offer a vintage-inspired look. The straight leg style allows for easy pairing with various tops and shoes, making them versatile for everyday wear. These jeans are perfect for casual outings, weekends, or even casual workdays. They can be paired with a simple tee and sneakers for a laid-back vibe, or dressed up with a blouse and flats for a more polished outfit.",,bottom,2f136486-7588-4601-859b-dd3a3df0f301,jpg
outfits/female/outfit_008/632fc28e-43e0-48d5-85a2-71dd00fa58ce.jpg,outfit_008,female,coat,classic,black with gold accents,all-seasons,leather,"This elegant black pea coat features understated sophistication with its classic style and timeless design. The matte finish of the leather gives it a luxurious feel while maintaining a subtle appearance. Gold-colored buttons add a touch of elegance and refinement, making this piece versatile enough for both daytime and evening wear. Its tailored fit and structured silhouette offer comfort and confidence, providing a smart yet casual look. Pair it with skinny jeans and heeled boots for a chic city-walking ensemble, or dress it up further by adding a statement necklace and stiletto heels for a sophisticated nighttime event.",,outerwear,632fc28e-43e0-48d5-85a2-71dd00fa58ce,jpg
outfits/female/outfit_008/eda9a8d4-289c-451b-b5fb-af9a610e5ccc.jpg,outfit_008,female,boots,classic,darkslategray with black and gold accents,all-seasons,leather,"These elegant darkslategray leather boots feature a sophisticated classic style with a subtle row of black leather along the sides that contrasts beautifully against the primary color. The striking gold buckle adds a luxurious touch and enhances their overall appeal. Perfect for both daytime and evening wear, these boots are versatile enough to pair with various outfits ranging from smart casual ensembles to more formal attire. Their timeless design makes them ideal for creating effortlessly chic looks while standing out in any crowd.",,footwear,eda9a8d4-289c-451b-b5fb-af9a610e5ccc,jpg
outfits/female/outfit_009/061ea3d5-20b4-4d94-8a48-509e1dbf1721.jpg,outfit_009,female,jeans,casual,darkslategray cropped in dark indigo,all-seasons,denim,"These darkslategray cropped jeans feature a dark indigo base with subtle hints of gray that add depth and sophistication. The cropped fit enhances leg length while maintaining a contemporary vibe. With a slight tapered leg and a high-rise waist, these jeans provide a modern silhouette perfect for casual yet chic outfits. The denim material offers durability and comfort, making them suitable for everyday wear. Pair them with a simple tee and sneakers for a relaxed look, or style them with a button-down shirt and heeled boots for a more polished appearance. These jeans create an impression of edginess and individuality, showcasing your personal style.",,bottom,061ea3d5-20b4-4d94-8a48-509e1dbf1721,jpg
outfits/female/outfit_009/31a47ce8-71cc-4790-af0d-7213f02a006b.jpg,outfit_009,female,coat,classic,darkslategray with brown accents,winter,fabric with fur trim,"This elegant darkslategray fur coat features subtle brown accents that add warmth and sophistication. The luxurious fabric is lined with soft fur, providing cozy insulation against cold weather. Its classic style includes traditional buttons running down the front, enhancing its timeless appeal. The coat has a structured yet feminine silhouette, offering both comfort and flattering fit. It can be worn as a standalone piece during chilly evenings or layered over sweaters and dresses for added warmth. Paired with skinny jeans and high heels, it exudes a modern urban chic vibe; while teamed with skirts and blouses, it achieves a polished office-ready look.",,outerwear,31a47ce8-71cc-4790-af0d-7213f02a006b,jpg
outfits/female/outfit_009/64a2118a-e615-4d8f-83b2-0b5b38447a68.jpg,outfit_009,female,ankle boots,classic,darkslategray,all-seasons,suédine,"These darkslategray suédine ankle boots exude understated sophistication with their classic design and timeless appeal. Crafted from high-quality suédine, these boots boast a soft, supple texture that enhances comfort while maintaining durability. The sleek, minimalistic lines define a streamlined silhouette, offering a modern yet elegant look. Their mid-calf height allows them to complement both casual and dressy ensembles seamlessly. Whether paired with a chic pencil skirt for work or a laid-back denim ensemble on weekends, these boots elevate any outfit effortlessly. They create a sophisticated impression, ideal for city strolls, office attire, or special occasions.",,footwear,64a2118a-e615-4d8f-83b2-0b5b38447a68,jpg
outfits/female/outfit_009/c584e5e5-066c-47cc-b667-6e06fd36ce03.jpg,outfit_009,female,turtle-neck-sweater,classic,beige-tone wheat,all-seasons,wool-blend,"This cozy turtle-neck sweater in warm wheat-beige tones exudes classic sophistication. Made from a luxurious wool blend, it offers exceptional comfort and softness against the skin. The understated design features a subtle v-neckline that adds graceful elegance to any outfit. Its versatile nature makes it suitable for both formal and casual occasions, pairing effortlessly with slacks, skirts, or jeans. Pair it with dark-wash jeans for a chic daytime look, or dress it up with a fitted pencil skirt and heels for a polished evening ensemble.",,top,c584e5e5-066c-47cc-b667-6e06fd36ce03,jpg
outfits/female/outfit_010/3553ae5b-6e8b-488f-abde-84767e2a68d4.jpg,outfit_010,female,shoes,casual,rosybrown with pink accents and a floral print,all-seasons,leather,"These rosybrown shoes feature a delicate pink floral design on the heel, adding a playful touch to your outfit. Made from premium leather, they offer comfort and durability while enhancing your style. Perfect for casual days out or informal events, these shoes can be paired with jeans, skirts, dresses, or even shorts. The combination of rosybrown and pink gives them versatility in matching with various outfits. Whether you're heading to brunch, running errands, or attending a light social gathering, these shoes will add charm and personality to your look.",,footwear,3553ae5b-6e8b-488f-abde-84767e2a68d4,jpg
outfits/female/outfit_010/3d5e59a3-bc01-44a9-a5f2-99e24affcd10.jpg,outfit_010,female,sweater,casual,"pink with silver, black, and white details",all-seasons,knitwear,"This chic pink sweater features a delicate silver design that adds sophistication and elegance. Accented with subtle black and white detailing, it provides a playful yet refined aesthetic. The cozy knit fabric ensures comfort while maintaining style. Ideal for casual days, pair it with skinny jeans and heeled boots for a modern look. For a more formal setting, team it with tailored trousers and pumps for a polished ensemble. Its versatile nature makes it suitable for various occasions, from weekends to evenings.",,top,3d5e59a3-bc01-44a9-a5f2-99e24affcd10,jpg
outfits/female/outfit_010/d80dba2c-9dc9-4fa6-ad63-3800444821af.jpg,outfit_010,female,jeans,casual,slategray with embroidered patches,all-seasons,denim,"These slategray jeans feature intricate embroidery on strategic patches, adding a subtle touch of sophistication to everyday casual wear. The jeans have a classic fit with a straight leg cut that flatters various body types. The embroidery, in delicate floral patterns, provides a unique accent that enhances the overall aesthetic appeal. They are versatile enough to pair with a simple tee and trainers for a laid-back weekend look, or they can be dressed up with a button-down shirt and suede boots for a more polished appearance. These jeans work well as a staple piece in any woman's wardrobe, offering comfort and style all year round.",,bottom,d80dba2c-9dc9-4fa6-ad63-3800444821af,jpg
outfits/female/outfit_011/0a1eab5b-ce5d-4dd7-8099-6ee5ffdae493.jpg,outfit_011,female,sweater,classic,beige,all-seasons,wool blend,"This beige sweater exudes understated sophistication with its classic style and cozy texture. Crafted from a luxurious wool blend, it offers warmth and comfort while maintaining elegance. The muted shade of beige allows it to effortlessly complement various outfits, making it versatile enough for both casual and semi-formal occasions. Its gentle drape and soft fabric create a relaxed yet polished silhouette that enhances the wearer's natural beauty. Pair it with skinny jeans or a pencil skirt for a chic look, or layer it over a button-down shirt for a more sophisticated vibe. This sweater transmits a sense of refinement and ease, perfect for everyday wear.",,top,0a1eab5b-ce5d-4dd7-8099-6ee5ffdae493,jpg
outfits/female/outfit_011/241e6500-60b0-42f4-a3bb-2cf6c085b628.jpg,outfit_011,female,jacket,classic,gray with brown accents,autumn,down,"This elegant gray down jacket with brown accents features a cozy padded interior that ensures warmth during chilly autumn days. It has a full hood with adjustable drawstrings for added comfort and style. The jacket boasts a classic cut with a fitted waist and slightly tapered hems, offering both sophistication and functionality. Its smooth outer fabric provides durability while maintaining a soft touch against the skin. This piece can effortlessly transition from casual weekend wear to smart outdoor activities like hiking or cycling. Pair it with skinny jeans or leggings for a modern look, or layer it over a crisp button-down shirt for a polished business-ready outfit.",,outerwear,241e6500-60b0-42f4-a3bb-2cf6c085b628,jpg
outfits/female/outfit_011/c1ca8b72-440a-411e-805a-347c96d5b5d3.jpg,outfit_011,female,jeans,casual,darkslategray with dark indigo accents,all-seasons,denim,"These cropped jeans feature a dark indigo base with subtle darkslategray undertones that add depth and sophistication. The cropped length enhances the modern silhouette, accentuating the legs while offering a versatile fit. They have a slightly flared leg opening, which balances the cropped top and creates a streamlined appearance. The jeans boast a comfortable, stretchy denim material that allows for ease of movement and maximum comfort throughout the day. Perfect for casual weekends or everyday wear, these jeans pair effortlessly with a variety of tops, from graphic tees to button-down shirts. Whether paired with a cozy sweater or a chic blazer, they create a stylish look that transitions seamlessly between seasons.",,bottom,c1ca8b72-440a-411e-805a-347c96d5b5d3,jpg
outfits/female/outfit_011/c86ced47-2870-45de-be21-c7055db7ecb1.jpg,outfit_011,female,boots,classic,black,all-seasons,suédine,"These elegant black suédine ankle boots embody sophistication and understated chic. The soft texture of the suédine adds a luxurious feel while maintaining comfort. With their sleek design and mid-calf height, these boots effortlessly transition from daytime casual wear to evening events. They pair perfectly with skirts, dresses, trousers, or even jeans for a polished yet relaxed look. Whether you're heading to work, meeting friends, or attending a special occasion, these boots will enhance your outfit with their timeless appeal.",,footwear,c86ced47-2870-45de-be21-c7055db7ecb1,jpg
outfits/female/outfit_012/2604aab3-2781-4ac4-a5f6-060de07aed75.jpg,outfit_012,female,coat,fashion-forward,dimgray with leopard print,autumn-winter,polyester,"This dingy gray leopard print coat is a bold statement piece that effortlessly merges elegance with trendiness. The monochromatic base in dingy gray provides a sophisticated backdrop while the subtle yet striking leopard print adds a playful edge. The silhouette is slightly oversized, offering comfort and flexibility, perfect for layering under chunkier sweaters or pairing with fitted dresses for contrast. Its tailored collar and long length lend a smart-casual vibe suitable for both daytime and evening wear. Wear it over denim jeans and a tee for a relaxed weekend look, or pair it with a sleek black dress for a night out. Its unique design allows for versatile styling options, making it a must-have addition to any autumn-winter wardrobe.",,outerwear,2604aab3-2781-4ac4-a5f6-060de07aed75,jpg
outfits/female/outfit_012/38f872c7-b47b-444e-8c7d-4450220756bd.jpg,outfit_012,female,shirt,classic,white with silver accents,all-seasons,cotton,"This elegant white shirt features a classic collar and a button-down design, making it perfect for both formal and casual occasions. The subtle silver accents add a touch of sophistication and modern flair. It has a traditional fit that skims the body without being too loose or too tight, offering comfort while maintaining its stylish appearance. The fabric is made from high-quality cotton, ensuring breathability and durability throughout various seasons. Pair this shirt with skinny jeans for a chic daytime look, or dress it up with a pencil skirt and heels for a sophisticated evening ensemble.",,top,38f872c7-b47b-444e-8c7d-4450220756bd,jpg
outfits/female/outfit_012/4321135f-8f9b-43f4-a9bb-d883cefe05af.jpg,outfit_012,female,shoe,classic,darkslategray with black base and gold accents,all-seasons,leather,"These darkslategray shoes feature a sophisticated design with a matte finish and luxurious black leather construction. The understated elegance of the shoe is enhanced by the elegant gold-colored buckle, which adds a touch of glamour without being overly ostentatious. They boast a classic style that pairs effortlessly with both casual and formal outfits, making them versatile enough for everyday wear as well as special occasions. These shoes offer comfort and support while maintaining their chic appearance, perfect for those who appreciate quality and refinement in footwear.",,footwear,4321135f-8f9b-43f4-a9bb-d883cefe05af,jpg
outfits/female/outfit_013/75490e63-7f7a-4f8f-a88a-4186d2b03429.jpg,outfit_013,female,ankle boots,classic,darkslategray with black accents,all-seasons,leather,"These elegant darkslategray ankle boots feature a sophisticated design with a subtle row of contrasting black leather detailing along the outer side. Crafted from high-quality leather, they boast a timeless classic style that complements both casual and formal ensembles. The smooth, sleek texture adds sophistication while the slouchy bootcut shape offers comfort and ease of movement. These boots are versatile enough to pair with skinny jeans, chinos, or even skirts for a modern yet polished look. Whether worn on a cozy autumn evening or during winter frosts, these ankle boots will enhance your outfit with their refined appearance and practicality.",,footwear,75490e63-7f7a-4f8f-a88a-4186d2b03429,jpg
outfits/female/outfit_013/8b5ca0a2-91b1-48b1-88af-12089689c2f8.jpg,outfit_013,female,trousers,classic,darkslategray with black undertones,all-seasons,stretch fabric,"These elegant darkslategray trousers are crafted from a luxurious stretch fabric that offers exceptional comfort and flexibility. The classic style features a straight leg silhouette, creating a sleek and modern appearance. With its dark gray hue, these trousers provide a sophisticated yet versatile option for both formal and casual occasions. They pair effortlessly with a variety of tops, such as crisp button-down shirts, layered blouses, or tailored jackets. Whether worn alone or styled with accessories like belts or scarves, these trousers exude sophistication and versatility.",,bottom,8b5ca0a2-91b1-48b1-88af-12089689c2f8,jpg
outfits/female/outfit_013/a49d9ab8-2535-4b22-b390-8c72b0d53043.jpg,outfit_013,female,coat,classic,black with fur trim,all-seasons,fabric with fur detail,"This elegant black coat features a luxurious fur collar that adds warmth and sophistication. The tailored fit provides a classic look while maintaining comfort. The smooth fabric drapes beautifully around the body, creating a sleek silhouette. The fur collar not only enhances the aesthetic appeal but also offers added insulation against cold weather. It pairs effortlessly with dresses, skirts, pants, or trousers, making it versatile for both formal and casual occasions. This piece evokes a sense of elegance and refinement, perfect for special events or everyday wear.",,outerwear,a49d9ab8-2535-4b22-b390-8c72b0d53043,jpg
outfits/female/outfit_014/099ff1b2-a7dd-40ae-958c-d495b82007dd.jpg,outfit_014,female,ankle boots,classic,darkslategray with black accents,all-seasons,leather,"These darkslategray leather ankle boots feature a sleek and sophisticated design that exudes elegance and understated chic. Crafted from premium leather, they boast a classic pointed toe and a slightly elevated heel, providing comfort and style in equal measure. The subtle matte finish adds a touch of sophistication while the black leather detailing around the ankle provides a striking contrast against the dark base color. These boots are perfect for creating polished looks whether paired with skirts, trousers, or dresses. They are versatile enough to transition seamlessly between daytime errands and evening events, making them an essential addition to any woman's wardrobe.",,footwear,099ff1b2-a7dd-40ae-958c-d495b82007dd,jpg
outfits/female/outfit_014/bff05643-6e2e-4f52-b385-0a7878834c05.jpg,outfit_014,female,jacket,casual,rosybrown with beige accents,autumn,fabric with padding,"This rosybrown beige padded jacket features a cozy and warm design with a removable hood that adds an extra layer of comfort. Made from soft fabric with built-in padding, it provides excellent insulation against cooler autumn days. The lightweight yet sturdy construction ensures ease of movement while maintaining warmth. The hood offers versatile styling options, allowing you to wear it up for added protection from wind and rain or down for a more sleek appearance. Pair this jacket with jeans and boots for a casual outfit perfect for walking around town or exploring nature trails. Alternatively, dress it up by pairing it with a blouse and skirts for a charming look suitable for weekend brunches or informal gatherings.",,outerwear,bff05643-6e2e-4f52-b385-0a7878834c05,jpg
outfits/female/outfit_014/ccec6a3c-ab02-4e36-8e61-fa6a69269c2b.jpg,outfit_014,female,jeans,casual,darkslategray with black,all-seasons,denim,"These darkslategray-black jeans are perfect for achieving effortless yet chic casual looks. Crafted from high-quality denim fabric, they boast a classic fit that hugs the hips and thighs while maintaining comfort. The subtle blend of dark slate gray and black creates a sophisticated and versatile appearance suitable for various occasions. Pair them with a crisp white top or a cozy sweater for a polished yet relaxed vibe. These jeans also complement other pieces in your wardrobe well, such as graphic tees, bold accessories, or statement shoes. Their understated elegance makes them ideal for everyday wear while still making a stylish impression.",,bottom,ccec6a3c-ab02-4e36-8e61-fa6a69269c2b,jpg
outfits/female/outfit_015/1287f3d6-b298-4b2f-a70e-9bf9e39e33b5.jpg,outfit_015,female,shoes,classic,darkslategray with black accents,all-seasons,leather,"These elegant darkslategray high-heel shoes exude sophistication and class. Crafted from premium leather, they feature a subtle matte finish that adds depth and texture to their appearance. The sleek design includes a pointed toe and a graceful stiletto heel, offering both style and comfort. These shoes effortlessly complement both formal and semi-formal outfits, making them ideal for special occasions such as weddings, galas, or even a sophisticated work event. Pair them with a flowing dress or a chic pantsuit for a polished look that demands attention.",,footwear,1287f3d6-b298-4b2f-a70e-9bf9e39e33b5,jpg
outfits/female/outfit_015/8b8607f6-9359-46a1-9308-c1f8af69c10c.jpg,outfit_015,female,jeans,casual,dimgray with blue accents,all-seasons,denim,"These dimgray ragged jeans feature a classic straight leg silhouette that effortlessly transitions from day to night. The blue accents add a subtle pop of color while the distressed detailing gives them a lived-in look. They are made from durable denim fabric which ensures comfort and longevity. These jeans pair well with a variety of tops such as graphic tees, tank tops, or button-down shirts. For a casual vibe, team them with a simple T-shirt and trainers. To dress up the outfit, pair them with a blazer and heeled boots for a more polished appearance.",,bottom,8b8607f6-9359-46a1-9308-c1f8af69c10c,jpg
outfits/female/outfit_015/bcc9c1ff-112b-4650-a0a9-e2124e3031b9.jpg,outfit_015,female,cardigan,classic,darkslategray with black base and floral print,all-seasons,knitwear,"This darkslategray cardigan features a subtle yet elegant black base with delicate floral prints scattered across its front. The cut is classic and sophisticated, providing a timeless appeal that complements both casual and formal outfits. Its soft texture from high-quality knitwear makes it comfortable while maintaining a polished look. It can be worn alone as a cozy layer during autumn evenings or paired with jeans and a blouse for a chic business-casual ensemble. For spring, it's perfect under a light top and skirts, showcasing the floral design while creating a fresh vibe. Whether you pair it with dark denims for a relaxed weekend look or with pastel-hued shirts for workdays, this cardigan offers versatility in every season.",,outerwear,bcc9c1ff-112b-4650-a0a9-e2124e3031b9,jpg
outfits/female/outfit_016/57b2809a-992b-4e5c-b73d-7903457e5e05.jpg,outfit_016,female,jacket,classic,black,all-seasons,leather or fabric,"This elegant black jacket features a simple yet sophisticated design with a single button closure. Its clean lines and understated appearance make it versatile enough for both daytime and evening wear. The classic style lends itself well to pairing with various outfits, whether it's paired with a chic dress for a night out or layered over a cozy sweater on a cooler autumn day. Its minimalist aesthetics allow it to blend effortlessly into any wardrobe, offering versatility in matching it with skirts, trousers, dresses, or even jeans.",,outerwear,57b2809a-992b-4e5c-b73d-7903457e5e05,jpg
outfits/female/outfit_016/b923dbf5-76d4-4ae4-a20d-a53974140f0e.jpg,outfit_016,female,trousers,classic,darkslategray,all-seasons,leather,"These darkslategray leather trousers embody sophistication and understated elegance. Crafted from premium leather, they boast a classic straight leg silhouette that flatters various body types while maintaining a modern edge. The smooth texture and supple finish add luxurious comfort, making them perfect for both daytime and evening wear. Paired with a crisp button-down shirt and pointed-toe pumps, these trousers create a polished business look suitable for office environments. Alternatively, they can be dressed down with a simple tank top and ankle boots for a casual yet chic ensemble. Their timeless design ensures versatility across seasons, offering endless possibilities for style experimentation.",,bottom,b923dbf5-76d4-4ae4-a20d-a53974140f0e,jpg
outfits/female/outfit_016/ce17641f-d283-4e1e-9a77-f1d36ab6bf86.jpg,outfit_016,female,tank top,classic,tan with ivory accents,all-seasons,silk,"This elegant tan silk tank top features delicate ivory accents that add sophistication and depth to its design. The soft silk fabric provides a luxurious feel against the skin while maintaining breathability throughout the day. With a simple yet refined cut, this top boasts a classic V-neckline that enhances the neckline and draws attention to the collarbone area. Its lightweight construction allows for effortless layering under jackets or sweaters during cooler months, making it versatile enough for both formal and casual occasions. Paired with skinny jeans or tailored trousers, this tank top exudes elegance and sophistication while creating a polished look suitable for work or social events.",,top,ce17641f-d283-4e1e-9a77-f1d36ab6bf86,jpg
outfits/female/outfit_016/de551018-08b4-4217-a601-d81cab9ec952.jpg,outfit_016,female,heels,casual,darkslategray with black accents,all-seasons,leather,"These elegant darkslategray low-heeled slingbacks exude sophistication and understated chic. The intricate design features a single row of sleek black slings that add depth and interest to the otherwise simple shoe. Crafted from high-quality leather, these shoes boast durability and comfort, making them ideal for everyday wear. Their low heel height ensures ease of movement while still offering stylish appeal. Pair them with a statement dress for a night out or opt for a smart-casual ensemble during the day. These shoes create a refined yet modern impression, perfect for both formal and informal occasions.",,footwear,de551018-08b4-4217-a601-d81cab9ec952,jpg
outfits/female/outfit_017/1a3670b0-5fd6-4cce-a595-c47f1ff85bd0.jpg,outfit_017,female,maxi dress,classic,light gray,all-seasons,cashmere,"This elegant maxi dress features a luxurious cashmere fabric that provides softness and warmth. Its light gray shade offers versatility in both daytime and evening wear, making it suitable for various occasions. The dress has a flowing silhouette with graceful pleats that create movement and volume, enhancing its classic appearance. It can be paired with bold accessories such as statement jewelry or a chunky belt to add sophistication. For layering options, consider pairing it with a cardigan or blazer during cooler months. Its timeless design makes it perfect for special events, work functions, or casual weekends.",,dress,1a3670b0-5fd6-4cce-a595-c47f1ff85bd0,jpg
outfits/female/outfit_017/920eb375-16b5-44b9-a409-c73946e737a1.jpg,outfit_017,female,heels,classic,dark olive green with black accents,all-seasons,sued,"The dark olive green the black sued pointed heel is a timeless piece that exudes elegance and sophistication. Crafted from high-quality sued, this shoe features a pointed toe design that adds a modern touch while maintaining its classic appearance. The dark olive green hue offers a versatile option for those seeking a unique yet understated look. Paired with the subtle black accents, these heels create a chic contrast that enhances any outfit. Ideal for both daytime and evening events, they complement dresses, skirts, and pants alike. Whether worn with a business suit, casual attire, or formal wear, these shoes elevate any ensemble with their polished and refined aesthetic.",,footwear,920eb375-16b5-44b9-a409-c73946e737a1,jpg
outfits/female/outfit_017/ddf44935-cac3-4d7c-93d0-6d099aa3b0d6.jpg,outfit_017,female,trousers,classic,darkolivegreen with brown accents,all-seasons,cotton blend,"These dark olive green wide-leg trousers feature subtle brown accents that add depth and sophistication to their classic design. The fabric is a comfortable cotton blend, ensuring ease of movement while maintaining a polished appearance. The trousers have a relaxed fit through the hips and thighs, transitioning into a slightly flared leg that ends just below the ankle. They boast a mid-rise waistband, providing comfort and support throughout the day. These trousers are perfect for both casual and semi-formal occasions. Pair them with a crisp button-down shirt for a smart-casual look, or dress them down with a loose top and sandals for a more laid-back vibe. Their timeless style makes them versatile enough to adapt to various settings, from workdays to weekend outings.",,bottom,ddf44935-cac3-4d7c-93d0-6d099aa3b0d6,jpg
outfits/female/outfit_018/0d04ee50-ec24-45d1-8f5f-31b61e448a15.jpg,outfit_018,female,sweater,casual,light blue with silver accents,all-seasons,knitwear,"This lightweight, airy knit sweater features a charming light blue base with subtle silver accents that add a touch of sophistication. Its round-neck design ensures comfort while maintaining elegance. The soft texture of the fabric allows for easy layering under jackets or worn alone as a statement piece. Ideal for casual daytime looks, this versatile top pairs effortlessly with skinny jeans, leggings, or skirts. Its timeless style makes it suitable for both formal and informal occasions, creating a cozy yet chic vibe.",,top,0d04ee50-ec24-45d1-8f5f-31b61e448a15,jpg
outfits/female/outfit_018/52da9a0b-7de6-4889-addf-3599fb48c723.jpg,outfit_018,female,jeans,casual,dark gray with light blue accents,all-seasons,denim,"These dark gray ragged jeans feature a unique design with subtle light blue accents, creating a contemporary yet relaxed vibe. The jeans have a distressed look with raw edges and uneven hems, giving them a laid-back appeal perfect for everyday wear. The lightweight denim fabric allows for comfort throughout the day while maintaining durability. They pair well with simple tops like t-shirts or blouses for a casual outfit, or can be dressed up with a chicer top and heels for a more sophisticated ensemble. These jeans offer versatility by being suitable for both warm and cool weather, making them ideal for all seasons.",,bottom,52da9a0b-7de6-4889-addf-3599fb48c723,jpg
outfits/female/outfit_018/a841a6a7-5a67-43ff-9d3c-2cee504c09dd.jpg,outfit_018,female,boots,classic,darkslategray with black accents,winter,sheepskin and leather,"These darkslategray boots feature a sleek and sophisticated design with a timeless appeal. Crafted from premium sheepskin, they offer exceptional warmth and comfort during cold winter days. The addition of a sturdy leather sole ensures durability and traction on various terrains. With their understated elegance, these boots effortlessly complement both casual and formal ensembles. Pair them with skinny jeans and a cozy knit sweater for a chic winter look, or dress them up with a sharp suit and a classic trench coat for a polished business outfit.",,footwear,a841a6a7-5a67-43ff-9d3c-2cee504c09dd,jpg
outfits/female/outfit_019/22d474f8-b2d2-464f-b44f-4066d1a59081.jpg,outfit_019,female,coat,classic,rosybrown with hints of camel,autumn,fabric blend,"This rosybrown camel coat features a stylish design with subtle touches of camel hues that effortlessly complement autumn's earthy tones. The classic style boasts a sleek, long length, enhancing its sophisticated appeal while offering maximum warmth during chilly days. Its elegant shape showcases a slightly oversized fit, providing both comfort and versatility in styling options. Accented by a functional belt, this piece allows you to adjust the fit according to your preference, creating a tailored look. Pair it with skinny jeans and heeled boots for a polished yet cozy outfit suitable for city walks or casual events. Alternatively, opt for leggings and ankle boots for a more relaxed vibe perfect for weekend adventures.",,outerwear,22d474f8-b2d2-464f-b44f-4066d1a59081,jpg
outfits/female/outfit_019/3a881e07-a9a3-4c3f-9fb4-ac62893256ab.jpg,outfit_019,female,accessory,bling,silver,all-seasons,metal,"This stunning silver accessory from Silver the Row features intricate cashmere detailing that catches the light and shimmers beautifully. The piece has a modern and glamorous aesthetic, suitable for both daytime and evening wear. Its versatile design allows it to complement various outfits, from casual ensembles to formal attire. It adds sophistication and sparkle to any outfit, making it an essential addition to your jewelry collection.",,accessory,3a881e07-a9a3-4c3f-9fb4-ac62893256ab,jpg
outfits/female/outfit_019/9a6dc5c9-6550-41a9-8bf4-62d3223619c4.jpg,outfit_019,female,jeans,classic,darkslategray,all-seasons,denim,"These darkslategray jeans feature a classic straight-leg silhouette that enhances the modern woman's figure. The fabric is made from premium denim, offering comfort and durability while maintaining its shape over time. They have a slightly distressed finish at the knees and hems, adding a touch of vintage appeal. The dark gray shade complements both neutral and bold-colored tops, making them versatile for everyday wear. Pair these jeans with a crisp white button-down shirt for a polished look, or layer them under a cozy sweater for a casual weekend outfit. Their timeless design ensures they will never go out of style.",,bottom,9a6dc5c9-6550-41a9-8bf4-62d3223619c4,jpg
outfits/female/outfit_019/c504e659-69f6-4cef-9a03-63c4c1cca3dd.jpg,outfit_019,female,ankle boots,classic,darkslategray with brown leather accents,all-seasons,leather,"These darkslategray ankle boots feature a classic style that effortlessly transitions between casual and formal occasions. Crafted from high-quality brown leather, they boast a sturdy yet elegant design with smooth finishes and a slightly pointed toe. The medium height allows them to add just the right amount of sophistication to your outfit while remaining comfortable all day long. Pair these boots with skinny jeans, midi skirts, or trousers for a chic look suitable for both city streets and special events. Their versatile nature makes them ideal for autumn and winter seasons but also work well in spring and summer with lighter fabrics.",,footwear,c504e659-69f6-4cef-9a03-63c4c1cca3dd,jpg
outfits/female/outfit_020/18e0fe6b-8c82-4cb9-a72a-a2b180b21d06.jpg,outfit_020,female,skirt,classic,dark olive green with brown and black checks,autumn,fabric,"This dark olive green skirt features a charming classic style with a subtle yet sophisticated touch. It boasts a unique pattern of intertwined brown and black checks that add depth and texture to its appearance. The fabric is soft and smooth against the skin, providing comfort throughout the day. Its flattering silhouette enhances the figure while maintaining a conservative demeanor suitable for both office settings and more formal occasions. Paired with a crisp white button-down shirt or a chic blazer, this skirt exudes elegance and professionalism. For added warmth during autumn evenings, consider layering it over a lightweight cardigan or tights.",,bottom,18e0fe6b-8c82-4cb9-a72a-a2b180b21d06,jpg
outfits/female/outfit_020/ab665d44-ad38-4954-a406-a6155c6cad32.jpg,outfit_020,female,boots,classic,darkslategray with burgundy accents,all-seasons,leather,"These darkslategray leather boots feature elegant burgundy accents that add sophistication and depth to their design. With a classic style, they boast a medium heel height that provides comfort while enhancing your stride. The smooth leather upper has a refined texture that exudes luxury and durability. These boots offer versatility as they can be paired with both casual and formal outfits. For example, they look stunning with a burgundy dress for a chic evening event or can be teamed with dark jeans and a blazer for a polished daytime ensemble. Their understated elegance makes them perfect for creating a sophisticated yet understated outfit.",,footwear,ab665d44-ad38-4954-a406-a6155c6cad32,jpg
outfits/female/outfit_020/cc1b1453-6fc1-427f-9055-7366aeeb7633.jpg,outfit_020,female,sweater,classic,darkslategray with black accents,all-seasons,knitwear,"This darkslategray turtle-neck sweater features subtle black accents that add depth and sophistication to its classic design. Made from high-quality knitwear, it offers exceptional comfort and warmth while maintaining a modern aesthetic. The sleek, form-fitting silhouette enhances the wearer's figure, creating a polished yet understated look suitable for both daytime and evening occasions. Pair it with skinny jeans or a pencil skirt for a chic business outfit, or layer it over a simple blouse for a casual yet elegant ensemble.",,top,cc1b1453-6fc1-427f-9055-7366aeeb7633,jpg
outfits/female/outfit_020/ce9e82e2-28f3-428c-90e6-8ff407bcf0b1.jpg,outfit_020,female,jacket,classic,dark olive green with brown and black checks,all-seasons,wool blend,"This dark olive green blazer jacket features a classic check pattern in shades of brown and black, offering a sophisticated yet understated appeal. The silhouette is tailored, with a structured shoulder and fitted waist, creating a chic and modern look. The texture of the wool blend material adds warmth and durability while maintaining elegance. It pairs effortlessly with dresses, skirts, or trousers, making it versatile enough for both formal and semi-formal occasions. Its subtle check design allows it to complement various outfits, from office ensembles to weekend wear, showcasing its timeless style.",,outerwear,ce9e82e2-28f3-428c-90e6-8ff407bcf0b1,jpg
outfits/female/outfit_021/09e80442-f766-465d-a2a4-f0b3d3204ec4.jpg,outfit_021,female,shirt,classic,palegoldenrod,all-seasons,cotton,"This pale goldenrod button-down shirt features a classic style that exudes elegance and sophistication. The light yellow hue adds warmth and brightness to any outfit, making it versatile enough for both casual and semi-formal occasions. With its crisp collar and subtle texture from high-quality cotton fabric, this shirt offers comfort while maintaining a polished appearance. Its button-front design allows for easy wearability and versatility in layering options. Pair it with skinny jeans or tailored trousers for a chic office look, or opt for a more relaxed vibe by teaming it with distressed jeans and a casual blazer.",,top,09e80442-f766-465d-a2a4-f0b3d3204ec4,jpg
outfits/female/outfit_021/684692fd-3903-461f-a05d-1c17553721d7.jpg,outfit_021,female,shoe,classic,black,all-seasons,leather,"The black leather pointed heel is a timeless and elegant choice in women's footwear. Made from premium quality leather, this shoe exudes sophistication and class. Its pointed toe design adds a touch of modern elegance while maintaining a traditional silhouette. The pointed heel offers both style and comfort, providing support and enhancing your posture. This versatile shoe pairs effortlessly with dresses, skirts, trousers, and even jeans for a chic and polished look. Whether you're attending a formal event or simply wanting to elevate your everyday outfit, this classic shoe will leave a lasting impression.",,footwear,684692fd-3903-461f-a05d-1c17553721d7,jpg
outfits/female/outfit_021/bf431cd0-e46d-44a6-9ae3-665627ed3dad.jpg,outfit_021,female,trousers,classic,black,all-seasons,leather,"These luxurious wide-leg trousers from The Row exude sophistication and elegance. Crafted from premium leather, they boast a smooth texture that enhances their classic appeal. The wide-leg silhouette offers comfort while maintaining a chic appearance, making them ideal for both daytime and evening events. Their versatile nature allows for effortless pairing with a variety of tops, jackets, and shoes. Whether paired with a crisp button-down shirt for a business-ready look or layered under a coat for a more casual vibe, these trousers add a touch of refinement to any outfit.",,bottom,bf431cd0-e46d-44a6-9ae3-665627ed3dad,jpg
outfits/female/outfit_022/033f7e79-9e9d-4400-a982-e77e25de1d6f.jpg,outfit_022,female,trousers,classic,darkslategray with brown accents,all-seasons,wool blend,"These darkslategray wide-leg trousers feature subtle brown accents that add depth and sophistication to their classic design. The wool blend fabric provides exceptional comfort and warmth, making them suitable for both autumn and winter seasons. With a modern yet understated appearance, these trousers offer a versatile option for everyday wear as well as more formal occasions. They boast a relaxed fit through the hips and thighs, transitioning into a wider leg at the bottom, creating a flattering silhouette that complements various shoe styles such as pumps, boots, or ankle boots. Pair them with a simple blouse or top for a polished look, or mix things up by layering them over a casual shirt and jacket for a chic, sophisticated vibe.",,bottom,033f7e79-9e9d-4400-a982-e77e25de1d6f,jpg
outfits/female/outfit_022/3aa44087-3798-460b-b1e3-ab8bd4c7fd3f.jpg,outfit_022,female,jacket,classic,rosybrown with pink accents,all-seasons,fabric,"This rosybrown blazer jacket features elegant button detailing that adds sophistication to its classic design. The subtle hint of pink in the fabric gives it a charming touch while maintaining a polished appearance suitable for both daytime and evening wear. Its tailored fit offers a modern silhouette that accentuates the wearer's figure, making it versatile enough to pair with dresses, skirts, or pants. Ideal for business meetings, casual gatherings, or even as a layered piece during colder seasons, this jacket allows for effortless style transitions. It pairs well with neutral tones like black, grey, or cream, but also compliments bold accessories such as gold jewelry or vibrant scarves.",,outerwear,3aa44087-3798-460b-b1e3-ab8bd4c7fd3f,jpg
outfits/female/outfit_022/7023d1ee-a9d9-412c-b886-78253f514bd1.jpg,outfit_022,female,pumps,classic,darkslategray with black accents,all-seasons,leather,"These elegant darkslategray pumps feature a sophisticated design with a sleek, understated color palette that includes both the dominant shade of darkslategray and subtle black accents on the rows of leather. The pointed toe enhances their chic and modern appearance, while the pointed heel adds height and sophistication. Crafted from premium leather, these shoes offer comfort and durability, making them ideal for formal occasions such as weddings, office events, or even special dates. Their classic style allows them to pair effortlessly with various outfits, from smart casual ensembles to more formal attire. These pumps create an impression of classiness and refinement, suitable for women who value quality and timeless aesthetics.",,footwear,7023d1ee-a9d9-412c-b886-78253f514bd1,jpg
outfits/female/outfit_023/a62db097-1acb-402b-9ae0-b5842be22390.jpg,outfit_023,female,jacket,classic,darkslategray with navy accents,all-seasons,wool blend,"This darkslategray navy blazer jacket features a timeless classic style with its elegant single-button closure. The smooth wool blend fabric provides both comfort and sophistication, making it suitable for various occasions throughout the year. Its understated yet sophisticated appearance allows it to effortlessly complement a variety of outfits. It pairs perfectly with dark wash jeans or tailored trousers for a polished look, while also blending seamlessly with skirts or dresses for a chic ensemble. Whether worn during autumn evenings or winter days, this versatile piece enhances your overall style and offers a smart casual vibe.",,outerwear,a62db097-1acb-402b-9ae0-b5842be22390,jpg
outfits/female/outfit_023/aa921bda-f395-4233-9ff0-ed86e4bbe15e.jpg,outfit_023,female,trousers,classic,darkslategray with navy undertones,all-seasons,stretch fabric,"These darkslategray navy trousers feature a classic design that effortlessly transitions between work and weekend wear. Crafted from a stretchy fabric, they offer both comfort and style, making them perfect for daily wear. The subtle navy undertones add depth and sophistication to the dark gray hue, creating a polished look. These trousers have a straight leg silhouette, providing a clean and modern aesthetic. They can be paired with a variety of tops, such as a crisp button-down shirt for a business-appropriate ensemble, or layered over a soft knit sweater for a more casual vibe. Their stretchy fabric ensures ease of movement while maintaining shape, ensuring all-day comfort.",,bottom,aa921bda-f395-4233-9ff0-ed86e4bbe15e,jpg
outfits/female/outfit_023/e1003fba-5c01-3252-879b-90c268e3f551.jpg,outfit_023,female,pump,classic,darkslategray with black accents,all-seasons,leather,"This elegant darkslategray pump features a luxurious black leather finish that exudes sophistication and understated elegance. The timeless design boasts a sleek, streamlined silhouette, showcasing a pointy toe and a stiletto heel that enhances the wearer's height while maintaining comfort. Accented by its minimalistic yet sophisticated detailing, this shoe pairs effortlessly with both formal and casual outfits alike. Its versatile nature makes it suitable for various occasions such as office wear, evening events, or even a night on the town. Pair it with a tailored suit for a chic business look, or complement it with a chiffon dress for a romantic evening vibe.",,footwear,e1003fba-5c01-3252-879b-90c268e3f551,jpg
outfits/female/outfit_023/efec1ac4-0ab3-4100-bd84-2210cd347549.jpg,outfit_023,female,blouse,classic,white with silver pleats,all-seasons,cotton,"This elegant white blouse features delicate silver pleated detailing along the front panel, adding a subtle touch of sophistication and texture. The classic style allows it to effortlessly transition between casual and formal occasions. Its lightweight cotton fabric ensures comfort throughout the day while maintaining its crisp appearance. Ideally suited for layering under jackets or draped over simple skirts and trousers, this versatile piece can be paired with a variety of accessories such as necklaces, scarves, or belts to enhance your look. It conveys a refined and polished impression suitable for both office settings and special events.",,top,efec1ac4-0ab3-4100-bd84-2210cd347549,jpg
outfits/female/outfit_024/0a9bd4e5-3e01-4622-b62f-7dec0f7073f4.jpg,outfit_024,female,shirt,classic,darkslategray with white accents,all-seasons,cotton,"This darkslategray shirt features a classic collar and long sleeves, offering a sophisticated and understated elegance. The subtle blend of dark slate gray and white highlights create a timeless appeal that complements both formal and casual settings. Its lightweight yet durable cotton fabric ensures comfort throughout the day while maintaining its shape and structure. Pair this shirt with dark trousers or skirts for a polished business look, or opt for jeans and white pants for a more relaxed vibe. Its button-up design allows for easy layering under jackets or sweaters during colder months, making it versatile year-round.",,top,0a9bd4e5-3e01-4622-b62f-7dec0f7073f4,jpg
outfits/female/outfit_024/1287f3d6-b298-4b2f-a70e-9bf9e39e33b5.jpg,outfit_024,female,high heels,classic,darkslategray with black accents,all-seasons,leather,"These darkslategray high-heeled shoes feature a classic style that exudes sophistication and elegance. The shoes boast a refined silhouette with a pointed toe and a stiletto heel, offering both comfort and style. Accented by sleek black detailing, these shoes complement various outfits while enhancing your overall look. Perfect for formal occasions such as weddings, business meetings, or special events, they also pair well with casual ensembles like skinny jeans and a chic top. These shoes create an impression of confidence and poise, making them a versatile addition to any woman's wardrobe.",,footwear,1287f3d6-b298-4b2f-a70e-9bf9e39e33b5,jpg
outfits/female/outfit_024/43b2f89b-0d1e-40dc-8cfa-0c98b6a320e0.jpg,outfit_024,female,suit,classic,darkslategray with black and white pinstripes,all-seasons,wool,"This elegant darkslategray suit features a sophisticated blend of black and white pinstripes that create a subtle yet striking pattern. The fabric is made from high-quality wool, ensuring both comfort and durability throughout various occasions. Its classic style makes it versatile enough for formal events, business meetings, or even special occasions where a refined appearance is desired. The dark base color complements the understated pinstripes, providing a modern and chic look. Pair this suit with a crisp button-down shirt in solid black or white for a polished office attire, or opt for a bold scarf or brooch to add personality. For added warmth during colder months, consider layering a lightweight cashmere cardigan over the suit jacket.",,outerwear,43b2f89b-0d1e-40dc-8cfa-0c98b6a320e0,jpg
outfits/female/outfit_024/b510c810-dab7-4cef-8337-38d410fcf343.jpg,outfit_024,female,jacket,classic,darkslategray with black and white stripes and leopard print accents,all-seasons,fabric blend,"This elegant darkslategray blazer jacket features a timeless classic style with a sophisticated touch. It boasts black and white stripes running down its length, creating a subtle yet chic pattern that complements various outfits effortlessly. The standout feature is its unique leopard print collar, adding a playful edge while maintaining a polished appearance. Made from a fabric blend for comfort and durability, this piece can be worn in both casual and formal settings. Its versatile design allows it to pair well with skirts, trousers, or dresses, offering endless possibilities for creative styling. Whether you opt for a bold look by pairing it with monochrome bottoms or blending it subtly within your existing wardrobe, this jacket will elevate your overall ensemble.",,outerwear,b510c810-dab7-4cef-8337-38d410fcf343,jpg
outfits/female/outfit_025/17235710-ce34-4be7-a90f-3c00f22f6d2d.jpg,outfit_025,female,jacket,classic,gray with black accents,all-seasons,wool blend,"This elegant gray blazer jacket features a sophisticated classic style that exudes sophistication and versatility. Crafted from a luxurious wool blend fabric, it offers both warmth and comfort while maintaining its chic appearance. The jacket's tailored silhouette showcases clean lines and sharp shoulders, making it ideal for both formal and casual occasions. Its understated design allows it to pair effortlessly with various outfits, whether worn over a crisp black button-down shirt for a polished look or paired with a simple tank top and skinny jeans for a more relaxed vibe. Accented by subtle black detailing around the buttons and cuffs, this piece adds depth and balance to your ensemble. Whether you're heading to work, attending a dinner party, or simply running errands on a chilly day, this versatile blazer will seamlessly integrate into your wardrobe.",,outerwear,17235710-ce34-4be7-a90f-3c00f22f6d2d,jpg
outfits/female/outfit_025/3a36f67b-6ebd-4133-9e22-c418b5374cd3.jpg,outfit_025,female,vest,classic,gray with black accents,all-seasons,wool blend,"This elegant gray wool blend vest features a classic silhouette with slightly padded shoulders that accentuate the upper body. The lightweight fabric offers warmth without heaviness, making it perfect for autumn evenings or chilly spring days. The understated color palette complements both dark and light ensembles effortlessly. Paired beneath a black button-down shirt, this vest adds sophistication while maintaining a subtle touch of luxury. Its sleek lines and tailored fit create a polished appearance suitable for business meetings, dinner dates, or casual yet sophisticated gatherings.",,top,3a36f67b-6ebd-4133-9e22-c418b5374cd3,jpg
outfits/female/outfit_025/753d55a0-156e-4723-9f54-eeaf2a8dc390.jpg,outfit_025,female,trousers,classic,gray,all-seasons,wool,"These classic gray wool trousers offer a sophisticated and timeless appeal. Crafted from premium quality wool, these trousers provide both comfort and elegance. The understated yet elegant tone of gray makes them versatile enough to pair effortlessly with various tops and jackets. They boast a traditional straight leg silhouette that flares slightly at the hem, providing a flattering fit. The wool fabric ensures breathability in warmer months while retaining warmth during colder seasons. These trousers are perfect for work environments, casual evenings out, or even special occasions when paired with a chic blazer or statement accessories.",,bottom,753d55a0-156e-4723-9f54-eeaf2a8dc390,jpg
outfits/female/outfit_025/94cfec65-5065-441a-af5f-c709f2d8b197.jpg,outfit_025,female,pumps,classic,dark olive green with brown accents,all-seasons,leather,"These dark olive green pumps exude sophistication and elegance with their classic design and premium brown leather finish. The pointed toe adds a touch of femininity while the elevated pointed heel enhances the wearer's height and posture. The combination of dark olive green and subtle brown accents creates a timeless appeal that complements both casual and formal ensembles. These shoes pair effortlessly with dresses, skirts, trousers, and even slacks, making them versatile additions to any woman's shoe collection. Their smooth leather texture offers comfort and durability, ensuring long-lasting wear.",,footwear,94cfec65-5065-441a-af5f-c709f2d8b197,jpg
outfits/female/outfit_026/1287f3d6-b298-4b2f-a70e-9bf9e39e33b5.jpg,outfit_026,female,high heels,classic,darkslategray with black accents,all-seasons,leather,"These darkslategray high heel shoes exude sophistication and elegance. Crafted from luxurious leather, they feature a classic pointed toe design that enhances your femininity while providing comfort and support. The stiletto heel adds height and balance, making them perfect for special occasions or formal events. With their dark grey tone, these shoes effortlessly complement both monochrome and colorful outfits, creating a timeless look that can be worn day or night. Pair them with a simple black dress for a chic evening ensemble or dress up a casual outfit by pairing them with a sleek trouser suit. These shoes ooze confidence and style, allowing you to feel confident and elegant in every step.",,footwear,1287f3d6-b298-4b2f-a70e-9bf9e39e33b5,jpg
outfits/female/outfit_026/210299b4-6ca9-43f0-9599-163ded817169.jpg,outfit_026,female,t-shirt,casual,lightsteelblue with white,all-seasons,cotton,"This lightsteelblue sleeveless top features a classic design with a soft cotton fabric that offers comfort and breathability. The white accents add a subtle touch of elegance and contrast against the lightsteelblue background. It has a relaxed fit, creating a cozy and casual vibe suitable for everyday wear. Perfect for layering under jackets during cooler months or pairing with shorts and skirts during warmer seasons. Its versatile nature allows it to blend effortlessly into various outfits, from causal weekend looks to more laid-back weekdays. Whether you're running errands, heading to brunch, or simply chilling at home, this top will elevate your style while keeping you comfortable.",,top,210299b4-6ca9-43f0-9599-163ded817169,jpg
outfits/female/outfit_026/46524027-de07-4abe-b662-21821981471a.jpg,outfit_026,female,trousers,classic,darkslategray with black accents,all-seasons,cotton blend,"These elegant darkslategray cropped trousers feature subtle black accents that add sophistication and depth to their design. Crafted from a comfortable cotton blend fabric, they offer both style and comfort. The cropped length adds a modern touch, making them ideal for those seeking a trendy yet versatile piece. These trousers are perfect for everyday wear as well as more formal occasions. Pair them with a crisp button-down shirt for a smart casual look, or opt for a sleek top and heels for a polished outfit. Their classic style ensures they will remain in your closet season after season.",,bottom,46524027-de07-4abe-b662-21821981471a,jpg
outfits/female/outfit_026/f958ded2-456f-4e4a-9d9a-0e63d3ff6ed2.jpg,outfit_026,female,jacket,classic,darkslategray with black and leopard print,all-seasons,fabric,"This darkslategray blazer jacket features a chic and sophisticated design with a bold touch of elegance through its understated yet striking leopard print on the collar. The fabric offers a smooth texture that enhances the luxurious feel while maintaining comfort throughout the day. Perfectly suited for both formal and semi-formal occasions, this piece can easily transition from work to weekend wear. Pair it with a simple white button-down shirt and black skinny jeans for a modern business look, or dress it down with a solid tee and skinny pants for a casual yet stylish vibe. Its timeless style makes it versatile enough to match various outfits, creating an effortlessly chic appearance.",,outerwear,f958ded2-456f-4e4a-9d9a-0e63d3ff6ed2,jpg
outfits/female/outfit_027/c4b60bae-172a-4c4f-b07d-32fa8d7acbce.jpg,outfit_027,female,pumps,classic,dimgray,all-seasons,leather,"These dimgray Jimmy Fisher women's leather pumps feature elegant classic design with understated sophistication. Made from high-quality leather, these shoes boast supple softness and comfort that ensures all-day wearability. The sleek pump style has a slight wedge heel which adds height while maintaining balance and stability. With their minimalistic yet refined detailing, they complement both formal and semi-formal outfits perfectly. These pumps are ideal for office attire, evening events, or even casual occasions where a touch of elegance is desired. They pair effortlessly with trousers, skirts, dresses, or suits, offering versatile versatility in any woman's closet.",,footwear,c4b60bae-172a-4c4f-b07d-32fa8d7acbce,jpg
outfits/female/outfit_027/f3e50cbd-00b8-4752-8026-2a56aff2a779.jpg,outfit_027,female,trousers,classic,darkslategray with black accents,all-seasons,cotton blend,"These darkslategray cord trousers feature a timeless classic style that effortlessly elevates any outfit. Crafted from a cotton blend fabric, they offer comfort while maintaining a sophisticated appearance. The slightly tapered leg provides a modern silhouette, showcasing a tailored fit that accentuates the figure. With black cords running along the sides, these trousers add a subtle touch of elegance and versatility. They pair well with a crisp button-down shirt for a polished business look or a cozy knit sweater for a casual yet chic ensemble. Their all-seasons design makes them suitable for various occasions, whether it's a formal event, a day at the office, or even weekend activities.",,bottom,f3e50cbd-00b8-4752-8026-2a56aff2a779,jpg
outfits/female/outfit_028/5e83089a-a371-4b9e-ad17-c3eadc00cbd6.jpg,outfit_028,female,jacket,classic,black,all-seasons,wool or cotton blend,"This elegant black blazer jacket features classic lines and a well-tailored silhouette that enhances any woman's figure. The smooth wool or cotton blend fabric offers both comfort and sophistication. With two front pockets adding practicality and detail, this piece can effortlessly transition from office wear to weekend events. It pairs perfectly with tailored trousers, skirts, or dresses, creating a polished yet versatile look. Whether worn during autumn evenings or winter days, this blazer ensures warmth and style.",,outerwear,5e83089a-a371-4b9e-ad17-c3eadc00cbd6,jpg
outfits/female/outfit_028/98979afb-87ca-42ce-9872-8c339d368f77.jpg,outfit_028,female,bag,classic,darkslategray,all-seasons,leather,"This elegant darkslategray leather sling bag exudes sophistication and timeless appeal. Crafted from high-quality leather, it boasts a sleek, understated design that effortlessly complements both casual and formal ensembles. The ergonomic strap ensures comfort while providing versatility in wearability. Its minimalistic yet functional shape showcases clean lines and polished edges, creating a refined impression. Perfectly suited for everyday use, this accessory pairs seamlessly with dresses, skirts, pants, or even tailored suits. It offers ample storage space for essential items like phones, makeup, and keys, making it practical as well as stylish.",,accessory,98979afb-87ca-42ce-9872-8c339d368f77,jpg
outfits/female/outfit_028/bf2f89bd-01dd-4e62-9fac-dfaca09b3aea.jpg,outfit_028,female,trousers,classic,darkslategray with black accents,all-seasons,fabric,"These darkslategray wide-leg trousers feature a sleek and sophisticated design, perfect for those who appreciate elegance and comfort. The soft fabric ensures a smooth drape and comfortable fit, while the wide leg provides ample room for movement and modern flair. The subtle black accents add a touch of sophistication and versatility, making these trousers suitable for both formal and casual occasions. They can be paired with a crisp button-down shirt for a business-casual look or dressed up with a tailored blazer and heels for a more polished appearance. Their all-seasons appeal makes them versatile enough to transition seamlessly from autumn to spring, offering endless styling possibilities.",,bottom,bf2f89bd-01dd-4e62-9fac-dfaca09b3aea,jpg
outfits/female/outfit_028/da469eaa-82ee-416d-8a03-09e0f749db67.jpg,outfit_028,female,shirt,classic,white with silver details,all-seasons,cotton,"This elegant silver button-down shirt features a crisp white base, offering a subtle yet sophisticated contrast. The classic style of the shirt includes a button-down collar, adding an element of formality while maintaining versatility. Made from high-quality cotton, it provides comfort and breathability throughout the day. Its understated silver detailing adds a modern touch, making it suitable for both casual and business occasions. Pair it with skinny jeans for a chic evening look or dress it up with tailored trousers and heels for a professional setting.",,top,da469eaa-82ee-416d-8a03-09e0f749db67,jpg
outfits/female/outfit_029/7dfd38b9-fc32-47fd-92d8-7a9506d0618e.jpg,outfit_029,female,jacket,classic,darkslategray with brown accents and black undertones,autumn,leather,"This darkslategray leather jacket features subtle brown accents that add depth and character to its timeless design. The jacket has a classic style with sleek lines and clean cuts, creating a sophisticated yet versatile piece suitable for both formal and casual occasions. Its smooth leather exterior offers luxurious texture and comfort while maintaining durability throughout various weather conditions. Pairing well with a black shirt beneath allows for a chic monochromatic look that exudes elegance and sophistication. This jacket can also be layered over a sweater or blouse for added warmth during autumn evenings. Its understated color palette makes it easy to integrate into various outfits, making it an essential addition to any woman's wardrobe.",,outerwear,7dfd38b9-fc32-47fd-92d8-7a9506d0618e,jpg
outfits/female/outfit_029/94cfec65-5065-441a-af5f-c709f2d8b197.jpg,outfit_029,female,pump,classic,dark olive green with brown accents,all-seasons,leather,"These dark olive green pumps exude sophistication and elegance with their understated yet bold color palette. Crafted from premium brown leather, they feature a pointed toe design that adds a touch of femininity and style. The pointed heel provides height and graceful proportions while maintaining comfort throughout the day. These shoes are perfect for both formal and semi-formal occasions, offering versatility in everyday wear. Pair them with dark denim jeans and a crisp button-down shirt for a chic business look, or opt for a dressier ensemble by pairing them with a floor-length silk skirt and a blazer for a polished evening vibe.",,footwear,94cfec65-5065-441a-af5f-c709f2d8b197,jpg
outfits/female/outfit_029/ae8bf8c4-d27e-4369-822b-2956deda37e6.jpg,outfit_029,female,trousers,classic,darkslategray with brown accents,all-seasons,wool,"These darkslategray wool trousers feature subtle brown accents that add depth and sophistication to their classic design. Crafted from high-quality wool, these trousers offer exceptional comfort and warmth throughout the year. The elegant cut and straight silhouette create a timeless appearance suitable for both formal and semi-formal occasions. They boast a smooth texture and lightweight feel, making them ideal for layering under coats during autumn and winter months. Pair these trousers with a crisp button-down shirt and a blazer for a polished business look, or dress them down with a casual top and chunky boots for a more relaxed vibe. Their versatile nature allows them to transition seamlessly between seasons and events, enhancing your wardrobe's versatility.",,bottom,ae8bf8c4-d27e-4369-822b-2956deda37e6,jpg
outfits/female/outfit_030/58291688-9db6-463e-a232-1f68dab4b9c2.jpg,outfit_030,female,heels,classic,dark olive green with black accents,all-seasons,leather,"These dark olive green pointed-toe heels feature a luxurious black leather finish that adds sophistication and elegance to any outfit. The sleek design has a classic style that transcends trends, making them suitable for both formal and semi-formal occasions. With a pointed toe and a slightly elevated heel, these shoes provide comfort while maintaining their stylish appearance. The combination of dark olive green and black gives them versatility in matching with various outfits, from office attire to evening wear. These heels are perfect for creating a polished look that exudes confidence and style.",,footwear,58291688-9db6-463e-a232-1f68dab4b9c2,jpg
outfits/female/outfit_030/8433fc59-f334-4e19-a3a1-6ccb697c4477.jpg,outfit_030,female,jacket,classic,darkslategray with black accents,all-seasons,wool blend,"This darkslategray blazer jacket features a sophisticated classic style with a smartly tailored fit that flatters any woman's figure. The dark gray hue provides a modern yet understated look, while the black lapel adds a subtle contrasting touch that enhances its elegance. Crafted from a luxurious wool blend fabric, this jacket offers both comfort and durability, making it suitable for various occasions throughout the year. Its classy design pairs well with dress pants, skirts, or trousers, creating polished business looks perfect for work environments or formal events. It also works equally well in casual settings when paired with jeans or slacks for weekend errands or social gatherings.",,outerwear,8433fc59-f334-4e19-a3a1-6ccb697c4477,jpg
outfits/female/outfit_030/eaf2e6ac-fa37-41ed-be6e-5bbcfc6718e1.jpg,outfit_030,female,trousers,classic,darkslategray with black accents,all-seasons,wool blend,"These darkslategray wide leg trousers exude sophistication and elegance. Crafted from a luxurious wool blend, they offer both comfort and durability, making them suitable for various occasions throughout the year. The classic style complements a variety of outfits, whether paired with tailored jackets for a business setting or layered under coats during colder months. Their dark gray hue offers versatility in creating monochromatic looks while the subtle black accents add depth and interest. These trousers feature a flattering wide-leg silhouette that accentuates the legs and provides room for movement, ensuring comfort even during long days on your feet. Pair them with a crisp button-down shirt for a polished look or dress them down with a casual top for a more relaxed vibe.",,bottom,eaf2e6ac-fa37-41ed-be6e-5bbcfc6718e1,jpg
outfits/female/outfit_030/f287553d-74d7-47cf-86b4-d99734498817.jpg,outfit_030,female,t-shirt,casual,light gray with white accents,all-seasons,cotton,"This light gray long-sleeve top features subtle white accents that add a touch of elegance and versatility. It has a classic, relaxed fit with a straight cut and slightly gathered shoulders, offering comfort while maintaining a sophisticated appearance. The top is perfect for layering during transitional seasons like spring and autumn, where its lightweight fabric allows easy layering under jackets or sweaters. Its casual style makes it suitable for everyday wear, pairing well with skinny jeans, shorts, skirts, or even leggings. The soft cotton material ensures breathability and comfort throughout the day, making it ideal for both formal and informal occasions.",,top,f287553d-74d7-47cf-86b4-d99734498817,jpg
outfits/female/outfit_031/642255b2-a293-4690-b122-e90071933f48.jpg,outfit_031,female,t-shirt,casual,dark gray,all-seasons,cotton,"This dark gray t-shirt features a simple yet elegant design with a round neckline and short sleeves. Made from soft and breathable cotton fabric, it offers comfort while maintaining its sleek appearance. The understated color palette allows it to blend effortlessly into various outfits, making it versatile enough for both casual everyday wear and more relaxed occasions. Pair it with skinny jeans or a pair of leggings for a chic look, or opt for shorts during warmer months for a fresh and casual vibe. Its classic style makes it suitable for everyday use, whether you're running errands, working remotely, or hanging out with friends.",,top,642255b2-a293-4690-b122-e90071933f48,jpg
outfits/female/outfit_031/cdbe5e36-f03e-4922-b46a-0c2fbcaa3955.jpg,outfit_031,female,jacket,classic,darkslategray with black accents,all-seasons,wool blend,"This darkslategray blazer jacket exudes sophistication and elegance with its timeless classic style. The jacket features a tailored fit with slightly padded shoulders that enhance the overall shape and provide comfort. Its smooth wool blend fabric offers both warmth and durability, making it suitable for various occasions throughout the year. The subtle black accents add depth and contrast, creating a modern yet understated look. This versatile piece can be worn alone during autumn evenings or layered over a shirt and blouse during winter months. Pair it with skinny jeans for a chic casual outfit or dress it up with a silk blouse and pencil skirt for a polished business ensemble.",,outerwear,cdbe5e36-f03e-4922-b46a-0c2fbcaa3955,jpg
outfits/female/outfit_031/e1003fba-5c01-3252-879b-90c268e3f551.jpg,outfit_031,female,pump,classic,black with darkslategray accents,all-seasons,leather,"This elegant pump features a sophisticated design that showcases a classic silhouette with a pointed toe and sleek lines. The upper is crafted from high-quality black leather, exuding sophistication and durability. A subtle darkslategray accent adds a touch of distinction and character. Ideal for both formal occasions and everyday wear, these pumps are versatile enough to complement a variety of outfits. Pair them with a chic dress for a polished evening look, or opt for a smart pantsuit during the daytime. Their comfortable fit ensures all-day wearability while maintaining their glamorous appearance.",,footwear,e1003fba-5c01-3252-879b-90c268e3f551,jpg
outfits/female/outfit_031/ebe2b54e-3991-4911-a651-1c06e7651786.jpg,outfit_031,female,skirt,classic,darkslategray with black trim,all-seasons,fabric,"This elegant darkslategray row skirt features subtle black trim along the hemline, offering a sophisticated touch to any outfit. The classic silhouette showcases a flattering A-line shape that hugs the hips while flaring gently at the bottom, creating a polished yet versatile look. Its mid-length design makes it suitable for both daytime and evening wear, pairing effortlessly with blouses, cardigans, or jackets. The fabric boasts softness and drape, ensuring comfort throughout the day. For a chic office ensemble, pair it with a crisp white button-down shirt and heeled pumps. Alternatively, style it casually by teaming it with a cozy sweater and flat shoes for a weekend getaway.",,bottom,ebe2b54e-3991-4911-a651-1c06e7651786,jpg
outfits/female/outfit_032/9085ab6a-604a-40f4-b348-58a820a60b40.jpg,outfit_032,female,shirt,classic,gray with white accents,all-seasons,cotton,"This elegant gray shirt with subtle white accents showcases a timeless design featuring a long-sleeve construction, a refined collar, and a traditional button-front closure. Its classic style makes it versatile enough for both formal and casual occasions. The soft cotton fabric provides comfort while maintaining its shape throughout wear. Pair this shirt with skinny jeans or slacks for a chic office look, or dress it down with a pair of jeans and sneakers for a relaxed weekend vibe. Its clean lines and understated detailing make it an essential piece in every woman's wardrobe.",,top,9085ab6a-604a-40f4-b348-58a820a60b40,jpg
outfits/female/outfit_032/9d5a7b89-0578-406c-a931-9ff9aba07849.jpg,outfit_032,female,pumps,classic,dimgray with brown leather trim,all-seasons,leather,"These elegant dimgray pumps feature a timeless classic style with understated sophistication. The pump's slim profile enhances the leg line while providing comfort throughout the day. Crafted from high-quality brown leather, these shoes boast a refined texture that compliments both formal and casual outfits alike. Their low heel height makes them versatile enough for everyday wear, while their understated design ensures they blend seamlessly into any outfit. Pair them with a tailored suit for a business-ready look, or opt for more playful ensembles by combining them with trendy denim skirts or pants.",,footwear,9d5a7b89-0578-406c-a931-9ff9aba07849,jpg
outfits/female/outfit_032/d05b8250-c9c4-4bcc-8755-af4dfac2363a.jpg,outfit_032,female,trousers,classic,darkslategray with navy accents,all-seasons,wool blend,"These cropped trousers feature a sophisticated darkslategray base with subtle navy accents that add depth and elegance. Crafted from a luxurious wool blend fabric, they boast a modern cropped length that elongates the leg while maintaining comfort. The classic style lends itself effortlessly to both casual and formal occasions. Pair them with a crisp button-down shirt for a business-ready look or layer over a chic top for a more relaxed vibe. Their tailored fit enhances the waistline and streamlines the overall silhouette, creating a polished appearance whether worn during autumn evenings or winter days.",,bottom,d05b8250-c9c4-4bcc-8755-af4dfac2363a,jpg
outfits/female/outfit_032/e0f9b3d9-126d-4171-9a01-b025910febd0.jpg,outfit_032,female,jacket,classic,darkslategray with blue accents,all-seasons,wool blend,"This darkslategray-blue blazer jacket features elegant button detailing that adds sophistication to its classic design. The jacket's fabric is made from a luxurious wool blend, ensuring both comfort and durability in various weather conditions. Its slightly structured silhouette enhances the wearer's figure while maintaining a timeless appearance. The subtle blue accents complement the dark base color, creating a sophisticated yet understated look. This versatile piece can be worn casually over a simple tee and jeans for a weekend brunch or dressed up with a chiffon blouse and slacks for a formal occasion. Pair it with high-waisted trousers for a polished yet relaxed vibe, or team it with a crisp shirt and tailored pants for a business-ready ensemble.",,outerwear,e0f9b3d9-126d-4171-9a01-b025910febd0,jpg
outfits/female/outfit_033/5761c01a-0401-4626-b931-92371aca1922.jpg,outfit_033,female,sweater dress,classic,white with silver accents,all-seasons,knitwear,"This elegant white sweater dress features a chic turtle-neck design that adds sophistication and refinement. The subtle silver accents enhance its contemporary appeal, making it versatile enough for both daytime and evening occasions. Its cozy knit construction ensures comfort while providing a polished look suitable for various events. The classic style allows for easy pairing with a variety of accessories such as pearl necklaces, silver jewelry, or even a structured handbag. Pair it with skinny jeans or tailored trousers for a smart-casual ensemble during the day, or opt for sleek leggings and tall boots for a modern evening look.",,dress,5761c01a-0401-4626-b931-92371aca1922,jpg
outfits/female/outfit_033/f939ed1a-f448-4fb6-ac2f-6c6f3539872f.jpg,outfit_033,female,boot,classic,darkslategray with black accents,all-seasons,leather,"These darkslategray leather knee boots feature a sophisticated classic style with a subtle touch of black accents on the heel. The sleek and modern design pairs effortlessly with both casual and formal ensembles. Perfect for adding sophistication to your outfit, these boots offer comfort thanks to their sturdy construction and slightly elevated heel height. Pair them with a chic dress for a nighttime event or dress down with skinny jeans and a graphic tee for a daytime look. Their timeless appeal makes them a versatile addition to any woman's shoe collection.",,footwear,f939ed1a-f448-4fb6-ac2f-6c6f3539872f,jpg
outfits/female/outfit_034/02a688de-03f7-49eb-ab0b-42d69aed34e1.jpg,outfit_034,female,pants,classic,darkslategray,all-seasons,wool or knit,"These darkslategray pants feature a classic style with a subtle yet sophisticated grey waistband that complements the overall monochromatic look. Made from high-quality wool or knit fabric, they offer both comfort and elegance. The slouchy fit and straight leg design create a modern and versatile silhouette suitable for various occasions. These pants can be paired with a simple white tee for a casual daytime look or dressed up with a tailored blazer and heels for a more formal setting. Their understated elegance makes them perfect for everyday wear while still making a stylish statement.",,bottom,02a688de-03f7-49eb-ab0b-42d69aed34e1,jpg
outfits/female/outfit_034/1e7aff6f-12b6-4b14-a477-17110cb7c2fb.jpg,outfit_034,female,shoes,casual,darkslategray with black accents,all-seasons,leather,"These darkslategray pointed shoes feature a striking combination of deep gray base and subtle black leather detailing along the edges and at the toe tips. Crafted from high-quality leather, they boast a sleek and modern design that adds sophistication to casual outfits. The pointed toes add a touch of edge while remaining comfortable enough for everyday wear. These shoes pair well with skinny jeans, leggings, or trousers for a chic and edgy look. They also complement chunky knits, blazers, and casual coats, creating a polished yet relaxed vibe. Whether you're running errands or attending informal events, these shoes effortlessly elevate your style.",,footwear,1e7aff6f-12b6-4b14-a477-17110cb7c2fb,jpg
outfits/female/outfit_034/bfb82df6-a2ee-4d50-8512-6f0ea153e479.jpg,outfit_034,female,sweater,classic,dimgray,all-seasons,wool,"This dimgray wool sweater features a classic design with a single button at the front, adding a touch of elegance and refinement. The subtle shade of gray compliments various skin tones and makes it versatile enough for both casual and semi-formal occasions. Its understated yet sophisticated style can be effortlessly paired with jeans, skirts, or trousers. The soft texture of the wool ensures comfort while maintaining warmth during cooler months. Ideally suited for layering under coats or jackets in autumn and winter, this piece enhances any outfit by providing a chic and polished look.",,top,bfb82df6-a2ee-4d50-8512-6f0ea153e479,jpg
outfits/female/outfit_035/2278ba7d-5ced-415b-b037-2b69e3e2e2ef.jpg,outfit_035,female,sweater,classic,gray with brown accents,all-seasons,wool,"This gray turtle-neck sweater features subtle brown accents that add warmth and sophistication. Made from high-quality wool, it offers exceptional comfort and durability. The classic style makes it versatile enough for both formal and casual occasions. Its turtle-neck design provides coverage while maintaining elegance. It pairs well with skinny jeans, khakis, or even a pencil skirt for a polished look. For a cozy winter outfit, pair it with a long cardigan over a blouse and skinny jeans. In spring, layer it under a blazer for a chic yet warm ensemble.",,top,2278ba7d-5ced-415b-b037-2b69e3e2e2ef,jpg
outfits/female/outfit_035/43d1c1f6-0000-4f55-b370-ad1ed80cedbf.jpg,outfit_035,female,boots,classic,darkslategray with brown leather trim,all-seasons,leather,"These elegant darkslategray leather boots feature a classic style that effortlessly transitions from day to night. The boot features a well-defined row of dark chocolate-brown leather at the top, creating a sophisticated contrast against the deep gray base. The smooth leather finish provides a luxurious feel while also offering durability and comfort. The boots have a medium heel height, ensuring both practicality and sophistication. They pair perfectly with skirts, trousers, or dresses, enhancing your outfit's elegance and refinement. Whether worn in autumn, winter, or spring, these boots will elevate any ensemble.",,footwear,43d1c1f6-0000-4f55-b370-ad1ed80cedbf,jpg
outfits/female/outfit_035/56df6002-ff50-4989-9a4f-e9be67212ec9.jpg,outfit_035,female,skirt,classic,darkslategray with black accents,all-seasons,leather,"This darkslategray leather skirt features a sophisticated and understated design that exudes elegance and class. Made from high-quality leather, it offers exceptional durability and comfort. The skirt has a smooth and supple texture that feels luxurious against the skin. It includes a concealed zipper on the side seam for easy wear and removal. Its classic silhouette flatters various body types while showcasing minimalist detailing. Pair this versatile piece with a crisp button-down shirt for a chic office look or layer it over a cozy sweater for a more casual ensemble. The dark gray hue complements a wide range of neutrals and bold hues alike, making it an ideal addition to your everyday wardrobe.",,bottom,56df6002-ff50-4989-9a4f-e9be67212ec9,jpg
outfits/female/outfit_035/67c6f1bd-576a-44d0-8fda-cbe5418fb98a.jpg,outfit_035,female,coat,classic,dimgray with brown accents,all-seasons,wool blend,"This elegant dimgray coat features subtle brown accents that add warmth and sophistication. The classic style includes structured shoulders and a straight silhouette, offering a modern yet timeless appeal. It has functional buttons down the front, providing ease of wear while showcasing its polished design. Its wool blend fabric ensures comfort and durability throughout various seasons. This piece can be effortlessly paired with trousers, skirts, or dresses for both daytime and evening occasions. Whether worn alone or layered under a sweater, it adds a touch of elegance to any outfit.",,outerwear,67c6f1bd-576a-44d0-8fda-cbe5418fb98a,jpg
outfits/female/outfit_036/d40930bb-e075-46fd-8584-aae8aa679234.jpg,outfit_036,female,trousers,classic,darkslategray with black accents,all-seasons,wool blend,"These darkslategray wool blend trousers exude sophistication and elegance. Crafted with a classic style, they feature a slim fit that hugs the contours of your legs while offering comfort and support. The subtle gray tones provide a modern touch, making them versatile enough to pair with various tops and jackets. These trousers are perfect for both formal occasions and business meetings, thanks to their understated yet chic design. Pair them with a crisp white button-down shirt for a polished look, or opt for a casual top for a more relaxed vibe. Their wool blend composition ensures warmth and durability throughout the year, ensuring these trousers will become a staple in your wardrobe.",,bottom,d40930bb-e075-46fd-8584-aae8aa679234,jpg
outfits/female/outfit_036/f758ff2e-b2cc-47fc-95f6-25b3f20bf05a.jpg,outfit_036,female,t-shirt,classic,darkslategray with black accents,all-seasons,polyester,"This darkslategray women's top features a high-neck design that provides elegance and sophistication. The top has a sleek and modern aesthetic, showcasing minimalistic detailing. Its zippered back adds functionality and convenience while also enhancing its stylish appeal. Made from durable polyester fabric, this piece is suitable for both casual and formal occasions. It pairs well with skinny jeans, chinos, or even trousers for a smart-casual look. For more formal settings, consider pairing it with tailored pants or skirts. The high-neckline creates a classy vibe, making it perfect for office environments or evening events.",,top,f758ff2e-b2cc-47fc-95f6-25b3f20bf05a,jpg
outfits/female/outfit_036/f913e08b-8466-4337-9f55-13b6511e2b57.jpg,outfit_036,female,shorts,casual,saddlebrown with red leather accents,all-seasons,leather,"These casual saddlebrown leather shorts feature a unique design with a row of bright red leather slings running along the sides, creating a playful and eye-catching look. The shorts have a relaxed fit, offering comfort and freedom of movement while maintaining style. With their versatile nature, they pair well with a variety of tops, from tees to blouses, making them perfect for everyday wear. These shorts are ideal for casual outings, brunch dates, or even weekend adventures. Their bold color palette makes them stand out in any outfit, adding a touch of sophistication to your ensemble.",,bottom,f913e08b-8466-4337-9f55-13b6511e2b57,jpg
outfits/female/outfit_037/2b2df9ff-8153-48a9-ade5-04c35e04643f.jpg,outfit_037,female,loafer,classic,darkslategray black with fringe detail,all-seasons,leather,"These darkslategray-black leather loafers feature elegant fringe detailing along the edges, adding a touch of sophistication and femininity to your outfit. The classic silhouette provides comfort while showcasing luxurious texture. Ideal for office attire, these shoes pair well with both formal and casual ensembles. They create a polished yet understated impression that compliments business looks as well as everyday wear. Match them with slacks, skirts, or trousers for a timeless ensemble.",,footwear,2b2df9ff-8153-48a9-ade5-04c35e04643f,jpg
outfits/female/outfit_037/90abf59f-60ab-4fc6-a1dc-a5ad838c2717.jpg,outfit_037,female,t-shirt,casual,light gray with white accents,all-seasons,knitwear,"This light gray ribbed knit top features delicate white accents that add a subtle touch of elegance. The soft and stretchy fabric offers comfort while maintaining shape, making it ideal for everyday wear. With its relaxed fit and v-neckline, this top pairs effortlessly with skinny jeans, boyfriend jeans, or leggings. It can also be layered under jackets or blazers for a chicer look during colder months. Its versatile nature allows it to transition seamlessly between casual days out and cozy evenings indoors.",,top,90abf59f-60ab-4fc6-a1dc-a5ad838c2717,jpg
outfits/female/outfit_037/b960a172-a033-4d69-a04c-7769c0b38a24.jpg,outfit_037,female,pants,casual,dimgray,all-seasons,cotton,"These dimgray sweat pants feature a drawstring waist and cuffs, providing comfort and adjustability. Made from soft cotton fabric, they offer breathability and durability while maintaining a casual vibe. The subtle gray tone allows these pants to blend effortlessly into various outfits, making them versatile for everyday wear. Pair them with a cozy sweater or layered top for a chic look during autumn evenings or as part of a laid-back outfit on a warm spring day. For a more sophisticated touch, team them with a sleek blazer and heels for a polished yet relaxed vibe.",,bottom,b960a172-a033-4d69-a04c-7769c0b38a24,jpg
outfits/female/outfit_037/c0ed7d7c-a2d8-4626-9620-b2ff20804451.jpg,outfit_037,female,sweater,casual,dimgray,all-seasons,wool blend,"This dimgray wool blend sweater features a unique design with two zips running down the front, creating an interesting visual element. The sleek, modern cut offers a cozy yet sophisticated look that pairs well with both casual and semi-formal outfits. Its subtle gray tone adds versatility to your wardrobe, allowing you to mix and match with various bottoms such as skinny jeans, leggings, or skirts. The texture of the fabric provides warmth and comfort while maintaining a polished appearance. Ideally suited for everyday wear during autumn and winter months, this sweater can also be layered under jackets or coats for added style and insulation.",,top,c0ed7d7c-a2d8-4626-9620-b2ff20804451,jpg
outfits/female/outfit_038/24591f64-f1f8-4d1b-b87e-e36787adad15.jpg,outfit_038,female,trousers,classic,dark gray,all-seasons,wool blend,"These dark gray wool blend trousers exude sophistication and elegance. Crafted from a luxurious blend of wool, these trousers offer both comfort and durability, making them suitable for various occasions throughout the year. The classic style features a straight leg silhouette that enhances the wearer's figure while providing a versatile fit. With their understated yet chic design, they pair effortlessly with a variety of tops, jackets, and accessories. Whether worn during autumn evenings, winter gatherings, or springtime outings, these trousers create a polished impression. Their muted shade of gray allows them to seamlessly integrate into any outfit, blending effortlessly with other neutral tones.",,bottom,24591f64-f1f8-4d1b-b87e-e36787adad15,jpg
outfits/female/outfit_038/aaf80670-e632-46b5-9ed7-d9b524ee688b.jpg,outfit_038,female,jacket,classic,dark gray,all-seasons,wool blend,"This dark gray jacket features a classic style with a subtle yet sophisticated vibe. Made from a luxurious wool blend fabric, it offers both warmth and comfort in various weather conditions. The button closure adds a traditional touch while allowing easy adjustments for fit and comfort. Its streamlined silhouette enhances the wearer's figure, creating an elegant and polished appearance suitable for both daytime and evening occasions. It pairs effortlessly with a variety of outfits, such as skinny jeans or trousers for a smart-casual look, or with dresses for a more formal ensemble. The jacket's understated design allows it to complement almost any outfit, making it versatile enough to be worn on numerous occasions.",,outerwear,aaf80670-e632-46b5-9ed7-d9b524ee688b,jpg
outfits/female/outfit_038/d5fd853d-da4a-48ef-8e41-de14f8e13278.jpg,outfit_038,female,loafer,classic,darkslategray with black accents,all-seasons,leather,"This elegant darkslategray loafer features a sophisticated design that effortlessly transitions between daytime casual wear and evening formal events. Crafted from high-quality leather, it boasts a timeless classic style that complements both smart and casual outfits. The shoe has a sleek, understated appearance with its matte finish and clean lines, showcasing minimalistic detailing. Its durable black leather sole ensures comfort and longevity while maintaining a polished look. Pair these shoes with a dark suit for a refined business ensemble or with slacks and a crisp button-down shirt for a professional yet chic outfit. They also work well with casual ensembles like skinny jeans and a fitted top, creating a modern, urban vibe.",,footwear,d5fd853d-da4a-48ef-8e41-de14f8e13278,jpg
outfits/female/outfit_039/34686132-367f-4907-b737-cd4fbb1094d1.jpg,outfit_039,female,coat,classic,darkslategray with black accents,all-seasons,fabric,"This elegant darkslategray coat features sophisticated button detailing throughout its length, offering both functionality and style. The deep gray hue pairs well with various outfits, from neutral tones to bold statement pieces. Its classic silhouette offers a tailored fit that emphasizes elegance and sophistication. The coat's subtle black accents add a touch of understated glamour, making it versatile enough for both daytime and evening wear. Pair it with a simple white shirt and skinny jeans for a chic yet effortless look, or layer it over a silk blouse and pencil skirt for a more formal ensemble. Its all-seasons versatility ensures that it will remain a staple in your wardrobe year-round.",,outerwear,34686132-367f-4907-b737-cd4fbb1094d1,jpg
outfits/female/outfit_039/4a01b89d-fa20-4627-a395-830dbe317d17.jpg,outfit_039,female,mules,classic,darkslategray with black accents,all-seasons,leather,"These elegant darkslategray leather mules feature a sophisticated design that exudes understated sophistication. The shoes boast a classic mule style with a pointed toe and a slight heel, offering comfort while maintaining a chic appearance. The matte finish of the darkslategray leather compliments the elegant nature of these shoes, making them versatile enough for both formal and semi-formal occasions. The addition of black accents enhances their appeal, creating a striking contrast against the deep gray tone. These mules pair effortlessly with skirts, trousers, or dresses, allowing wearers to express their personal style while maintaining elegance. They create an impression of classiness and timeless beauty.",,footwear,4a01b89d-fa20-4627-a395-830dbe317d17,jpg
outfits/female/outfit_040/1e7aff6f-12b6-4b14-a477-17110cb7c2fb.jpg,outfit_040,female,shoes,classic,darkslategray with black accents,all-seasons,leather,"These darkslategray leather pointed shoes exude sophistication and understated elegance. Crafted from premium quality leather, they boast a timeless classic design that complements both casual and formal ensembles. The subtle gray shade adds a modern twist while maintaining a refined appearance. The pointed toe shape enhances the femininity and grace of the wearer's figure, creating a chic and confident impression. Paired with jeans, they add a polished edge to a casual outfit, while matching them with a dress elevates the overall look to a higher level of style. These shoes are versatile enough to wear in various settings, whether it's a day at work, a night out on the town, or even a special occasion.",,footwear,1e7aff6f-12b6-4b14-a477-17110cb7c2fb,jpg
outfits/female/outfit_040/912273ac-093d-4123-81ed-50f6e7853906.jpg,outfit_040,female,t-shirt,casual,palegoldenrod,all-seasons,cotton,"This pale golden rod colored t-shirt features a charming round neckline and short sleeves, offering a casual yet sophisticated look. Its lightweight fabric allows for easy movement and breathability in both warm and cool climates. The subtle yet distinctive shade adds a touch of elegance to everyday outfits. Pair it with skinny jeans for a modern vibe or wear it under a cardigan for a layered ensemble. It pairs well with various bottoms such as pants, skirts, or shorts, making it versatile for both daytime and evening looks.",,top,912273ac-093d-4123-81ed-50f6e7853906,jpg
outfits/female/outfit_040/d5ceba3a-c80d-4f77-ade3-fe5b8a8f1940.jpg,outfit_040,female,skirt,classic,dimgray,all-seasons,fabric,"This dimgray skirt features a classic design with subtle gray undertones that give it depth and sophistication. It has a smooth texture and lightweight fabric that allows for easy movement while maintaining comfort throughout the day. The skirt has a mid-calf length which makes it versatile for both formal and casual occasions. It comes with a matching belt which adds a touch of elegance and can be worn at the natural waistline to create a flattering silhouette. Pair this skirt with a crisp button-down shirt or a sleek blazer for a polished look suitable for work or special events. Alternatively, wear it with a loose top and chunky boots for a more relaxed vibe perfect for weekends.",,bottom,d5ceba3a-c80d-4f77-ade3-fe5b8a8f1940,jpg
outfits/female/outfit_041/2f4899a5-25ac-4392-ac85-aa612acb4dad.jpg,outfit_041,female,sweater,classic,black,all-seasons,knitwear,"This classic black turtle-neck sweater features a smooth, soft knit texture that offers exceptional comfort and warmth. The sleek design enhances its timeless appeal, making it suitable for both casual and business settings. Its close-fitting silhouette provides a streamlined look while the low-cut collar adds a touch of sophistication. Pair it with skinny jeans or tailored trousers for a chic office ensemble, or wear it under a blazer for an effortlessly elegant street style. Its versatile nature allows it to transition seamlessly between seasons, from autumn evenings to winter gatherings.",,top,2f4899a5-25ac-4392-ac85-aa612acb4dad,jpg
outfits/female/outfit_041/bdb396b1-c2b6-4a8f-8e2f-170afaf1d7ce.jpg,outfit_041,female,jeans,casual,light blue with lightslategray ragged details,all-seasons,denim,"These jeans feature a casual, laid-back style with a distinctly rugged appeal. The primary color is light blue, with subtle ragged edges and touches of lightslategray that add depth and texture. The jean cut is slightly relaxed, offering comfort while maintaining a modern silhouette. The unique design includes raw hems and intentional fraying at the bottoms, creating a carefree, effortlessly chic look. These jeans pair well with a variety of tops—from graphic tees to button-down shirts—and can easily transition from daytime outings to after-dark events. They exude a casual yet sophisticated vibe, making them perfect for weekend brunch, casual dinners, or even chilling around town.",,bottom,bdb396b1-c2b6-4a8f-8e2f-170afaf1d7ce,jpg
outfits/female/outfit_041/db6820a6-3209-4c5a-a956-ae6348d9b903.jpg,outfit_041,female,coat,classic,darkslategray with black accents,autumn,fabric,"This darkslategray coat features a long collar that adds sophistication and warmth, paired with long sleeves that provide comfort and style. The fabric has a luxurious drape, allowing for effortless movement while maintaining elegance. It is perfect for autumn evenings when you need to stay warm but still look chic. Pair it with a classic black dress or pants for a polished outfit, or layer it over a cozy sweater for a more casual yet sophisticated ensemble. Its deep shade of darkslategray gives off an understated yet powerful vibe, making it ideal for both daytime and evening wear.",,outerwear,db6820a6-3209-4c5a-a956-ae6348d9b903,jpg
outfits/female/outfit_041/df1a9bdc-734e-4cb9-889e-11b9e4af85dd.jpg,outfit_041,female,ankle boots,classic,darkslategray with black sued detailing,all-seasons,sued,"These darkslategray sued ankle boots exude understated sophistication with their subtle yet elegant design. The boots feature a classic style that is timeless and versatile enough to suit various occasions. The darkslategray base provides a sophisticated backdrop while the black sued accents add depth and texture, enhancing the overall appearance. These boots have a medium heel height which makes them comfortable to wear all day long while still offering elegance. They pair well with both casual and formal outfits, making them ideal for everyday wear as well as special events. Whether paired with skinny jeans, a chic dress, or even a suit, these boots will elevate your look effortlessly.",,footwear,df1a9bdc-734e-4cb9-889e-11b9e4af85dd,jpg
outfits/female/outfit_042/1f2e64ce-b837-427d-93b9-cdc491682651.jpg,outfit_042,female,sweater,classic,dark olive green with brown accents,autumn,wool blend,"This dark olive green turtle-neck sweater features subtle brown accents that add depth and texture to its classic design. Made from a luxurious wool blend, it offers warmth and comfort while maintaining elegance. The fitted silhouette hugs the body gracefully, creating a sophisticated look that can be dressed up or down depending on the occasion. Its turtle-neck style adds a touch of refinement, making it versatile enough to pair with skinny jeans, chinos, or even skirts for a more formal setting. Whether worn alone as a cozy layer during autumn evenings or paired with blazers and dresses in colder months, this sweater effortlessly transitions between casual and business attire.",,top,1f2e64ce-b837-427d-93b9-cdc491682651,jpg
outfits/female/outfit_042/6c6500e2-0e0c-4bf9-ad66-5afc4d38ef21.jpg,outfit_042,female,ballet shoes,classic,darkslategray with dark brown leather trim,all-seasons,leather,"These elegant darkslategray ballet shoes feature a classic design with a subtle touch of dark brown leather around the edges, creating a sophisticated yet understated look. The smooth leather upper provides comfort and durability while enhancing the sleek silhouette. Ideal for formal occasions such as weddings, galas, or even special events where a chic and polished aesthetic is desired. They pair effortlessly with dresses, skirts, or trousers, offering versatility in both daytime and evening wear. These shoes convey a sense of refinement and poise, making them a must-have addition to any woman's shoe collection.",,footwear,6c6500e2-0e0c-4bf9-ad66-5afc4d38ef21,jpg
outfits/female/outfit_042/717a8148-aeb1-4851-9240-d9f367aa52d4.jpg,outfit_042,female,t-shirt,casual,white with silver detailing,all-seasons,cotton,"This chic white t-shirt features a delightful silver detail that adds sophistication and sparkle to any outfit. With its short sleeves and round neckline, it offers comfort and versatility while maintaining a polished look. The lightweight cotton fabric ensures breathability and softness against the skin. Suitable for everyday wear, this versatile piece can be paired with jeans, skirts, or trousers for both casual and semi-formal occasions. Its elegant simplicity makes it ideal for creating effortless yet stylish looks.",,top,717a8148-aeb1-4851-9240-d9f367aa52d4,jpg
outfits/female/outfit_042/95cb93cc-7928-431c-b8b1-5e22b78d166b.jpg,outfit_042,female,jeans,casual,darkslategray with indigo,all-seasons,denim,"These darkslategray The Ragged Jeans feature a unique blend of deep indigo hues and subtle gray undertones that create a striking contrast. The jeans boast a relaxed fit with distressed detailing, including visible fading and wear marks that add character and authenticity. The worn-out appearance suggests a lived-in look that effortlessly complements both casual and stylish ensembles. With its raw hems and slightly baggy leg opening, these jeans offer a versatile silhouette that pairs well with everything from chunky boots to trendy sneakers. Whether you're pairing them with a graphic tee and bomber jacket for a street-chic vibe or opting for a cozy sweatshirt and oversized cardigan for a laid-back weekend outfit, these jeans will effortlessly elevate your everyday style.",,bottom,95cb93cc-7928-431c-b8b1-5e22b78d166b,jpg
outfits/female/outfit_042/b02027a9-312f-4050-a44e-ba6a465e1f72.jpg,outfit_042,female,jacket,classic,dark olive green with brown accents,autumn,leather,"This dark olive green leather jacket features a timeless classic style with a subtle touch of brown accents. It has a sleek single-button closure that adds elegance and sophistication. The jacket boasts a tailored fit, creating a streamlined silhouette that enhances the wearer's figure. Its understated design makes it versatile enough to pair with both casual and formal outfits. Perfect for autumn evenings, this jacket will add warmth and style to your wardrobe while complementing various looks such as skinny jeans, skirts, or dresses. It projects a refined yet approachable vibe, making it suitable for everyday wear.",,outerwear,b02027a9-312f-4050-a44e-ba6a465e1f72,jpg
outfits/female/outfit_043/79a93b62-4545-4772-84f4-629b3356028d.jpg,outfit_043,female,trousers,classic,darkslategray with black accents,all-seasons,fabric,"These darkslategray wide-leg trousers feature subtle black accents that add sophistication and depth to their appearance. Crafted from high-quality fabric, they boast a comfortable yet elegant fit, offering both style and practicality. The classic silhouette of these trousers pairs effortlessly with various tops and jackets, making them versatile for everyday wear as well as more formal occasions. They provide a modern twist on traditional trousers, blending timeless design with contemporary appeal. Whether paired with a crisp button-down shirt for work or a chic blouse for evening events, these trousers enhance any outfit while showcasing your personal style.",,bottom,79a93b62-4545-4772-84f4-629b3356028d,jpg
outfits/female/outfit_043/8f1f371a-ced9-4a8f-9432-25eaabbcc29d.jpg,outfit_043,female,pumps,classic,darkslategray with black accents,all-seasons,leather,"These elegant darkslategray leather pumps exude sophistication and class. The pump's sleek design features a subtle matte finish, which contrasts beautifully against the dark gray shade. Its clean lines and polished black leather trim provide a chic touch that enhances any outfit. Ideal for both formal events and everyday wear, these shoes are versatile enough to pair effortlessly with both business attire and casual ensembles. The stiletto heel adds height while maintaining comfort, making them perfect for adding style and confidence to your look.",,footwear,8f1f371a-ced9-4a8f-9432-25eaabbcc29d,jpg
outfits/female/outfit_043/d8586eeb-bf5a-4db7-8b83-4541f72d7334.jpg,outfit_043,female,sweater,casual,light gray with white accents,all-seasons,fuzzy knit,"This light gray fuzzy sweater features a soft, cozy texture that adds warmth and comfort. With its round neckline, it provides a relaxed fit that complements both casual and semi-formal outfits. The subtle white accents add a touch of sophistication while maintaining an overall laid-back vibe. Perfect for layering under jackets during cooler months or wearing alone on warmer days, this sweater pairs well with skinny jeans, skirts, or trousers. Its versatile style makes it ideal for everyday wear, adding coziness and elegance to your outfit.",,top,d8586eeb-bf5a-4db7-8b83-4541f72d7334,jpg
outfits/female/outfit_044/09a8c069-17c0-4bc8-8cbf-523c3c8d6b8e.jpg,outfit_044,female,jacket,classic,black,all-seasons,fabric,"This elegant black jacket features sophisticated buttons running down the front, creating a timeless classic look. The clean lines and minimal design make it versatile enough to pair with various outfits. Its lightweight fabric allows for year-round wearability, from chilly autumn evenings to crisp winter days. It pairs effortlessly with dresses, skirts, or pants, offering both casual and formal options depending on your outfit choices. Whether you're heading to work, attending a dinner party, or simply running errands, this jacket adds sophistication and style to any ensemble.",,outerwear,09a8c069-17c0-4bc8-8cbf-523c3c8d6b8e,jpg
outfits/female/outfit_044/2a713d0f-c8b9-49bf-be98-8d408f344f54.jpg,outfit_044,female,boot,classic,darkslategray with black accents,all-seasons,leather,"These darkslategray ankle boots with black leather and a distinctive buckle are both stylish and functional. The classic design features a pointed toe and a sleek, modern silhouette that exudes sophistication. The durable leather construction ensures comfort and longevity while adding a touch of elegance to any outfit. Pair these boots with a midi dress for a chic evening look or wear them with skinny jeans and a leather jacket for a more casual yet sophisticated vibe. The sturdy buckle detail adds a touch of refinement, making these boots versatile enough for various occasions.",,footwear,2a713d0f-c8b9-49bf-be98-8d408f344f54,jpg
outfits/female/outfit_044/51806f27-680b-4d10-8d78-5c95cf3cb191.jpg,outfit_044,female,trousers,classic,black,all-seasons,corduroy,"These elegant black corduroy trousers from The Row exude understated sophistication and effortless style. Crafted from high-quality cord fabric, they boast a classic straight leg design that enhances the wearer's figure while maintaining comfort. The tactile texture of the cord adds warmth and depth to the overall look, making them suitable for both daytime and evening wear. Their minimalistic aesthetic allows these trousers to easily pair with various tops and jackets, creating versatile looks perfect for work, dinner parties, or weekend excursions. Pair them with a crisp button-down shirt for a chic business ensemble or dress them down with a cozy sweater for a casual yet refined vibe.",,bottom,51806f27-680b-4d10-8d78-5c95cf3cb191,jpg
outfits/female/outfit_044/9eafa1aa-f8d9-4c19-b12e-55cbb9d2f7a4.jpg,outfit_044,female,sweater,classic,dimgray,all-seasons,wool,"This dingy gray turtle-neck sweater exudes understated elegance and timeless sophistication. Crafted from soft, high-quality wool, it boasts a cozy, close-fitting design that emphasizes a chic, classic silhouette. The subtle, muted tone of 'dingy gray' allows it to effortlessly blend into various outfits, making it a versatile addition to any woman's wardrobe. Its turtle-neck style provides warmth while maintaining a polished appearance suitable for both daytime and evening wear. Pair it with skinny jeans or tailored trousers for a smart-casual look, or dress it up with a skirt and statement jewelry for a more formal occasion. This sweater's minimalistic yet sophisticated appeal makes it perfect for creating a balanced and refined ensemble.",,top,9eafa1aa-f8d9-4c19-b12e-55cbb9d2f7a4,jpg
outfits/female/outfit_045/12d5772e-d6a4-42ec-b735-6dd41e0f04d2.jpg,outfit_045,female,sandals,casual,rosybrown with beige accents,all-seasons,leather,"These rosybrown sandals feature a unique design with a row of sling straps made from beige leather. The sleek yet playful silhouette offers both comfort and style, making them perfect for everyday wear. The delicate beige accent enhances the natural elegance of the rosybrown tone, creating a sophisticated yet understated look. These sandals pair well with casual outfits such as shorts, dresses, or skirts, offering a versatile option for summer days. They also provide excellent support while maintaining a lightweight feel, ensuring comfort throughout the day.",,footwear,12d5772e-d6a4-42ec-b735-6dd41e0f04d2,jpg
outfits/female/outfit_045/cd44578e-7f07-4e0e-a1b1-f100ae29489f.jpg,outfit_045,female,trousers,classic,darkslategray with navy accents,all-seasons,cotton blend,"These cropped trousers feature a sophisticated darkslategray base with subtle navy accents that add depth and texture. The classic style lends itself well to both casual and business-appropriate settings. The cropped length offers a modern fit, highlighting the mid-calf area while maintaining comfort. The material is a breathable cotton blend, ensuring ease and flexibility throughout the day. Pair these trousers with a crisp button-down shirt for a polished look, or opt for a layered top and graphic tee for a more relaxed vibe. Their versatile nature makes them ideal for transitioning between seasons, whether worn under a blazer during autumn or paired with sandals in warmer months.",,bottom,cd44578e-7f07-4e0e-a1b1-f100ae29489f,jpg
outfits/female/outfit_045/e4d79c71-8e20-46b7-8b88-6ee1ca4b6f56.jpg,outfit_045,female,coat,classic,darkslategray with navy accents,autumn,wool blend,"This elegant darkslategray navy coat features a classic buttoned collar and long sleeves, providing both style and warmth during cooler months. The coat's subtle navy accents add depth and sophistication to its overall appearance. Its full-length design offers ample coverage while maintaining a chic and sophisticated silhouette. The fabric is made from a luxurious wool blend that feels soft against the skin yet provides excellent insulation. This piece can be worn as part of a formal ensemble or paired with casual bottoms like jeans or trousers for a versatile look. It pairs well with dresses, skirts, pants, or even slacks, making it ideal for both daytime events and evening occasions.",,outerwear,e4d79c71-8e20-46b7-8b88-6ee1ca4b6f56,jpg
outfits/female/outfit_046/20b64947-7e4b-4a65-97c2-002b835cad57.jpg,outfit_046,female,belt,classic,darkslategray with black slings and gold buckle,all-seasons,leather,"This elegant darkslategray belt features a striking design with a row of contrasting black slings that create a modern and sophisticated look. Accented by a gleaming gold buckle, it adds sophistication and refinement to any outfit. The leather construction ensures durability and comfort while providing a luxurious feel. This versatile accessory can be paired with both casual and formal attire, adding depth and style to your ensemble. Whether worn with jeans and a top or paired with a dress for a special occasion, this belt enhances your overall appearance and creates a polished impression.",,accessory,20b64947-7e4b-4a65-97c2-002b835cad57,jpg
outfits/female/outfit_046/37773cf4-0a2d-49db-b0cf-5f28b2647e86.jpg,outfit_046,female,t-shirt,casual,light gray,all-seasons,knitwear,"This light gray ribbed knit top features a cozy and casual style perfect for everyday wear. The soft fabric offers maximum comfort while the ribbing detail adds texture and dimension. It has a relaxed fit that hugs the body gently, creating a flattering silhouette. The top can be worn alone as a layering piece under jackets or sweaters during colder months, or paired with jeans and shorts in warmer weather. Its neutral shade makes it versatile enough to match with various bottoms such as skinny jeans, leggings, skirts, or even shorts. With its casual yet stylish appearance, this top is ideal for both daytime activities and evening events.",,top,37773cf4-0a2d-49db-b0cf-5f28b2647e86,jpg
outfits/female/outfit_046/5a0a40a8-b110-4566-be60-a73e634e3288.jpg,outfit_046,female,trousers,classic,darkslategray with black accents,all-seasons,wool blend,"These darkslategray wide-leg trousers exude sophistication and elegance. Crafted from a luxurious wool blend, they offer both comfort and style. The classic dark gray base with subtle black accents adds depth and appeal. With their flattering wide-leg silhouette, these trousers create a graceful and modern look. They pair effortlessly with crisp button-down shirts, chunky knits, or bold printed tops. For a more formal setting, match them with a tailored blazer and heels for a polished business ensemble. Alternatively, wear them casually with a graphic tee and ankle boots for a chic yet relaxed vibe.",,bottom,5a0a40a8-b110-4566-be60-a73e634e3288,jpg
outfits/female/outfit_047/2437e0d3-3026-4393-a263-f9c97802ad2a.jpg,outfit_047,female,sweater,casual,dark gray,all-seasons,wool blend,"This dark gray sweater features a zipper down the front, adding a modern touch to its classic style. The cozy wool blend fabric provides warmth and comfort while maintaining a sleek appearance. Its slightly oversized fit enhances the casual vibe, making it perfect for everyday wear. Pair it with skinny jeans or leggings for a chic yet relaxed look. The subtle texture of the yarn adds depth to the gray shade, creating a sophisticated yet understated aesthetic. This versatile piece can also be layered over a blouse or tee during colder months, offering versatility in both autumn and winter seasons.",,top,2437e0d3-3026-4393-a263-f9c97802ad2a,jpg
outfits/female/outfit_047/cb2c148e-946e-4b6b-946c-8dfd5b91969e.jpg,outfit_047,female,bag,casual,darkslategray,all-seasons,leather,"This darkslategray row sling bag exudes effortless style and functionality. Crafted from premium leather, its sleek design features an adjustable strap that allows you to wear it over one shoulder or across your body, offering maximum comfort throughout the day. The minimalist yet sophisticated silhouette complements both casual and formal outfits, making it versatile enough for everyday use. With its clean lines and understated elegance, this bag provides ample storage space while maintaining a modern aesthetic. It pairs well with denim jeans, chinos, skirts, or even pants, creating an urban-chic look suitable for city streets or weekend adventures.",,accessory,cb2c148e-946e-4b6b-946c-8dfd5b91969e,jpg
outfits/female/outfit_047/deca23a4-da86-4819-8278-f3adf84d2479.jpg,outfit_047,female,skirt,classic,grey with silver accents,all-seasons,fabric,"This elegant grey skirt features subtle silver accents that add sophistication and refinement. Its classic design offers a timeless appeal, making it versatile enough for both formal and casual occasions. The skirt has a straight cut and a flattering silhouette, providing comfort while maintaining a polished appearance. It pairs effortlessly with blouses, tops, and jackets in various hues, allowing you to create diverse looks. Whether worn with a crisp button-down shirt during the day or paired with a chic blazer for evening events, this skirt enhances your style and adds a touch of sophistication to any outfit.",,bottom,deca23a4-da86-4819-8278-f3adf84d2479,jpg
outfits/female/outfit_048/3a881e07-a9a3-4c3f-9fb4-ac62893256ab.jpg,outfit_048,female,accessory,bling,silver,all-seasons,metal,"This sparkling silver accessory from Silver the Row is designed to make a bold statement. Crafted meticulously from high-quality metal, it features intricate detailing that catches the light, creating dazzling reflections wherever you go. Ideal for adding flair to your outfit, whether you're dressing up for a special occasion or just wanting to add some glamour to your everyday look. It pairs effortlessly with both formal and casual ensembles, making it versatile enough to suit various occasions. Whether worn as earrings, bracelets, necklaces, or charms on a chain, this piece will enhance your style and attract attention.",,accessory,3a881e07-a9a3-4c3f-9fb4-ac62893256ab,jpg
outfits/female/outfit_048/5d711a90-57de-4777-8fd2-f52aa47e8022.jpg,outfit_048,female,sweater,classic,darkslategray with navy accents,all-seasons,wool blend,"This darkslategray and navy sweater features a sophisticated design with a modern twist. It boasts a classic fit, offering comfort while maintaining elegance. The garment has a zipper down the front, adding functionality and style. Its understated yet striking color palette allows it to effortlessly transition between casual and formal occasions. The soft wool blend material provides warmth and durability, making it suitable for various seasons. Pair it with skinny jeans for a chic urban look or layer it over a dress for a more refined appearance. This versatile piece enhances both casual and business attire, showcasing your personal style.",,top,5d711a90-57de-4777-8fd2-f52aa47e8022,jpg
outfits/female/outfit_048/7bfbfe0a-d376-433f-a724-4eb577e9fbf9.jpg,outfit_048,female,trousers,classic,darkslategray with black accents,all-seasons,wool blend,"These darkslategray wide leg trousers exude sophistication and elegance. Crafted from a luxurious wool blend, they offer both comfort and style. The classic dark gray base color pairs effortlessly with black accents that add depth and dimension. The wide-leg silhouette allows for ease of movement while maintaining a chic appearance. Perfect for workdays, formal events, or weekend gatherings, these trousers can be paired with a crisp button-down shirt, a statement blazer, or even a casual top for a more relaxed look. Their all-seasons nature makes them versatile enough to wear throughout the year, ensuring you always have a polished option ready at hand.",,bottom,7bfbfe0a-d376-433f-a724-4eb577e9fbf9,jpg
outfits/female/outfit_048/c32f4712-756e-4605-ad0d-058457d4a543.jpg,outfit_048,female,loafer,classic,darkslategray with black accents,all-seasons,leather,"This elegant darkslategray loafer features a sophisticated design with a clean and understated aesthetic. Its black leather upper compliments the deep gray shade, creating a modern and chic look that pairs effortlessly with both formal and casual ensembles. The shoe's soft leather construction ensures comfort throughout the day while its sleek black sole provides stability and durability. Ideal for workweek outfits, weekend looks, or even evening events, this versatile style adds sophistication to any outfit. Pair it with dark jeans, a crisp button-down shirt, or a chic dress for a polished yet relaxed appearance.",,footwear,c32f4712-756e-4605-ad0d-058457d4a543,jpg
outfits/female/outfit_049/232de2e4-e78f-4cfb-a1fd-0508c761229d.jpg,outfit_049,female,trousers,classic,darkslategray with black accents,all-seasons,wool blend,"These darkslategray cropped trousers exude sophistication and elegance with their classic style and sleek design. The cropped length adds a modern touch while maintaining a timeless appeal. Crafted from a luxurious wool blend, these trousers offer both comfort and durability. The subtle dark gray shade pairs effortlessly with a variety of tops and jackets, making them versatile for both work and casual occasions. They can be styled with a crisp button-down shirt for a polished business ensemble or paired with a cozy sweater for a chic weekend look. These trousers create an impression of understated refinement and sophistication, perfect for those who value quality and style.",,bottom,232de2e4-e78f-4cfb-a1fd-0508c761229d,jpg
outfits/female/outfit_049/9ac65d66-2ac0-4f27-be07-3b6daac8afff.jpg,outfit_049,female,t-shirt,casual,dark gray with white accents,all-seasons,cotton,"This dark gray t-shirt features a crisp white design that stands out against its muted background. The focal point is a charming photograph of a man sitting comfortably inside a classic car, evoking a vintage and nostalgic vibe. The cut is standard-tee style, offering a versatile fit that hugs the body while maintaining comfort. The subtle texture of the cotton fabric adds a pleasant feel, making it suitable for both casual days and more relaxed social events. This top pairs well with jeans, shorts, or even skirts, allowing for easy layering under jackets during cooler months. Its simple yet stylish design makes it ideal for everyday wear, blending effortlessly into your existing wardrobe.",,top,9ac65d66-2ac0-4f27-be07-3b6daac8afff,jpg
outfits/female/outfit_049/d49bc61b-875a-4b0d-8442-51877a7fe491.jpg,outfit_049,female,sneakers,casual,dark gray,all-seasons,leather,"These dark gray sneakers feature clean lines and elegant simplicity, showcasing traditional lace-up design with durable leather construction. The sleek and understated appearance makes them versatile enough for everyday wear while remaining sophisticated and timeless. These shoes pair effortlessly with jeans, skirts, or dresses, creating both casual and semi-formal looks depending on your outfit choices. Their classic style allows you to mix and match them with various items in your wardrobe, making them an essential addition to any woman's footwear collection.",,footwear,d49bc61b-875a-4b0d-8442-51877a7fe491,jpg
outfits/female/outfit_049/ec9e3acb-f698-462b-a1f1-d80a1fa7b86d.jpg,outfit_049,female,jacket,classic,lightslategray with blue accents,all-seasons,wool blend,"This lightslategray blue jacket features a sleek classic style with a zipper closure and a zippered collar. It has a flattering fitted silhouette that gently skims the body, offering both comfort and sophistication. The fabric is a blend of wool and another material, providing warmth and durability while maintaining a soft touch against the skin. The jacket's light shade of gray with subtle blue undertones adds depth and elegance to any outfit. Its versatile design makes it suitable for various occasions, from casual evenings to more formal settings. Pair it with skinny jeans and a crisp button-down shirt for a smart-casual look, or layer it over a silk blouse and pencil skirt for a polished business ensemble.",,outerwear,ec9e3acb-f698-462b-a1f1-d80a1fa7b86d,jpg
outfits/female/outfit_050/0e285b4f-9641-4a1f-a020-ddf52f854f6b.jpg,outfit_050,female,sweatshirt,casual,lightsteelblue with white and blue,all-seasons,fabric,"This lightsteelblue sweatshirt features a cozy and casual design with white as its base color. The front prominently displays the words 'velns club' written in a bold blue font. The soft fabric offers comfort while the contrasting white and blue details add style and personality. Ideal for everyday wear, this sweatshirt pairs well with skinny jeans, leggings, or shorts. It can also be layered under a cardigan or over a tank top for a chic layered look. Its relaxed fit and comfortable feel make it perfect for both informal events and casual days at home.",,top,0e285b4f-9641-4a1f-a020-ddf52f854f6b,jpg
outfits/female/outfit_050/36abe21f-b475-41f9-9475-6a0587b9fcec.jpg,outfit_050,female,sneakers,casual,rosybrown with white and blue accents,all-seasons,"leather upper, wooden sole","These rosybrown sneakers feature a charming blend of white and blue accents that add a playful touch to your outfit. The leather upper provides comfort and durability while the unique wooden sole adds an eco-friendly and stylish element. Perfect for casual days out or everyday wear, these shoes complement both casual ensembles like jeans and tees as well as more dressed-up looks such as skirts and dresses. Their versatile design allows them to fit seamlessly into various occasions ranging from weekends spent exploring city streets to casual lunches with friends.",,footwear,36abe21f-b475-41f9-9475-6a0587b9fcec,jpg
outfits/female/outfit_050/7f763160-d929-4893-a972-63970d20cee1.jpg,outfit_050,female,shorts,casual,light blue with baby blue accents and S logo,all-seasons,cotton,"These light blue casual shorts feature a delicate baby blue hue that evokes a fresh and airy vibe. Embroidered prominently across the front is the iconic S logo, adding a chic touch to the design. Crafted from soft cotton fabric, these shorts boast a comfortable and versatile fit. Their lightweight nature makes them ideal for both everyday wear and leisure activities. Pair them with a simple top or layer over a long-sleeved shirt for a cozy yet stylish look. These shorts create a playful and approachable impression, perfect for city strolls, picnics, or even beach days.",,bottom,7f763160-d929-4893-a972-63970d20cee1,jpg
outfits/female/outfit_051/661d17da-7d3b-41a4-8c8c-2e6eabab974b.jpg,outfit_051,female,dress,classic,darkslategray with navy and white accents,all-seasons,fabric,"This darkslategray navy dress features elegant white trims and a subtle white stripe design that adds sophistication and contrast. The classic style lends itself well to both formal and semi-formal occasions. With its smooth fabric texture and tailored fit, this dress provides comfort while maintaining a polished appearance. It has a slightly A-line silhouette which enhances the figure, creating a flattering look. The combination of dark navy and white highlights makes it versatile enough to pair with various accessories such as pearls, belts, or even chunky jewelry. Whether worn during spring, summer, autumn, or winter, this dress will effortlessly complement any seasonal outfit. Pair it with nude heels for a chic evening look or opt for flat shoes for a more casual daytime ensemble.",,dress,661d17da-7d3b-41a4-8c8c-2e6eabab974b,jpg
outfits/female/outfit_051/ae5819d1-3576-4a2b-b79b-0f26d3a9b8c7.jpg,outfit_051,female,sneakers,casual,white with silver accents,all-seasons,leather,"These elegant white sneakers feature a sleek design with a clean, understated aesthetic. The upper is crafted from premium quality leather, offering both comfort and durability. The distinctive silver accents add a modern touch, making them versatile enough for casual everyday wear while still being stylishly chic. The white sole provides a fresh and clean look that pairs effortlessly with jeans, shorts, dresses, or even skirts. These shoes are perfect for enhancing any outfit with their minimalist yet sophisticated style.",,footwear,ae5819d1-3576-4a2b-b79b-0f26d3a9b8c7,jpg
outfits/female/outfit_052/2fff2896-ce13-48d0-afeb-34579c7e0174.jpg,outfit_052,female,sneakers,casual,dark gray with lilac and pink accents,all-seasons,leather and synthetic,"These dark gray pu'er sneakers feature subtle lilac and pink accents that add a playful touch to their understated elegance. The clean lines and minimalist design make them versatile enough for both casual and semi-formal occasions. With a lightweight yet durable construction, these shoes provide comfort throughout the day while remaining stylishly low-key. They pair effortlessly with jeans, skirts, dresses, or pants, offering a contemporary look that compliments almost any outfit. Whether you're running errands, going on a stroll, or attending a casual event, these sneakers ensure comfort and style.",,footwear,2fff2896-ce13-48d0-afeb-34579c7e0174,jpg
outfits/female/outfit_052/989df0f0-fbdf-4eff-b1d3-fb1f0868cb22.jpg,outfit_052,female,skirt,classic,darkslategray,all-seasons,fabric,"This elegant darkslategray a-line skirt features a sophisticated classic style that effortlessly transitions from day to night. The flared silhouette hugs the hips and flares gently towards the hemline, creating a graceful and feminine shape. Crafted from high-quality fabric, this skirt boasts a smooth texture and comfortable fit, ensuring maximum comfort throughout the day. It pairs perfectly with blouses, sweaters, or tailored jackets, offering endless versatility in your wardrobe. Whether worn casually with a simple top or paired with formal attire, this versatile piece adds sophistication and elegance to any outfit.",,bottom,989df0f0-fbdf-4eff-b1d3-fb1f0868cb22,jpg
outfits/female/outfit_052/ac25e6b5-c689-4419-a957-3b6bb8d9753f.jpg,outfit_052,female,tank top,casual,darkslategray,all-seasons,polyester,"This darkslategray tank top features the EZ logo printed across the front in a bold yet understated design. Made from lightweight polyester fabric, it offers comfort and breathability while providing a sleek silhouette that flatters various body types. The subtle gray shade pairs effortlessly with jeans, shorts, or skirts, making it versatile enough for everyday wear. Its casual style makes it ideal for a day at the park, a coffee date, or even as part of a laid-back weekend outfit. Pair it with high-waisted bottoms for a chic, relaxed vibe or layer it under a cardigan for a more refined look.",,top,ac25e6b5-c689-4419-a957-3b6bb8d9753f,jpg
outfits/female/outfit_053/19270a22-dae6-4cda-99d8-cfbfc1c8c45e.jpg,outfit_053,female,sneakers,sport,dark gray with golden accents,all-seasons,leather and synthetic materials,"These dark gray Golden Goose X Re Low sneakers feature striking golden accents that add a luxurious touch. The footwear is crafted from high-quality leather and synthetic materials, offering both durability and comfort. With a sporty style, these shoes are perfect for everyday wear while maintaining a chic appearance. They boast a sleek, modern design with a slightly elevated heel, making them versatile enough for casual outings as well as more formal occasions. These sneakers pair effortlessly with jeans, shorts, dresses, and skirts, allowing you to create unique and stylish looks. Whether you're heading to the gym, running errands, or attending social events, these sneakers will elevate your outfit and make a statement.",,footwear,19270a22-dae6-4cda-99d8-cfbfc1c8c45e,jpg
outfits/female/outfit_053/33fc5432-68cb-4dcf-9e81-8f3a9d6171ca.jpg,outfit_053,female,shorts,casual,lightsteelblue with white accents,all-seasons,cotton,"These lightsteelblue shorts feature a charming blend of soft cotton fabric that ensures comfort throughout the day. With a distinct white drawstring detail at both ends, they add a touch of elegance while maintaining a casual vibe. The lightweight construction makes them ideal for warm weather, offering breathability and ease of movement. Perfect for a laid-back outfit, these shorts pair effortlessly with a variety of tops such as tees, tank tops, or even button-down shirts. Their versatile style allows for multiple uses—from brunch with friends to a relaxing afternoon stroll in the park. The slightly relaxed fit gives a flattering silhouette that accentuates your figure without being too tight or restrictive.",,bottom,33fc5432-68cb-4dcf-9e81-8f3a9d6171ca,jpg
outfits/female/outfit_053/b4df2ead-0a6d-4929-82ea-1b617e62f59e.jpg,outfit_053,female,hoodie,casual,lightblue with white accents,all-seasons,cotton,"This lightblue cropped hoodie features a white hood and a cozy, casual design. The cropped length makes it perfect for layering under jackets or pairing with high-waisted bottoms for a trendy look. Its soft cotton fabric provides comfort while the white detailing adds a fresh touch. It can be worn casually on its own during warmer months or layered with a sweater in colder weather. Pair it with skinny jeans, shorts, or leggings for a stylish outfit that expresses both ease and sophistication.",,outerwear,b4df2ead-0a6d-4929-82ea-1b617e62f59e,jpg
outfits/female/outfit_054/1a40719f-cdd2-49a3-a99c-91f659eef26d.jpg,outfit_054,female,crop top,casual,white with silver and pink accents,all-seasons,polyester,"This silver, white, and pink crop top features the phrase 'We Love Club' printed across the front in bold, contrasting lettering. The design showcases a modern and trendy aesthetic, combining retro-inspired typography with vibrant hues. Its cropped length enhances the body's curves while exposing a portion of the midriff, adding a playful element to casual outfits. Made from lightweight polyester fabric, this top is both comfortable and durable, suitable for everyday wear as well as nighttime events. Pair it with skinny jeans or shorts for a stylish yet effortless look that captures attention.",,top,1a40719f-cdd2-49a3-a99c-91f659eef26d,jpg
outfits/female/outfit_054/67065e9a-eaaa-4f55-a540-15b9de61a3d5.jpg,outfit_054,female,sneakers,sport,dark gray with white accents,all-seasons,synthetic,"These dark gray sporty sneakers feature a striking contrast with their white upper and sole. The white accents create a modern and fresh look that adds a pop of brightness against the neutral base tone. With a classic slip-on design, these shoes are versatile enough for both casual daytime wear and athletic activities. They can easily be paired with jeans, shorts, skirts, or even dresses for a chic yet functional outfit. Their lightweight construction ensures comfort during extended wear while maintaining durability. These sneakers embody a sporty-chic aesthetic perfect for anyone seeking a unique twist on traditional footwear.",,footwear,67065e9a-eaaa-4f55-a540-15b9de61a3d5,jpg
outfits/female/outfit_054/c82b47f6-ac35-4258-a012-e4b286cbdb65.jpg,outfit_054,female,skirt,sport,ghostwhite,all-seasons,polyester,"This ghostwhite girls' tennis skirt is designed for active yet elegant style. Made from lightweight polyester fabric, it offers comfort and durability while providing a modern athletic aesthetic. The skirt features a clean-cut design with minimalist detailing, showcasing its pure white shade that complements both bold and neutral color palettes. Its versatile nature makes it suitable for various occasions, whether playing sports, attending casual events, or participating in outdoor activities. It pairs effortlessly with a variety of tops such as tank tops, tees, or sweaters, creating a cohesive outfit that highlights your personal style. Whether you're hitting the courts or simply enjoying leisure time, this skirt adds a touch of sophistication to your everyday look.",,bottom,c82b47f6-ac35-4258-a012-e4b286cbdb65,jpg
outfits/female/outfit_055/1b6f4d4b-91ed-4adc-a5a8-30cf818af18b.jpg,outfit_055,female,shorts,casual,cornflowerblue with brand's logo,all-seasons,cotton,"These cornflowerblue shorts feature a casual yet stylish design with the brand's iconic logo prominently embroidered across the front. Made from soft cotton fabric, they offer comfort and breathability suitable for everyday wear. The shorts have a relaxed fit, allowing for easy movement while maintaining a modern look. They pair well with a variety of tops such as tees, tanks, or button-down shirts. For a complete outfit, these shorts can be teamed up with a simple crop top or a loose-fitting blouse for a laid-back vibe. Alternatively, they can also complement a dressy top for a more polished appearance. Their versatile nature makes them ideal for both daytime and evening events.",,bottom,1b6f4d4b-91ed-4adc-a5a8-30cf818af18b,jpg
outfits/female/outfit_055/75f59786-4ce2-4dbe-a1c4-2ced5a694a11.jpg,outfit_055,female,sweatshirt,casual,cornflowerblue with white lettering,all-seasons,fabric,"This cornflowerblue sweatshirt features a relaxed fit with cozy fabric that offers both comfort and style. The front displays large, bold white lettering reading 'love', adding a playful touch to its design. Its casual v-neckline and soft texture make it ideal for everyday wear, whether worn alone as a layering piece under outerwear or paired with jeans and leggings for a laid-back outfit. This versatile top can also be styled with skirts for a more feminine look or combined with cargo pants for a sporty-chic ensemble. Its neutral yet bright shade pairs well with almost any bottom, allowing it to effortlessly blend into various outfits while creating a sense of warmth and positivity.",,top,75f59786-4ce2-4dbe-a1c4-2ced5a694a11,jpg
outfits/female/outfit_055/b4c260c9-6a7b-4550-974e-0a318983304a.jpg,outfit_055,female,sneaker,sport,dark gray with white and black,all-seasons,leather,"These dark gray leather sneaks feature a sporty yet sophisticated design. The main body is made from high-quality leather in a matte finish, offering both comfort and durability. The upper is adorned with a classic white accent that adds a touch of elegance. A striking contrast is created by the black and white soles, which provide a modern twist on traditional sneaker aesthetics. These shoes pair effortlessly with casual outfits such as skinny jeans or shorts for a cool vibe, while also complementing business-casual looks when paired with chinos or trousers. Their versatile nature makes them suitable for various occasions, whether it's a weekend brunch or a day at the office.",,footwear,b4c260c9-6a7b-4550-974e-0a318983304a,jpg
outfits/female/outfit_055/cb6c48d6-6b93-466b-9a5a-476461b4fd20.jpg,outfit_055,female,t-shirt,casual,dark gray with white and black accents,all-seasons,cotton,"This dark gray t-shirt features a simple yet stylish design with a white background and a bold black logo emblazoned on the front. The fabric is made from high-quality cotton, ensuring comfort and breathability throughout the day. Its relaxed fit makes it suitable for both casual and informal occasions, offering versatility in pairing with various bottoms such as skinny jeans, shorts, or skirts. Pair it with a statement necklace or leave it bare for a minimalist look. It can also be layered under jackets or coats during colder months to add a pop of color to your outfit.",,top,cb6c48d6-6b93-466b-9a5a-476461b4fd20,jpg
outfits/female/outfit_056/1cf4f228-6365-4ea5-b0d2-ac83bcb843e7.jpg,outfit_056,female,sweatshirt,sport,dark gray with U A logo,all-seasons,fabric,"This dark gray women's sport sweatshirt features a distinctive U A logo prominently displayed across the front. The lightweight fabric offers comfort and breathability while maintaining warmth during various activities. Its relaxed fit and cozy hood design make it ideal for casual wear both indoors and outdoors. Pair it effortlessly with skinny jeans, leggings, or shorts for a trendy and comfortable look. Alternatively, combine it with a dressier bottom like chinos or trousers for a more polished appearance suitable for running errands or meeting friends.",,top,1cf4f228-6365-4ea5-b0d2-ac83bcb843e7,jpg
outfits/female/outfit_056/a4a8b2e7-7a25-4d42-bdbc-e838ad8ce8c1.jpg,outfit_056,female,shorts,casual,dark gray with black logo,all-seasons,cotton,"These dark gray shorts feature a stylish black logo prominently placed on the front. Made from soft cotton fabric, they offer comfort while maintaining a chic appearance. The casual style makes them perfect for everyday wear, pairing well with a variety of tops such as tees, tanks, or blouses. Their versatile nature allows them to be worn in both warm and cool weather, adding versatility to your outfit options. These shorts create a relaxed yet sophisticated impression, ideal for running errands, going out with friends, or enjoying casual weekend activities.",,bottom,a4a8b2e7-7a25-4d42-bdbc-e838ad8ce8c1,jpg
outfits/female/outfit_057/af0a3ceb-597c-45f2-af28-75671b385592.jpg,outfit_057,female,sneakers,sport,dimgray with logo,all-seasons,synthetic,"These dimgray sport sneakers feature a minimalist design with a bold logo emblazoned on the side. The upper is constructed from high-quality synthetic materials that offer both durability and comfort. With a sleek silhouette and understated elegance, these shoes pair effortlessly with casual outfits such as skinny jeans and a graphic tee, creating a modern yet approachable look. They also complement athletic wear like leggings and a hoodie, making them versatile enough for both daily wear and fitness activities.",,footwear,af0a3ceb-597c-45f2-af28-75671b385592,jpg
outfits/female/outfit_057/c706a81b-4d41-43b3-b015-6f6b6d4c9851.jpg,outfit_057,female,sweatshirt,casual,darkslategray with green,autumn,fabric,"This cozy darkslategray New York sweatshirt features subtle green accents that add a fresh touch to its classic design. Made from soft fabric, it's both comfortable and stylish, perfect for everyday wear during autumn months when temperatures start to drop. The sweatshirt has a relaxed fit, offering ample room for layering underneath or wearing alone as a statement piece. Its casual style makes it versatile enough to pair with jeans, shorts, skirts, or even leggings. Green detailing adds a pop of color while maintaining a sophisticated vibe. Pair it with neutral tones like black or navy blue for a clean look, or mix it up with bright hues for a more playful ensemble.",,top,c706a81b-4d41-43b3-b015-6f6b6d4c9851,jpg
outfits/female/outfit_057/fda53417-881e-4562-a93f-a4ba70048334.jpg,outfit_057,female,shorts,casual,darkslategray with green accents,all-seasons,cotton,"These darkslategray shorts feature a subtle green accent throughout their design, giving them a unique and contemporary look. The word 'New York' is prominently embroidered in bold letters across the front, adding both style and personality. The shorts have a relaxed fit, providing comfort while maintaining a stylish appearance. They are ideal for casual days out, city strolls, or weekend adventures. Pair these shorts with a simple tank top or a light sweater for a chic yet laid-back ensemble. Their versatile nature allows them to blend effortlessly into various outfits, making them perfect for transitioning between seasons.",,bottom,fda53417-881e-4562-a93f-a4ba70048334,jpg
outfits/female/outfit_058/0d635430-c342-43f1-99b7-1d10c89e06a1.jpg,outfit_058,female,t-shirt,casual,"lightslategray with white, black and white graphic",all-seasons,cotton,"This lightslategray t-shirt features a playful combination of white and black graphics that add a modern twist to its casual appeal. The soft cotton fabric ensures comfort while the subtle gray base offers versatility in pairing with various bottoms such as jeans, shorts, or skirts. Its lightweight construction makes it suitable for year-round wear, whether you're layering under a cardigan during cooler months or wearing on its own during warmer seasons. This top's relaxed fit and slightly cropped length make it ideal for everyday outfits where you want to stay chic yet laid-back. Pair it with high-waisted pants or leggings for a trendy look, or opt for skinny jeans and ankle boots for a more edgy vibe.",,top,0d635430-c342-43f1-99b7-1d10c89e06a1,jpg
outfits/female/outfit_058/2817b50a-2f0b-46c4-9407-8ad21ec81642.jpg,outfit_058,female,sweater,casual,midnight blue with white logo,all-seasons,wool blend,"This midnight blue sweater features a bold white logo prominently displayed on the chest in a stylish design. The wool blend fabric provides warmth and comfort while maintaining a sophisticated look. Its casual style makes it versatile enough for everyday wear, whether it's paired with skinny jeans and boots for a chic urban vibe or layered under a cardigan for a more refined ensemble. The logo adds a unique touch that can be easily incorporated into various outfits, making it a must-have piece for any woman's wardrobe.",,top,2817b50a-2f0b-46c4-9407-8ad21ec81642,jpg
outfits/female/outfit_058/4b5173c0-421a-40ce-8bc6-203e80ca1549.jpg,outfit_058,female,trousers,classic,midnight blue,all-seasons,denim,"These midnight blue cropped trousers feature a modern and chic design that offers a classic yet contemporary look. The cropped style provides a trendy and flattering fit, accentuating the legs while maintaining a polished appearance. Crafted from high-quality denim material, these trousers offer durability and comfort. They boast a timeless blue hue that complements various outfits, making them versatile enough for both casual and semi-formal occasions. Pair them with a crisp white button-down shirt for a business-casual ensemble or team them with a colorful top for a more relaxed vibe. Their cropped length adds versatility, allowing you to wear them with ankle boots, sandals, or even wedge heels. These trousers create an impression of sophistication and elegance, perfect for workdays, weekends, or special events.",,bottom,4b5173c0-421a-40ce-8bc6-203e80ca1549,jpg
outfits/female/outfit_058/65f38854-97bc-4c0f-a440-ff3f407ace7b.jpg,outfit_058,female,sneakers,casual,lightslategray with white accents,all-seasons,puer,"These lightslategray puer sneakers feature a sleek and modern design with white accents that add a touch of elegance. The shoes have a comfortable sole designed for everyday wear, making them suitable for both casual outings and light sports activities. With their classic yet trendy appearance, these sneakers can effortlessly complement various outfits. They pair well with jeans, skirts, dresses, and even leggings. Their versatile nature allows them to create a sophisticated yet laid-back impression. These shoes offer a perfect balance between style and functionality, ensuring comfort throughout the day.",,footwear,65f38854-97bc-4c0f-a440-ff3f407ace7b,jpg
outfits/female/outfit_059/3d006470-466a-458d-bd98-eaeb73a8543b.jpg,outfit_059,female,trousers,classic,darkslategray with black accents,all-seasons,wool blend,"These elegant darkslategray wool blend trousers offer a sophisticated and timeless appeal. Crafted from a luxurious wool blend fabric, they boast a classic fit that enhances the figure while providing comfort and style. The subtle gray hue with undertones of black adds depth and sophistication to any outfit. These trousers feature a smooth texture and slight stretch for added ease of movement. They pair effortlessly with a crisp button-down shirt for a polished business look or can be dressed down with a casual top for a more relaxed vibe. Their versatile nature makes them ideal for both formal and informal occasions, offering versatility in your wardrobe.",,bottom,3d006470-466a-458d-bd98-eaeb73a8543b,jpg
outfits/female/outfit_059/67bd43ab-da0e-4513-abc7-47cc055476f0.jpg,outfit_059,female,jacket,casual,darkslategray with black accents,all-seasons,fabric,"This darkslategray hooded jacket features a sleek design with a zipper closure and a cozy hoodie that adds comfort and style. The fabric has a soft handfeel and smooth texture, providing both warmth and durability in various weather conditions. Its understated yet bold color makes it versatile enough to pair with a variety of outfits. It can easily transition from casual days out to more formal occasions by layering over a button-down shirt or dress. The subtle detailing on the hood and cuffs enhances its aesthetic appeal while also offering practical functionality. Whether worn alone as a standalone piece or paired with jeans, skirts, or trousers, this jacket will elevate your everyday look.",,outerwear,67bd43ab-da0e-4513-abc7-47cc055476f0,jpg
outfits/female/outfit_059/7a5c9ce3-4bb5-4ccc-91ba-9f7d330bec66.jpg,outfit_059,female,tank top,casual,dark gray,all-seasons,cotton,"This dark gray women's tank top features a simple yet elegant design that effortlessly compliments both casual and more formal looks. The lightweight cotton fabric ensures comfort throughout the day while maintaining breathability in warmer weather. Its straightforward silhouette highlights the body's natural lines, making it versatile enough to pair with various bottoms such as jeans, shorts, skirts, or leggings. The minimalist style allows it to blend seamlessly into any outfit, from everyday wear to weekend adventures. Whether worn alone under a cardigan during autumn evenings or layered beneath a sweater during winter days, this tank top offers versatility across seasons. Its timeless appeal makes it ideal for both office settings and social gatherings.",,top,7a5c9ce3-4bb5-4ccc-91ba-9f7d330bec66,jpg
outfits/female/outfit_059/f7458eb0-45c1-40f7-8e0d-a966011c8890.jpg,outfit_059,female,sneakers,sport,silver and gold,all-seasons,leather,"These chic silver and gold 'Golden Goose' star sneakers feature luxurious leather construction and embossed stars on both sides of each shoe. The sleek and modern design adds a touch of sophistication to casual looks while maintaining comfort. Ideal for everyday wear, these shoes pair effortlessly with skinny jeans, shorts, or even dresses for a versatile style. They create a fun, playful vibe that enhances your outfit's personality without overshadowing it.",,footwear,f7458eb0-45c1-40f7-8e0d-a966011c8890,jpg
outfits/female/outfit_060/4057f7ca-245a-46cf-9f29-994a5e8bd15c.jpg,outfit_060,female,sweatshirt,casual,dodgerblue with white logo,all-seasons,fabric,"This dodgerblue sweatshirt features a cozy and casual design with a striking white logo prominently placed on the chest. The soft fabric offers maximum comfort while still maintaining style. It has a relaxed fit that skims the body effortlessly, creating a laid-back yet sophisticated look. Ideal for everyday wear, this sweatshirt pairs well with skinny jeans, leggings, or even shorts during warmer months. Its versatile nature allows it to transition seamlessly from daytime activities to nighttime events. The white logo adds a pop of contrasting color, making it stand out in any outfit.",,top,4057f7ca-245a-46cf-9f29-994a5e8bd15c,jpg
outfits/female/outfit_060/638ebd31-5173-420f-8c31-f99e505ca7eb.jpg,outfit_060,female,pants,sport,black with white logo,all-seasons,fabric,"These sporty black sweat pants feature a subtle white logo embossed on one side, adding a chic touch to their otherwise understated design. The fabric is soft and stretchy, providing comfort and freedom of movement. With a relaxed fit and slightly cropped length, they pair effortlessly with a variety of tops and accessories. Whether worn casually at home or during light workouts, these pants are versatile enough to transition seamlessly from everyday wear to weekend outings.",,bottom,638ebd31-5173-420f-8c31-f99e505ca7eb,jpg
outfits/female/outfit_060/f7458eb0-45c1-40f7-8e0d-a966011c8890.jpg,outfit_060,female,sneakers,sport,silver and gold,all-seasons,leather,"These chic silver and gold 'Golden Goose' star sneakers feature a sleek and modern design that exudes elegance and playfulness. Crafted from premium leather, they boast a sporty yet sophisticated look perfect for everyday wear. The stars on the toe and heel add a fun touch while maintaining a clean and polished aesthetic. These shoes are ideal for pairing with casual outfits such as skinny jeans, shorts, or skirts, offering versatility in both daytime and nighttime looks. Their comfortable fit makes them suitable for long walks or active lifestyles. Whether worn alone or with socks, these sneakers effortlessly blend style and functionality.",,footwear,f7458eb0-45c1-40f7-8e0d-a966011c8890,jpg
outfits/female/outfit_061/3eaa83bd-9fac-4971-b69e-0b3fe0703263.jpg,outfit_061,female,skirt,classic,darkslategray with black and white accents,all-seasons,fabric,"This elegant darkslategray skirt features a sophisticated design with a contrasting black base and a distinctive white waistband that adds a chic touch. The fabric is smooth and lightweight, making it suitable for both formal and casual occasions. Its classic silhouette offers versatility in pairing, allowing you to experiment with different top choices such as blouses, sweaters, or even daringly bold tank tops. The subtle blend of dark tones and bright whites creates a timeless appeal, ideal for work attire or evening events. This piece is perfect for creating polished looks while showcasing your personal style.",,bottom,3eaa83bd-9fac-4971-b69e-0b3fe0703263,jpg
outfits/female/outfit_061/78f5d052-7cc4-42c5-ac15-f7492b705c93.jpg,outfit_061,female,blouse,classic,white with silver details,all-seasons,cotton or silk blend,"This elegant white cropped blouse features a long sleeve design and a sophisticated buttoned front, showcasing subtle silver detailing that adds a touch of sophistication. The cropped length makes it ideal for layering under dresses or jackets, creating a chic and modern look. Its classic style allows for versatile pairing options; pair it with skinny jeans and a bold necklace for a casual yet polished outfit, or dress it up with a pencil skirt and statement earrings for a business-ready ensemble. The soft fabric ensures comfort while maintaining a refined appearance.",,top,78f5d052-7cc4-42c5-ac15-f7492b705c93,jpg
outfits/female/outfit_061/c9f7246a-ac0d-4a15-b556-74196cc585ba.jpg,outfit_061,female,shoes,classic,darkslategray with black accents,all-seasons,leather,"These elegant darkslategray high-heeled shoes feature a single stiletto heel that adds sophistication and grace to any outfit. The luxurious leather material ensures comfort and durability while the dark gray hue provides a sophisticated touch suitable for both daytime and evening wear. The subtle contrast of black accents on the shoe enhances its appearance, making it versatile enough to complement various outfits ranging from business attire to casual evenings. These shoes create an impression of elegance and class, perfect for special occasions or formal events.",,footwear,c9f7246a-ac0d-4a15-b556-74196cc585ba,jpg
outfits/female/outfit_062/6cf71748-143d-46bd-8ca0-01a00be9aee5.jpg,outfit_062,female,jeans,casual,dimgray,all-seasons,denim,"These dimgray denim wide-leg jeans feature a contemporary and relaxed fit, providing comfort and style. The wide-leg design enhances movement while maintaining a modern aesthetic. A belted waistline adds definition and adjustability, allowing for a tailored look that can easily transition from day-to-night wear. These jeans are versatile enough to pair with a variety of tops, such as a crisp button-down shirt for a chic office ensemble or a casual tee for weekend errands. They also work well with boots, flats, or wedges depending on your mood and occasion. With their timeless appeal and practicality, these jeans will become a staple in any woman's wardrobe.",,bottom,6cf71748-143d-46bd-8ca0-01a00be9aee5,jpg
outfits/female/outfit_062/e94814fb-f260-4f46-ad19-fe256bff9b76.jpg,outfit_062,female,jacket,classic,dimgray denim,all-seasons,denim,"This dimgray denim jacket features a classic style with a timeless button closure. The jacket's sturdy construction is made from durable denim fabric, offering both comfort and versatility in various weather conditions. Its understated yet sophisticated appearance makes it suitable for everyday wear as well as more formal occasions. Pair it with skinny jeans and a crisp white shirt for a polished look, or opt for a casual vibe by pairing it with distressed jeans and a graphic tee. The buttoned closure adds functionality while maintaining a clean aesthetic, making it an essential piece for any woman's wardrobe.",,outerwear,e94814fb-f260-4f46-ad19-fe256bff9b76,jpg
outfits/female/outfit_062/facf3026-e897-4d24-84d4-008e39155a14.jpg,outfit_062,female,bag,classic,darkslategray with black and gold accents,all-seasons,leather,"This elegant darkslategray leather bag features a modern design with a row of sleek black leather slings adorned with eye-catching gold hardware. The supple leather offers luxurious comfort while maintaining durability. Its classic style makes it versatile enough for everyday use yet sophisticated enough for special occasions. Ideal for pairing with a variety of outfits, whether you're wearing a simple dress or a tailored suit. The gold hardware adds a touch of glamour that enhances both daytime and evening looks. This piece perfectly complements any outfit, creating a polished and refined impression.",,accessory,facf3026-e897-4d24-84d4-008e39155a14,jpg
outfits/female/outfit_063/00d9899f-ed17-43eb-a17f-b5ad11f82afb.jpg,outfit_063,female,jacket,classic,darkslategray with black accents,all-seasons,fabric,"This elegant darkslategray jacket features a classic style with a sharp black lapel that adds sophistication and depth to its appearance. The fabric is smooth and soft to the touch, offering comfort while maintaining a polished look. It has a structured silhouette with slightly padded shoulders, creating a tailored fit that accentuates the wearer's figure. The jacket is versatile enough to be worn during both daytime events and evening occasions, pairing well with formal dresses, pants, or skirts. Its understated yet sophisticated design makes it suitable for both business meetings and social gatherings, providing a perfect balance between elegance and practicality.",,outerwear,00d9899f-ed17-43eb-a17f-b5ad11f82afb,jpg
outfits/female/outfit_063/464677b9-c031-4da7-9637-942c556e6b32.jpg,outfit_063,female,trousers,classic,darkslategray with black accents,all-seasons,stretch fabric,"These darkslategray high-waist trousers are crafted from a luxurious stretch fabric that offers exceptional comfort and mobility. The high waist adds a chic and modern touch, elevating your outfit while enhancing your figure. The subtle black accents add sophistication and versatility, allowing you to pair them effortlessly with various tops and jackets. Whether you're looking for a formal event or simply wanting to create a polished everyday look, these trousers provide both style and functionality. They are perfect for layering under a tailored blazer during autumn or winter, creating a sophisticated yet casual vibe. Pair them with a crisp button-down shirt and loafers for a business-ready ensemble, or wear them with a colorful top and flats for a more relaxed vibe.",,bottom,464677b9-c031-4da7-9637-942c556e6b32,jpg
outfits/female/outfit_063/af6552b9-d989-4d30-8486-349f6c484fd5.jpg,outfit_063,female,handbag,classic,darkslategray with black and silver accents,all-seasons,leather,"This elegant darkslategray handbag features subtle black and silver accents that add sophistication and understated glamour. Crafted from premium leather, its supple texture offers comfort and durability while maintaining a classic look. The sleek sling style allows for easy shoulder carry, making it versatile for both daytime errands and evening events. With minimalistic design and functional details, this bag pairs effortlessly with various outfits, enhancing both casual and formal ensembles. Whether paired with a chic dress or smart pants, it exudes timeless elegance and enhances your overall outfit.",,accessory,af6552b9-d989-4d30-8486-349f6c484fd5,jpg
outfits/female/outfit_063/eda91234-c390-4ea8-90f9-39ed67cc9043.jpg,outfit_063,female,dress,classic,darkslategray with black accents,all-seasons,fabric with lining,"This elegant darkslategray dress features a luxurious combination of subtle gray hues with undertones of deep navy. The top portion is meticulously crafted with a sheer-lined design, offering just enough transparency to create an airy, sophisticated look while maintaining modesty. Similarly, the skirt also boasts a sheer-lined finish, showcasing its sleek, modern silhouette. Made from high-quality fabric that provides both comfort and durability, this dress can effortlessly transition between daytime and evening occasions. Its versatile nature allows it to pair seamlessly with a variety of accessories such as statement necklaces, chunky bracelets, or delicate gold jewelry. Whether worn for a formal event, dinner party, or even a more casual date night, this dress exudes sophistication and class.",,dress,eda91234-c390-4ea8-90f9-39ed67cc9043,jpg
outfits/female/outfit_064/73d70722-0b82-481e-bf53-545bbe984bfa.jpg,outfit_064,female,boot,classic,darkslategray with brown accents,all-seasons,leather,"These darkslategray with brown accented leather knee boots feature a classic design that exudes sophistication and elegance. With their pointed heels, they provide a chic and modern touch to any outfit. The leather material ensures comfort and durability while maintaining a luxurious feel. These boots are versatile enough to pair with both casual and formal ensembles, making them perfect for everyday wear as well as special occasions. Whether you're wearing them with skinny jeans, a long dress, or even a smart suit, these boots will add a striking contrasting element to your look.",,footwear,73d70722-0b82-481e-bf53-545bbe984bfa,jpg
outfits/female/outfit_064/7b33387a-8192-4e11-8a26-517e12c7bd1d.jpg,outfit_064,female,t-shirt,casual,darkslategray with white logo,all-seasons,cotton,"This darkslategray women's t-shirt features a timeless design with a clean-cut v-neckline that enhances the classic silhouette. The white logo printed on the chest adds a subtle pop of contrast, making it both versatile and trendy. Made from soft cotton fabric, it offers comfort while maintaining durability. It pairs effortlessly with jeans, shorts, or skirts for casual everyday wear. Whether worn alone as a statement piece or layered under outerwear, this t-shirt elevates your outfit with its simple yet chic aesthetic.",,top,7b33387a-8192-4e11-8a26-517e12c7bd1d,jpg
outfits/female/outfit_064/dc219c2b-326e-4ee5-b480-66d3f6ff29be.jpg,outfit_064,female,skirt,classic,darkslategray with black and brown accents,all-seasons,woven fabric,"This darkslategray skirt features a classic black and brown plaid pattern that adds a sophisticated touch to any outfit. The skirt has functional buttons running down the front, offering both style and practicality. Its elegant silhouette falls just below the knee, creating a polished appearance suitable for various occasions. Pair it with a crisp button-down shirt and heels for a business-casual look, or layer it under a cardigan for a cozy autumn ensemble. Its neutral tones make it versatile enough to complement almost any top or jacket in your wardrobe.",,bottom,dc219c2b-326e-4ee5-b480-66d3f6ff29be,jpg
outfits/female/outfit_065/15560859-2aa6-4bd7-9e13-d1b57c4d4955.jpg,outfit_065,female,heel,classic,darkslategray with black accents,all-seasons,sued,"The darkslategray the black sued pointed heel is a timeless addition to any woman's wardrobe. Crafted from premium sued material, these shoes exude elegance and sophistication. The pointed toe adds a touch of femininity while the elevated heel offers comfort and support. The subtle combination of darkslategray and black enhances the overall style, making them versatile enough for both formal and semi-formal occasions. Pair these heels with a dressy suit for a polished look or with a statement skirt for a chic evening ensemble. Their classic design ensures they will remain in style year after year.",,footwear,15560859-2aa6-4bd7-9e13-d1b57c4d4955,jpg
outfits/female/outfit_065/6726fcdf-0f93-4665-a25f-47b67c56fad6.jpg,outfit_065,female,t-shirt,casual,gray,all-seasons,cotton,"This gray cropped t-shirt features a relaxed fit and a short cropped length that is perfect for layering under jackets or worn alone for a casual look. The soft cotton fabric provides comfort while maintaining durability. It has a simple design with no prints or embellishments, making it versatile enough to pair with various bottoms such as skinny jeans, shorts, or skirts. Its cropped style adds a modern touch to any outfit, creating a stylish yet effortless vibe. Pair it with high-waisted pants or a pencil skirt for a chic and feminine ensemble.",,top,6726fcdf-0f93-4665-a25f-47b67c56fad6,jpg
outfits/female/outfit_065/b24a4884-2e0d-4e7f-9fbb-860ee2a6eb47.jpg,outfit_065,female,jeans,casual,dark slategray with dark blue accents,all-seasons,denim,"These cropped jeans feature a dark slategray waistband and a deep dark blue denim fabric throughout the legs. The cropped length enhances a modern silhouette, sitting just above the ankle for a trendy and stylish look. With a classic five-pocket design, these jeans offer both comfort and versatility. They pair effortlessly with tees, tanks, or sweaters for a casual daytime outfit, while their slightly slim fit also works well for a more polished evening ensemble. For added style, consider pairing them with a graphic tee and chunky boots for a chic autumn-winter look.",,bottom,b24a4884-2e0d-4e7f-9fbb-860ee2a6eb47,jpg
outfits/female/outfit_066/45ec65f4-610e-4e64-9dc7-7f68a7878fa0.jpg,outfit_066,female,jeans,casual,darkslateblue,all-seasons,denim,"These darkslateblue ragged jeans exude a laid-back, effortlessly cool vibe. The jean features a distressed look with visible rips and tears along the hems and knees, adding character and personality. The denim fabric is soft and flexible, ensuring comfort throughout the day. The high waist design enhances the figure while maintaining a relaxed fit. These jeans pair perfectly with a simple white tee or a casual button-down shirt for a chic yet understated outfit. For a more polished look, combine them with a blazer and oxford shoes. Their versatile nature makes them suitable for both everyday wear and weekend activities.",,bottom,45ec65f4-610e-4e64-9dc7-7f68a7878fa0,jpg
outfits/female/outfit_066/b0862290-0017-424f-bf31-2e5ff8344551.jpg,outfit_066,female,jacket,classic,darkslategray with black accents,all-seasons,leather,"This darkslategray leather jacket features a timeless classic style with a single breast design that exudes sophistication and elegance. The deep gray hue provides a subtle yet striking appearance, while the smooth and supple texture of the high-quality leather adds luxurious comfort. Its understated look makes it versatile enough to complement both casual and formal ensembles. Pair it with skinny jeans and a simple tee for a chic daytime outfit, or wear it over a silk blouse and pencil skirt for a polished evening ensemble. The sleek lines and structured silhouette enhance the wearer's figure, creating a confident and sophisticated impression.",,outerwear,b0862290-0017-424f-bf31-2e5ff8344551,jpg
outfits/female/outfit_066/c9f7246a-ac0d-4a15-b556-74196cc585ba.jpg,outfit_066,female,shoes,classic,darkslategray with black accents,all-seasons,leather,"These elegant darkslategray high-heeled shoes feature a classic design with a single slender heel that adds just the right amount of sophistication and height. The matte finish of the leather gives them a timeless appearance, making them suitable for both formal and semi-formal occasions. With their understated yet sophisticated style, these shoes complement a variety of outfits perfectly—from office attire to evening events. Their versatile nature allows them to transition seamlessly from daytime to nighttime looks. Pair them with a sleek black dress for a chic evening look or wear them with tailored trousers and a crisp blouse for a polished business ensemble.",,footwear,c9f7246a-ac0d-4a15-b556-74196cc585ba,jpg
outfits/female/outfit_066/fe8925a2-19ec-415d-94fb-0cfcc3ad2d1a.jpg,outfit_066,female,shirt,casual,indianred with white logo,all-seasons,cotton,"This elegant Indian Red Shirt features a simple yet stylish design with a bold red and white logo prominently displayed on the chest. Made from high-quality cotton, it offers both comfort and durability. The casual style makes it perfect for everyday wear, whether you're heading to work, running errands, or simply relaxing at home. Its versatile nature allows it to blend effortlessly into various outfits, pairing well with skinny jeans, shorts, or even trousers. Pair it with a statement necklace or simple accessories to complete your look.",,top,fe8925a2-19ec-415d-94fb-0cfcc3ad2d1a,jpg
outfits/female/outfit_067/653ece47-ae1f-4325-9438-82ea972c42dd.jpg,outfit_067,female,jeans,casual,lightslategray,all-seasons,denim,"These lightslategray jeans have a classic straight-leg fit that skims the figure while maintaining comfort. The denim fabric offers flexibility and durability, making them suitable for everyday wear. With their understated gray hue, these jeans blend effortlessly into various outfits. They can be paired with a simple white tee for a casual look or dressed up with a button-down shirt and heels for a more polished vibe. Their subtle shade makes them versatile enough to be worn in both warm and cool weather, ensuring all-season appeal.",,bottom,653ece47-ae1f-4325-9438-82ea972c42dd,jpg
outfits/female/outfit_067/ad8b3ad1-1a97-4447-ac16-2cfbb628249b.jpg,outfit_067,female,ankle_boots,classic,darkslategray with black accents,all-seasons,leather,"These elegant darkslategray leather ankle boots feature a sophisticated design with a subtle black leather bow at the front. The boots have a classic shape, with a slightly pointed toe and medium heel that enhances both comfort and style. They offer exceptional durability due to their high-quality leather construction, which also adds a luxurious touch to any outfit. These boots are perfect for transitioning between seasons, from autumn evenings to winter walks. They pair effortlessly with dresses, skirts, pants, or trousers, creating a chic and polished look. Their understated yet sophisticated appearance makes them versatile enough to be worn in various contexts, whether for formal occasions or everyday wear.",,footwear,ad8b3ad1-1a97-4447-ac16-2cfbb628249b,jpg
outfits/female/outfit_067/f6835dcb-99b7-469b-9480-9aa1929ca439.jpg,outfit_067,female,jacket,casual,darkslategray with metallic effect,all-seasons,fabric with metallic finish,"This darkslategray cropped jacket features a modern and sleek design with a subtle metallic sheen that catches the light. Its cropped fit enhances the waistline, creating a streamlined look that is both chic and contemporary. The jacket's versatile style makes it suitable for casual evenings out, weekend getaways, or as a layering piece during transitional seasons. It pairs effortlessly with skinny jeans, midi skirts, or tailored trousers, offering endless possibilities for personal expression. The metallic effect adds a touch of sophistication while remaining approachable and easy-to-wear.",,outerwear,f6835dcb-99b7-469b-9480-9aa1929ca439,jpg
outfits/female/outfit_068/55fdcf9a-e657-4f09-a494-68875dd98147.jpg,outfit_068,female,heels,classic,tan with nude patent accents,all-seasons,leather and patent,"These tan pointed heels feature a classic design with a pointed toe and a sharp silhouette that adds sophistication to any outfit. The nude patent finish enhances their elegance while providing a touch of modern flair. They have a comfortable yet supportive heel that makes them versatile for both daytime and evening wear. These shoes pair effortlessly with dresses, skirts, or pants, creating a polished look suitable for business meetings, formal events, or even casual gatherings. Their smooth texture and refined detailing make them ideal for adding a touch of glamour to your wardrobe.",,footwear,55fdcf9a-e657-4f09-a494-68875dd98147,jpg
outfits/female/outfit_068/d72529ac-9559-4d75-a9cf-76662a124a87.jpg,outfit_068,female,jeans,casual,dark gray with blue distressing,all-seasons,denim,"These dimgray ragged jeans feature a classic fit with subtle distressing on the knees and thighs, giving them a lived-in look. The dark gray base color transitions seamlessly into patches of light blue, creating a vintage aesthetic. The jeans have a relaxed silhouette that skims the body without being too tight or loose, making them versatile for everyday wear. They pair well with simple tops like tees or blouses for a casual daytime outfit, while adding more style when paired with a crop top or oversized shirt for a nighttime ensemble. Their unique texture and worn appearance make them perfect for pairing with boots, sneakers, or ankle boots depending on the occasion.",,bottom,d72529ac-9559-4d75-a9cf-76662a124a87,jpg
outfits/female/outfit_068/e54ee34e-8475-4885-b89b-a03f209e8e12.jpg,outfit_068,female,sweater,casual,rosybrown with pink accents,all-seasons,knitwear,"This rosybrown sweater features a delicate feathered collar that adds a playful touch to its casual style. Made from soft and cozy knitwear, it provides comfort while maintaining a feminine appeal. The gentle shade of rosybrown complements both pastel and neutral tones, making it versatile for various occasions. Its relaxed fit allows for layering under jackets or pairing with skinny jeans and skirts for a chic look. Paired with bold accessories like statement earrings or chunky bracelets, this sweater elevates everyday outfits, creating a modern yet approachable vibe.",,top,e54ee34e-8475-4885-b89b-a03f209e8e12,jpg
outfits/female/outfit_069/69ce6be5-1087-445a-b1cb-e2f513bde327.jpg,outfit_069,female,sneakers,sport,darkgray with mesh details,all-seasons,mesh and synthetic materials,"These dark gray sporty sneakers feature a modern design with mesh panels that add breathability and texture. The clean lines and minimalist style make them versatile enough for everyday wear while still maintaining a chic and contemporary look. They have a sleek silhouette with contrasting mesh detailing on the sides and toe area, creating a dynamic play between solid and perforated surfaces. The rubber sole provides durability and traction, ensuring comfort during both casual walks and light exercise routines. These shoes pair effortlessly with jeans, shorts, skirts, and even dresses, offering endless styling possibilities. Whether you're hitting the gym, running errands, or simply stepping out for a casual date night, these sneakers deliver style and functionality in equal measure.",,footwear,69ce6be5-1087-445a-b1cb-e2f513bde327,jpg
outfits/female/outfit_069/c5e93f1d-c81f-4d08-a5a7-20e7716a701d.jpg,outfit_069,female,trousers,casual,dark gray,all-seasons,organic cotton,"These dark gray trousers feature a relaxed fit, making them perfect for everyday comfort. Crafted from high-quality organic cotton, they offer breathability and softness against the skin. The casual style allows for versatility in pairing with various tops and accessories. With their loose cut, these trousers create a laid-back yet sophisticated look suitable for both workweek casual wear and weekend relaxation. Their all-seasons suitability ensures year-round usage, whether paired with lightweight layers during spring and autumn or layered beneath warmer garments during winter.",,bottom,c5e93f1d-c81f-4d08-a5a7-20e7716a701d,jpg
outfits/female/outfit_070/aed5e962-76b4-461a-97c4-4fcd5e5f590e.jpg,outfit_070,female,jeans,casual,dark gray with blue distressing,all-seasons,denim,"These dimgray ragged jeans feature a dark gray base with subtle hints of blue that emerge through well-placed distressed areas. The jeans have a relaxed fit with a slightly flared leg and raw hems, showcasing the natural fraying at the bottom. The fabric is soft yet durable denim, offering comfort while maintaining structure. They pair effortlessly with a variety of tops, from graphic tees to casual button-down shirts, creating a laid-back yet stylish look. These jeans work perfectly for everyday wear, especially when paired with chunky boots during autumn or spring, or with flip-flops during summer. Their versatile nature makes them ideal for both causal weekend outings and casual weekdays.",,bottom,aed5e962-76b4-461a-97c4-4fcd5e5f590e,jpg
outfits/female/outfit_070/de43c6d9-2d4f-416c-820c-f31b4e2c1825.jpg,outfit_070,female,jacket,casual,tan and beige,autumn,leather,"This tan and beige bomber jacket features a sleek and contemporary design with clean lines and a modern aesthetic. Made from high-quality leather, it offers both style and durability. The jacket has a classic bomber silhouette with a streamlined fit that enhances its casual appeal. It includes two front zips for easy access and adjustable cuffs for a tailored look. Its warm tones complement various outfits, making it versatile enough for autumn outings. Pair it with skinny jeans and boots for a chic evening look, or wear it over a cozy sweater and leggings for a relaxed daytime ensemble.",,outerwear,de43c6d9-2d4f-416c-820c-f31b4e2c1825,jpg
outfits/female/outfit_070/e52088bc-fba8-4b2b-a5c4-5c3b1483d97f.jpg,outfit_070,female,ankle boots,classic,darkslategray with burgundy accents,all-seasons,leather,"These elegant darkslategray leather ankle boots feature a sophisticated burgundy row detail that adds flair and depth to their design. The classic silhouette complements both casual and formal outfits, making them versatile enough for everyday wear as well as special occasions. With its sleek texture and understated elegance, these boots create a polished impression while also offering comfort and support due to their sturdy construction. They pair beautifully with dark washes of jeans, skirts, trousers, or even dresses, providing an effortlessly chic look.",,footwear,e52088bc-fba8-4b2b-a5c4-5c3b1483d97f,jpg
outfits/female/outfit_070/fa6b5da4-bfef-4e4f-8b04-0e8a47f7347e.jpg,outfit_070,female,tank top,casual,white with silver detailing,all-seasons,"cotton, rib knit","This white tank top features a delicate silver rib knit detail along the edges, creating a subtle yet elegant touch. The lightweight cotton fabric ensures comfort throughout the day, making it perfect for casual wear during all seasons. Its simple yet stylish design pairs effortlessly with jeans, shorts, skirts, or even dresses for a versatile look. Whether worn alone under a cardigan or layered under a blazer, this tank top adds a chic finishing touch to any outfit.",,top,fa6b5da4-bfef-4e4f-8b04-0e8a47f7347e,jpg
outfits/female/outfit_071/232de2e4-e78f-4cfb-a1fd-0508c761229d.jpg,outfit_071,female,trousers,classic,darkslategray with black accents,all-seasons,wool blend,"These darkslategray cropped trousers exude sophistication and elegance with their classic style and refined silhouette. The cropped length adds a modern touch while maintaining the timeless appeal of tailored trousers. Made from a luxurious wool blend, these pants offer both comfort and durability, perfect for both formal and semi-formal occasions. Their dark gray shade pairs effortlessly with many outfits, creating a polished appearance whether worn with a crisp button-down shirt or a simple blouse. For a chic evening ensemble, pair them with a bold statement top and heeled sandals for a glamorous finish.",,bottom,232de2e4-e78f-4cfb-a1fd-0508c761229d,jpg
outfits/female/outfit_071/4f1eab39-a726-46e9-a6e1-8348f9bd34b9.jpg,outfit_071,female,boots,classic,darkslategray with black accents,all-seasons,leather,"These darkslategray leather boots feature luxurious black leather with elegant metal buckles running down the front. The classic design has a mid-calf height that offers both comfort and style. The smooth texture of the leather compliments the matte finish of the darkslategray hue, creating a sophisticated yet understated appearance. These boots are perfect for enhancing your winter outfits by adding depth and contrast through their rich color palette. They work seamlessly with dark trousers, skirts, or even jeans for a chic urban look. Pair them with a simple black dress for a nighttime event or dress them up further with statement jewelry for an evening party.",,footwear,4f1eab39-a726-46e9-a6e1-8348f9bd34b9,jpg
outfits/female/outfit_071/9ea47c08-54dd-455f-8222-985afb3c6f5c.jpg,outfit_071,female,jacket,classic,darkslategray with black accents,winter,down filled,"This darkslategray women's down jacket features a classic style that effortlessly transitions from daytime to evening wear. The dark gray exterior is both sophisticated and understated, showcasing the elegance of minimalist design. Accented by subtle black details such as the trim around the collar and cuffs, this piece exudes chic sophistication while remaining versatile enough for various occasions. A detachable belt adds a flattering touch, allowing you to create different looks depending on your mood or setting. Whether worn over a simple tee and skinny jeans for a casual outing or paired with a dressy top and leggings for a more formal event, this jacket offers maximum versatility. Its lightweight yet warm construction ensures comfort throughout cold weather, making it perfect for autumn and winter seasons.",,outerwear,9ea47c08-54dd-455f-8222-985afb3c6f5c,jpg
outfits/female/outfit_072/69a9bffc-1f09-43ac-89fe-99e0812feadb.jpg,outfit_072,female,boots,classic,darkslategray with black accents,all-seasons,leather,"These darkslategray leather Chelsea boots boast a timeless classic design that effortlessly elevates any outfit. With their sleek silhouette and smooth leather finish, these boots provide both comfort and style. The slight welt construction enhances durability while the subtle black row of stitching adds sophistication. They are perfect for transitioning from day to night—pair them with a casual dress for a chic evening look or dress them down with skinny jeans and a tee for a modern vibe. These boots create an impression of elegance and understated refinement, making them versatile enough to complement various wardrobes.",,footwear,69a9bffc-1f09-43ac-89fe-99e0812feadb,jpg
outfits/female/outfit_072/807fc2a6-27f1-4022-ba06-bec44da09610.jpg,outfit_072,female,jeans,casual,lightslategray with blue,all-seasons,denim,"These lightslategray ragged jeans feature a unique blend of colors that effortlessly combine grey and blue hues. The casual style presents a relaxed fit with a slightly distressed appearance, showcasing a raw hemming effect and subtle frayed edges along the bottoms. The texture of the denim offers a soft yet durable feel, while the unique shade gives a sophisticated touch to everyday looks. Perfect for pairing with a simple tee and ankle boots during autumn evenings or layering under a cozy sweater on chilly winter days.",,bottom,807fc2a6-27f1-4022-ba06-bec44da09610,jpg
outfits/female/outfit_072/a0bb10ff-7a9c-4126-9c55-4496bfaa0ca0.jpg,outfit_072,female,suit,classic,darkslategray with black accents,all-seasons,wool blend,"This elegant darkslategray suit features a classic design with a single button closure, showcasing sophisticated style and understated elegance. The suit's matte finish and smooth texture make it ideal for both formal occasions and professional settings. The deep shade of darkslategray adds sophistication while the subtle black accents enhance its versatility. Pair this suit with a crisp white button-down shirt and classic pumps for a polished business look, or opt for a bold scarf and heeled boots for a modern twist on the traditional ensemble.",,outerwear,a0bb10ff-7a9c-4126-9c55-4496bfaa0ca0,jpg
outfits/female/outfit_072/d0582900-5d61-405d-a42f-477f3ab94b7a.jpg,outfit_072,female,shirt,casual,white with silver and stripes,all-seasons,cotton,"This elegant silver-and-white striped shirt features a crisp cotton fabric that offers both comfort and sophistication. The subtle silver stripes add a touch of modern flair while maintaining a classic look. Its button-down collar and short sleeves create a versatile silhouette that complements various occasions. It pairs effortlessly with skinny jeans or trousers for a casual daytime ensemble, while also being appropriate for more formal settings when paired with slacks and heels. The white base provides versatility, allowing you to mix and match with a variety of bottoms and accessories.",,top,d0582900-5d61-405d-a42f-477f3ab94b7a,jpg
outfits/female/outfit_072/f02bc5cb-90bc-4bb3-b439-d0b53787e051.jpg,outfit_072,female,sweater,classic,beige with silver accents,all-seasons,knitwear,"This elegant beige sweater vest features a sophisticated v-neck design that accentuates the neckline and adds a touch of sophistication. The subtle silver accents provide a contemporary twist, making it versatile enough for both daytime and evening wear. Its lightweight yet cozy knit fabric ensures comfort throughout the year, whether worn in spring, summer, autumn, or winter. It pairs effortlessly with dresses, skirts, pants, or trousers, creating a chic and modern look. Ideal for layering under jackets or outerwear during cooler months, this sweater vest can also stand alone as a statement piece.",,top,f02bc5cb-90bc-4bb3-b439-d0b53787e051,jpg
outfits/female/outfit_073/13345f4f-d6b9-46fe-81b3-dbefea5cff96.jpg,outfit_073,female,loafer,classic,darkslategray with brown and black accents,all-seasons,leather,"This elegant darkslategray loafer features a subtle blend of earthy tones with touches of deep brown and sleek black accents on its sole. Crafted from premium leather, this shoe exudes sophistication and timeless style. Its classic design offers a refined silhouette that effortlessly complements both casual and formal outfits. The loafer's unique combination of neutral hues makes it versatile enough to pair with various ensembles, whether you're pairing it with a chic dress for a daytime event or teaming it with tailored trousers for a more sophisticated look. Its understated elegance allows it to fit seamlessly into your everyday rotation while also adding a touch of sophistication to your outfit.",,footwear,13345f4f-d6b9-46fe-81b3-dbefea5cff96,jpg
outfits/female/outfit_073/2aef5ad6-261b-4ca5-9e3d-5270b97e774f.jpg,outfit_073,female,pants,casual,darkslategray,all-seasons,denim,"These darkslategray denim pants offer a timeless and versatile style that can effortlessly transition from day-to-night looks. Crafted from durable denim fabric, these pants boast a relaxed fit with slight stretch for comfort and ease of movement. The classic indigo base color combined with subtle gray undertones gives them a sophisticated yet casual vibe perfect for everyday wear. Pair them with a simple white tee and sneakers for a chilled-out weekend outfit or mix things up by adding a bold top and ankle boots for a more polished ensemble. Their forgiving shape makes them suitable for both slim and curvy figures alike, offering an ideal balance between trendiness and practicality.",,bottom,2aef5ad6-261b-4ca5-9e3d-5270b97e774f,jpg
outfits/female/outfit_073/8e641a39-95a9-4905-b15d-25b8e4380264.jpg,outfit_073,female,sweater,classic,midnight blue with floral pattern,all-seasons,knitwear,"This midnight blue sweater showcases a delicate floral pattern that adds a touch of elegance and femininity. Made from high-quality knitwear, it boasts a soft texture that feels luxurious against the skin. The cut is tailored but relaxed, offering a modern silhouette that flatters various body types. Its versatile design makes it suitable for both casual and semi-formal occasions. Pair it with jeans for a chic daytime look or dress it up with a skirt and heels for a sophisticated evening ensemble. The floral print offers a subtle hint of whimsy, making it perfect for adding interest to your outfit while maintaining a polished appearance.",,top,8e641a39-95a9-4905-b15d-25b8e4380264,jpg
outfits/female/outfit_074/60c9cf7e-f00a-48fc-908d-4f6f485076ba.jpg,outfit_074,female,jacket,classic,dimgray with black and white floral print,all-seasons,blend,"This elegant dimgray jacket features a sophisticated black and white floral print that adds a touch of sophistication and femininity. The classic style lends itself well to both formal and casual occasions, making it versatile enough for everyday wear. With its fitted silhouette and smooth blend fabric, this jacket effortlessly transitions from daytime looks to evening ensembles. Its lightweight construction allows for year-round wearability while still providing warmth when needed. Paired with a chiffon blouse and skinny jeans for a modern office vibe, or layered over a simple shirt and high-waisted pants for a weekend brunch outfit, this piece enhances any ensemble with its timeless appeal.",,outerwear,60c9cf7e-f00a-48fc-908d-4f6f485076ba,jpg
outfits/female/outfit_074/ead99c83-aa07-44ad-a26a-355531883886.jpg,outfit_074,female,belt,classic,darkslategray with black and gold accents,all-seasons,leather,"This elegant darkslategray belt features a sleek design with a row of supple black leather slings that add texture and depth to its appearance. The focal point is a glittering gold buckle, adding a touch of sophistication and glamour. It exudes classic appeal and versatility, suitable for both formal and casual outfits. Its rich dark gray tone pairs effortlessly with various hues in your wardrobe, creating a polished look whether worn with pants, skirts, or dresses. Wear it as a statement piece to highlight your outfit's elegance or pair it subtly beneath clothing to accentuate your waistline.",,accessory,ead99c83-aa07-44ad-a26a-355531883886,jpg
outfits/female/outfit_074/eeb66d7d-5389-4268-9abd-6cc55af257f5.jpg,outfit_074,female,skirt,classic,dimgray with blue and red accents and floral pattern,all-seasons,cotton,"This elegant dimgray skirt features a charming blend of blue and red accents alongside a delicate floral pattern that adds sophistication and femininity. The classic style ensures versatility in both formal and casual settings. Its lightweight cotton fabric provides comfort while maintaining a refined appearance. The subtle yet vibrant floral design makes it an ideal choice for adding personality to your outfit. Pair it with a simple white blouse for a timeless look or dress it up further by incorporating bold accessories such as statement jewelry or a structured blazer. Whether worn during spring, summer, autumn, or winter, this skirt exudes grace and elegance.",,bottom,eeb66d7d-5389-4268-9abd-6cc55af257f5,jpg
outfits/female/outfit_075/1f1409f8-ee07-4f1a-8111-fb535394855d.jpg,outfit_075,female,jeans,casual,darkslategray with black,all-seasons,denim,"These darkslategray ragged jeans in black offer a unique fusion of style and comfort. Crafted from durable denim, they feature a slightly distressed look with subtle fraying around the hems and knees, adding a touch of edge and personality. The dark gray shade pairs effortlessly with both neutrals and bold hues, making them versatile for everyday wear. The classic straight leg fit allows for easy pairing with a variety of tops and shoes, whether it's a casual tee and sneakers or a more polished button-down shirt and booties. These jeans are perfect for creating a laid-back yet chic outfit that can transition seamlessly between daytime activities and evening events.",,bottom,1f1409f8-ee07-4f1a-8111-fb535394855d,jpg
outfits/female/outfit_075/31e339de-1d8b-4b90-98f0-e8c613fc1e38.jpg,outfit_075,female,jacket,classic,dark olive green with brown and red stripes,autumn,tweed,"This dark olive green tweed jacket features a charming blend of subtle brown and vibrant red tones, showcasing a bold yet sophisticated brown and red stripe pattern that adds depth and character. The classic style of this jacket offers a timeless appeal, perfect for both casual and semi-formal occasions. Its cozy yet refined texture makes it ideal for autumn evenings, offering warmth while maintaining elegance. Pair it with a simple white blouse and skinny jeans for a chic daytime look, or layer it over a cream-colored dress for a more formal event. Its versatility allows it to effortlessly transition between workdays and weekend outings, creating a versatile addition to any woman's wardrobe.",,outerwear,31e339de-1d8b-4b90-98f0-e8c613fc1e38,jpg
outfits/female/outfit_075/543e23ea-69f4-4da4-afba-2f4f2ee8ea39.jpg,outfit_075,female,ankle boots,classic,darkslategray with black details,all-seasons,leather,"These elegant darkslategray ankle boots feature a classic design that effortlessly transitions between daytime casual wear and evening events. The boots boast a sleek silhouette with a slightly pointed toe and a smooth, polished leather upper. A row of black leather trim adds sophistication and contrast against the deep darkslategray hue. These boots offer both comfort and style, making them perfect for pairing with skirts, dresses, or pants for a versatile look. Whether you're heading to work, attending a dinner party, or simply running errands around town, these boots create an impression of elegance and class.",,footwear,543e23ea-69f4-4da4-afba-2f4f2ee8ea39,jpg
outfits/female/outfit_075/dc5e9dcc-e7f1-444d-bf59-41a55fd1b071.jpg,outfit_075,female,t-shirt,casual,dark gray with white accents,all-seasons,cotton,"This dark gray t-shirt features a classic round neckline and short sleeves, offering a versatile and understated style. The subtle addition of white accents enhances its appeal, making it suitable for both casual and semi-formal occasions. Its lightweight cotton fabric ensures comfort throughout the day, while its simple design allows it to pair effortlessly with various bottoms such as jeans, skirts, or trousers. Whether worn alone or layered beneath outerwear, this t-shirt adds a modern touch to everyday looks.",,top,dc5e9dcc-e7f1-444d-bf59-41a55fd1b071,jpg
outfits/female/outfit_076/0555feff-3f48-4350-8cba-5c9dfb8580d6.jpg,outfit_076,female,trousers,casual,light gray with beige crop detail,all-seasons,cotton blend,"These light gray cropped trousers feature a subtle beige tone at the cuffs, creating an elegant and contemporary look. The cropped style emphasizes the legs while offering a modern flair. Made from a comfortable cotton blend fabric, these trousers provide both comfort and style. They pair effortlessly with a variety of tops, such as a blouse, tee, or cardigan, making them versatile for everyday wear. Whether worn casually with a simple tee and sneakers or dressed up with a blazer and heels, they add sophistication to any outfit. Their cropped length ensures a chic and trendy appearance.",,bottom,0555feff-3f48-4350-8cba-5c9dfb8580d6,jpg
outfits/female/outfit_076/4e985a17-dec0-446b-b372-f33b190cef90.jpg,outfit_076,female,pumps,classic,gray with nude accents,all-seasons,leather,"These elegant gray pumps feature subtle nude accents that add sophistication and versatility to your ensemble. Crafted from high-quality leather, they boast a classic pump design with a low heel that offers comfort while maintaining a polished appearance. The sleek silhouette and understated detailing make them perfect for both daytime events and evening occasions. These shoes pair effortlessly with dresses, skirts, pants, and even tailored suits, enhancing your overall look with their chic and timeless style.",,footwear,4e985a17-dec0-446b-b372-f33b190cef90,jpg
outfits/female/outfit_076/977e4190-dd1b-416a-8d37-73f40f8bd24a.jpg,outfit_076,female,jacket,classic,light gray with beige accents,all-seasons,cotton blend,"This light gray cropped jacket features subtle beige accents that add depth and texture to its design. Its classic style makes it versatile enough for both daytime and evening wear. The cropped length ensures a modern and chic fit, while the soft cotton blend fabric provides comfort and breathability throughout the day. Pair it with skinny jeans and heeled boots for a casual yet sophisticated look perfect for autumn evenings. Alternatively, dress it up by layering under a dressier top and pairing with high heels for a more formal occasion.",,outerwear,977e4190-dd1b-416a-8d37-73f40f8bd24a,jpg
outfits/female/outfit_077/13306c48-66db-4718-a232-fb78a5c71039.jpg,outfit_077,female,t-shirt,casual,darkslategray with white accents,all-seasons,knitwear,"This darkslategray ribbed knit top features a distinctive square neckline that exudes sophistication and elegance. The soft texture of the fabric enhances its comfort while maintaining a polished appearance. The contrasting white ribs add depth and visual interest, making it versatile enough for both casual and semi-formal occasions. Its stretchy fit ensures freedom of movement and ease of wear, perfect for layering under blazers or jackets during colder months. Pair it with skinny jeans or dress pants for a chic look, or opt for shorts and a high-waisted skirt for a relaxed vibe. Its timeless design makes it suitable for various seasons, from spring's lighter days to autumn's cooler evenings.",,top,13306c48-66db-4718-a232-fb78a5c71039,jpg
outfits/female/outfit_077/5187919b-7abc-4cf6-9ad6-25bcb8a7f50b.jpg,outfit_077,female,jeans,casual,lightslategray,all-seasons,denim,"These lightslategray jeans offer a casual yet sophisticated vibe with their understated elegance. Crafted from durable denim fabric, they boast a timeless straight-leg silhouette that enhances both comfort and style. The classic fit hugs the body while providing ample room in the thighs and hips, ensuring maximum mobility and flexibility throughout the day. Accented by subtle stitching details along the seams, these jeans are perfect for everyday wear and can effortlessly transition between casual outings and more relaxed work environments. Pair them with a simple top or layered look for a cohesive outfit that exudes effortless chic.",,bottom,5187919b-7abc-4cf6-9ad6-25bcb8a7f50b,jpg
outfits/female/outfit_077/76f30329-3c09-4f0d-ab50-44e192f37f73.jpg,outfit_077,female,shirt,casual,darkgray with denim,all-seasons,denim,"This dark gray denim shirt features a unique design with a large patch prominently displayed on the front. The patch adds an edgy touch while maintaining a casual vibe. Complementing the patch is a functional pocketed pocket that provides storage space for everyday essentials. Made from durable denim fabric, this shirt is suitable for various occasions throughout the year. Its casual style makes it versatile enough to pair with jeans, shorts, or even skirts for a chic look. Pair it with skinny jeans for a modern street style or dress it up with slacks for a more polished appearance.",,top,76f30329-3c09-4f0d-ab50-44e192f37f73,jpg
outfits/female/outfit_078/194e5c8a-a7ca-44a2-9581-0ec1fd65291c.jpg,outfit_078,female,ankle boots,classic,darkslategray with black accents,all-seasons,leather,"These darkslategray leather ankle boots feature a sleek and sophisticated design, offering both style and comfort. The boot features a classic pointed toe and a smooth leather upper that gives off a subtle sheen. The leather construction ensures durability and flexibility, making them perfect for everyday wear. Accented with contrasting black stitching along the edges, these boots add a touch of elegance to any outfit. They pair effortlessly with skirts, dresses, trousers, or even jeans, creating versatile looks suitable for work, casual outings, or special occasions. Their sturdy ankle support provides stability while enhancing your overall posture.",,footwear,194e5c8a-a7ca-44a2-9581-0ec1fd65291c,jpg
outfits/female/outfit_078/3b530646-820e-415f-90b7-83da5e69f33f.jpg,outfit_078,female,bodysuit,classic,black,all-seasons,spandex,"This sleek and sophisticated black bodysuit features a high-neck design that exudes elegance and refinement. Its short sleeves provide comfort while showcasing your arms in a stylish way. The bodysuit's smooth and stretchy fabric ensures a comfortable fit while maintaining its shape throughout the day. Perfect for both formal and casual occasions, this piece can be paired with various bottoms such as skirts, trousers, or dresses to create versatile looks. Whether worn alone under a jacket or layered under a sweater, this classic black bodysuit is a versatile addition to any woman's wardrobe.",,top,3b530646-820e-415f-90b7-83da5e69f33f,jpg
outfits/female/outfit_078/5035d57d-90aa-4836-ba65-66e3dcbbf064.jpg,outfit_078,female,jacket,classic,black,all-seasons,fabric,"This elegant black jacket features a sophisticated design with a subtle black bow adorning its front. The smooth fabric offers a luxurious feel while maintaining a classic appearance suitable for both daytime and evening occasions. Its timeless style makes it versatile enough to pair effortlessly with various outfits. Whether worn over a simple blouse and pants or paired with a chic dress, this jacket enhances your overall look with understated sophistication. Its classy demeanor pairs well with tailored trousers, skirts, or even jeans for a modern take on smart casual dressing.",,outerwear,5035d57d-90aa-4836-ba65-66e3dcbbf064,jpg
outfits/female/outfit_078/580a6df4-3fb2-4ced-b0a7-6ee50982a7d4.jpg,outfit_078,female,jeans,casual,lightslategray,all-seasons,denim,"These lightslategray jeans feature a relaxed fit and a modern straight leg design, providing comfort while maintaining style. The fabric is made from high-quality denim that offers durability and flexibility. A black belt adds a sophisticated touch, enhancing the overall look and creating a polished casual vibe. These jeans are perfect for everyday wear, pairing well with a variety of tops such as tees, blouses, or graphic shirts. They also work great in transitioning between seasons due to their all-seasons appeal.",,bottom,580a6df4-3fb2-4ced-b0a7-6ee50982a7d4,jpg
outfits/female/outfit_079/1126f779-7727-4f66-a829-ad677e344ada.jpg,outfit_079,female,tank top,casual,black,all-seasons,polyester,"This black balia women's tank top features a comfortable and lightweight design made from high-quality polyester fabric. It has a simple yet elegant silhouette that follows the natural lines of the body, offering a flattering fit. The tank top's minimalist aesthetic makes it versatile enough to pair with various bottoms such as jeans, shorts, skirts, or leggings. Its sleek black color adds sophistication while remaining neutral enough to match with almost any outfit in your wardrobe. Whether you're looking for something casual for everyday wear or want to dress up for a more relaxed occasion, this tank top provides comfort and style all year round.",,top,1126f779-7727-4f66-a829-ad677e344ada,jpg
outfits/female/outfit_079/5851558e-0934-442f-b50d-5c74e8d0ffc2.jpg,outfit_079,female,skirt,classic,darkslategray,all-seasons,woven fabric,"This darkslategray skirt features a pleated waistband that adds volume and texture, enhancing its classic appeal. The subtlety of the pleats allows for easy layering under jackets or sweaters while maintaining elegance. A button closure at the front provides convenience and versatility in styling options. The soft woven fabric offers comfort and durability, making it suitable for both formal and casual occasions. Pair this skirt with a crisp white blouse for a polished look or style it with a bold top for a more playful vibe. Its timeless design ensures it will remain a staple in your wardrobe.",,bottom,5851558e-0934-442f-b50d-5c74e8d0ffc2,jpg
outfits/female/outfit_079/92882d2c-3b44-44e3-b19f-23f95be41b62.jpg,outfit_079,female,jacket,classic,darkslategray with black accents,all-seasons,wool blend,"This elegant darkslategray blazer jacket exudes sophistication and understated chic. Crafted from a luxurious wool blend, it features a sleek, tailored fit that hugs the body gently while maintaining a flattering silhouette. The jacket boasts a timeless classic style, offering versatility for various occasions. Its slightly structured shoulders add definition, while the elongated lapels accentuate its polished appearance. A single button closure further enhances its traditional charm. Paired with a crisp white shirt, dark pants, and high-heeled shoes, this jacket effortlessly transitions from office attire to after-work social events. It also pairs well with casual ensembles like skinny jeans and a striped tee for a more relaxed yet refined look.",,outerwear,92882d2c-3b44-44e3-b19f-23f95be41b62,jpg
outfits/female/outfit_079/b539feee-4d8f-4f12-9465-93b61fc02c79.jpg,outfit_079,female,heels,classic,darkslategray with black accents,all-seasons,leather,"These darkslategray pointed-toe heels feature a sleek and sophisticated design with a subtle row of contrasting black leather on the upper part. The pointed toe enhances femininity while maintaining a modern edge. Crafted from high-quality leather, these shoes offer comfort and durability. Ideal for both daytime and evening events, they pair effortlessly with skirts, dresses, trousers, or even tailored pants for a chic and polished look. These heels create an impression of elegance and sophistication, making them perfect for office wear, special occasions, or casual outings.",,footwear,b539feee-4d8f-4f12-9465-93b61fc02c79,jpg
outfits/female/outfit_080/13306c48-66db-4718-a232-fb78a5c71039.jpg,outfit_080,female,t-shirt,casual,darkslategray with white accents,all-seasons,knitwear,"This darkslategray ribbed knit top features a charming square neckline that adds sophistication to its casual appeal. The subtle combination of dark gray and white gives it a chic, understated look suitable for everyday wear. Made from soft and stretchy knit fabric, it offers comfort while maintaining shape. Its versatile design makes it perfect for layering under jackets during cooler months or pairing with high-waisted pants or skirts in warmer weather. Paired with skinny jeans and chunky boots, it exudes effortless style; alternatively, it looks elegant when paired with pencil skirts and pumps for a more polished vibe.",,top,13306c48-66db-4718-a232-fb78a5c71039,jpg
outfits/female/outfit_080/653639dc-93fd-4375-8015-7e2d19d4fb51.jpg,outfit_080,female,pants,classic,darkslategray with black accents,all-seasons,wool blend,"These darkslategray wool blend pants feature a classic style that exudes sophistication and elegance. The sleek and straight-cut silhouette provides a timeless look, perfect for both formal and casual occasions. Paired with a black belt, these pants create a chic and polished appearance. They are versatile enough to pair with a blazer for a business-appropriate outfit or worn casually with a simple top and flat shoes. The texture of the wool blend adds warmth and comfort, making them suitable for various seasons. These pants also boast a flattering fit, ensuring they hug the body without being too tight, offering maximum comfort throughout the day.",,bottom,653639dc-93fd-4375-8015-7e2d19d4fb51,jpg
outfits/female/outfit_080/714db534-d08c-43fe-a9e0-12fcee434e25.jpg,outfit_080,female,pump,classic,darkolivegreen with dark brown details,all-seasons,leather,"This elegant dark olive green pump showcases sophisticated undertones that complement both formal and casual ensembles. Crafted from high-quality leather, it features a classic pointed toe and a medium heel height that offers comfort while maintaining a chic appearance. The subtle dark brown detailing adds a touch of sophistication and versatility, making it suitable for various occasions. It pairs effortlessly with dresses, skirts, pants, and trousers, creating a polished look. Whether you're attending a business meeting, a special event, or simply stepping out for dinner, these pumps enhance your outfit with their timeless style and refined design.",,footwear,714db534-d08c-43fe-a9e0-12fcee434e25,jpg
outfits/female/outfit_080/b80716a4-de00-4ec3-ac50-7c5cfab0633e.jpg,outfit_080,female,jacket,classic,darkslategray with black and white,all-seasons,fabric,"This darkslategray jacket features a subtle yet sophisticated blend of black and white accents, showcasing its elegant design. The jacket has a classic style with a collar that exudes understated sophistication. It boasts a well-tailored fit, offering both comfort and flattering lines. The black collar adds depth and contrast, making it versatile enough for various occasions. This piece can be paired with either formal or casual outfits, providing versatility in any setting. Whether worn over a chic dress for a night out or layered with a sweater on cooler days, this jacket is perfect for creating polished looks that demand attention.",,outerwear,b80716a4-de00-4ec3-ac50-7c5cfab0633e,jpg
outfits/female/outfit_081/4942f31d-6dac-4cbf-b5f4-7ab58832a406.jpg,outfit_081,female,dress,casual,white with silver and cow print on the back,all-seasons,polyester,"This elegant yet casual dress features a sophisticated white base with subtle silver undertones. The highlight is its unique cow print design that graces the back, adding a playful and whimsical touch. Made from durable polyester fabric, this dress offers both comfort and style. It has a flowing silhouette, allowing for easy movement while maintaining a flattering fit. Perfect for casual events such as picnics, lunches, or informal gatherings, this dress pairs well with accessories like silver jewelry, pastel scarves, or neutral shoes. Its versatile nature makes it suitable for various occasions throughout the year.",,dress,4942f31d-6dac-4cbf-b5f4-7ab58832a406,jpg
outfits/female/outfit_081/812b4695-d6da-4d3a-ad7a-ac21e1e3c9a5.jpg,outfit_081,female,mules,classic,tan with white accents,all-seasons,leather,"These tan leather mules with a white row detail along the toe are perfect for achieving a sophisticated and elegant look. The classic design features a closed-toe style with a slender heel that adds height while maintaining comfort. The soft leather material ensures that these shoes will mold to your feet over time, providing exceptional fit and support. With their understated yet chic appearance, they pair effortlessly with both casual and formal ensembles. These mules can be worn with dresses, skirts, pants, or even shorts to create versatile outfits suitable for various occasions. Whether you're attending a business meeting, going out for dinner, or simply running errands around town, these tan and white mules will elevate your outfit and make a statement.",,footwear,812b4695-d6da-4d3a-ad7a-ac21e1e3c9a5,jpg
outfits/female/outfit_082/9b018a3b-14a0-435c-b367-05cf5e511e95.jpg,outfit_082,female,dress,casual,darkslategray with black and white polka prints,all-seasons,polyester,"This darkslategray dress features a charming blend of black and white polka dots, with a prominent white polka print design prominently displayed on the front. The silhouette is modest yet flattering, offering a classic fit that enhances both femininity and comfort. The polyester fabric ensures ease of movement while maintaining its shape throughout wear. Perfect for casual occasions such as brunch dates, casual gatherings, or even light office environments where a more relaxed vibe is desired. Pair it with neutral tones like cream or khaki accessories to complement the polka pattern, or opt for bold jewelry pieces in gold or silver to add contrasting sparkle. Its versatile nature makes it suitable for various settings, from spring walks under blooming trees to autumn afternoons filled with cozy warmth.",,dress,9b018a3b-14a0-435c-b367-05cf5e511e95,jpg
outfits/female/outfit_082/e468b344-f3a4-4710-9d44-10a9be1497f1.jpg,outfit_082,female,handbag,classic,darkslategray with black accents,all-seasons,leather,"This elegant darkslategray handbag with subtle black accents exudes sophistication and understated chic. Crafted from high-quality leather, it boasts a classic sling style that effortlessly transitions between casual and formal occasions. The sleek silhouette enhances its timeless appeal, making it an essential accessory for any woman's wardrobe. Its adjustable strap allows for versatile wear—whether slung over one shoulder or carried by hand. Perfectly complementing both smart ensembles and relaxed looks, this bag pairs seamlessly with various outfits, offering functionality while showcasing your personal style.",,accessory,e468b344-f3a4-4710-9d44-10a9be1497f1,jpg
outfits/female/outfit_083/465caf96-a404-4e83-8608-c289317d0d8a.jpg,outfit_083,female,sandals,classic,dimgray with black accents,all-seasons,leather,"These elegant dimgray leather sandals feature a classic design with a simple yet sophisticated look. The sandals boast a single strap that wraps around the ankle, providing secure and comfortable fit. Made from high-quality leather, these shoes exude a timeless appeal and luxurious feel. Perfect for both casual and formal occasions, they can easily transition between daytime and evening wear. Pair them with a flowing maxi dress for a chic summer look or opt for a sleek cocktail dress during the colder months. These sandals create an impression of elegance and sophistication while remaining versatile enough to complement various outfits.",,footwear,465caf96-a404-4e83-8608-c289317d0d8a,jpg
outfits/female/outfit_083/666fdae8-e9e7-4e4c-8b4c-e6dbc4f8a811.jpg,outfit_083,female,dress,classic,darkslategray with white polka dots,all-seasons,fabric,"This elegant darkslategray dress features charming white polka dot accents, creating a timeless classic look that exudes sophistication and understated elegance. The smooth fabric flows gracefully around the body, offering a flattering fit and silhouette. Its subtle polka design adds playful touches while maintaining a refined appearance suitable for both formal and semi-formal occasions. Perfect for special events such as weddings, galas, or even dinner parties, this versatile piece can also be worn for more casual yet sophisticated settings like business lunches or social gatherings. Pair it with heels or flats for a polished finish, and consider accessorizing with silver jewelry or a clutch bag to enhance its charm.",,dress,666fdae8-e9e7-4e4c-8b4c-e6dbc4f8a811,jpg
outfits/female/outfit_027/9b11a94f-2faa-425a-b510-55296ea57c35.jpg,outfit_027,female,turtle-neck-sweater,classic,rosybrown,all-seasons,wool-blend,"This rosybrown turtle-neck sweater features a timeless classic design that effortlessly transitions from day to night. The warm brown shade complements various skin tones while adding sophistication to any outfit. Crafted from a luxurious wool blend, it offers exceptional comfort and durability throughout the year. Its smooth texture and sleek finish make it perfect for layering under jackets or dresses during autumn and winter months. Pair it with skinny jeans or tailored trousers for a chic office look, or opt for leggings and boots for a cozy weekend ensemble. This versatile piece is ideal for both formal and casual occasions, offering versatility and style.",,top,9b11a94f-2faa-425a-b510-55296ea57c35,jpg
outfits/female/outfit_056/613763cd-8b22-4357-94e7-a6577fd1ff04.jpg,outfit_056,female,tank top,casual,gray with white accents,all-seasons,ribbon knit,"This gray tank top features a unique design with subtle white ribbed knits that add texture and style. The soft ribbon knit fabric provides comfort while offering a slightly fitted silhouette that showcases the body's curves. The simple yet chic design makes it versatile enough for everyday wear, whether paired with jeans for a casual look or dressed up with slacks for a more polished appearance. Its lightweight nature allows it to be worn year-round, making it ideal for spring, summer, autumn, and even winter when layered under jackets or sweaters.",,top,613763cd-8b22-4357-94e7-a6577fd1ff04,jpg
outfits/female/outfit_069/f6bac09c-d720-4b22-b113-f17db5183fc6.jpg,outfit_069,female,hoodie,casual,light blue with silver and white,all-seasons,cotton or cotton blend,"This charming light blue hoodie features a subtle silver hue that adds sophistication while maintaining a casual vibe. The white logo prominently displayed on the front enhances its stylish appeal. Made from soft cotton or cotton blend fabric, this piece offers comfort and breathability suitable for everyday wear. Its cozy hood and slightly oversized fit make it ideal for layering under jackets during cooler months or pairing with jeans and shorts in warmer weather. Pair it with skinny jeans, leggings, or boyfriend jeans for a chic look. For a more playful touch, team it with printed skirts or dresses for a modern twist.",,outerwear,f6bac09c-d720-4b22-b113-f17db5183fc6,jpg
outfits/female/outfit_014/b013a4b4-40e4-49a8-b63c-3d7397486f9f.jpg,outfit_014,female,blouse,classic,light gray,all-seasons,cotton,"This light gray cotton blouse features a classic design with a subtle texture that enhances its sophistication. The cut is tailored, offering a refined silhouette that flatters various body types. It has a simple yet elegant collar and button closure, making it versatile enough for both daytime and evening wear. Its neutral shade allows easy pairing with a variety of bottoms such as skirts, pants, or dresses. Ideal for work environments requiring modesty and refinement, this blouse also pairs well with formal or casual accessories, creating a polished look suitable for many occasions.",,top,b013a4b4-40e4-49a8-b63c-3d7397486f9f,jpg
outfits/female/outfit_027/3496fde2-5add-450f-a76f-35deb07d37a6.jpg,outfit_027,female,jacket,classic,darkslategray with green accents,autumn,wool blend,"This darkslategray-green jacket features a classic style with sophisticated elegance. It boasts a smart tailored fit that enhances your figure while providing comfort and warmth. The jacket's buttons run down the front, offering a traditional touch. Its subtle green accents add a modern twist, making it versatile enough for both formal and casual occasions. The wool blend material ensures it's perfect for autumn weather, keeping you cozy and stylish. Pair this jacket with skinny jeans and pointed-toe pumps for a chic business look, or wear it over a flowy dress for a more relaxed vibe.",,outerwear,3496fde2-5add-450f-a76f-35deb07d37a6,jpg
outfits/male/outfit_035/397b9304-63f4-4c58-914d-725b1b1b2433.jpg,outfit_035,male,crop top,casual,white with silver accents,all-seasons,polyester,"This silver-the-white crop top features a sleek and modern design with a cropped fit that stops just above the navel, offering a flattering and trendy look. The short sleeves provide comfort while keeping you cool in warmer weather, and the round neckline adds a touch of sophistication. Made from lightweight polyester fabric, this crop top is both breathable and durable, ensuring maximum comfort during daily wear. Its versatile style makes it perfect for casual outings, nighttime events, or even as part of a business-casual ensemble. Pair it with skinny jeans, chinos, or shorts for a fresh and stylish outfit. The subtle silver accents add a touch of elegance, making it suitable for both day-to-day activities and special occasions.",,top,397b9304-63f4-4c58-914d-725b1b1b2433,jpg
